word,translation,tag
of the order of,"大约, 约等于",
of the name of,名叫...,
of family,出身门第高的,
out of,"在...外, 离开..., 从...里面, 出于, 由于, 因为, 缺乏, 没有, 放弃, 丧失",
out of sight of,在不能看见...的地方,
as of,"在…时候,从…时候起,到…时候止,直到…",
make of,"用...制造, 了解, 对待",
off of,从,
of value,有用的,
of type,类型的,
method of of averages,平均法,
of right,"使恢复正常, 校正, 纠正",
free of,"无...的, 在...外面",
of oneself,"自动地, 自发地",
balance of,当付款项,
of base,"没有根据的,捏造的,与事实不符",
back of,在…后面;在…以前;是…的起因,
of all,在所有的之中,
all of,实足,
give of,"奉献, 贡献",
of record,有案可查的,
list of of property,财产目录,
of name,有名的,
full of,充满; 牣; 尽是,
come of,"出身于, 由...引起",
one of,其中之一,
short of,"缺乏, 达不到, 除...以外",
ratio of of depreciation,折旧率,
list of of prices,"价格表, 价目表定价",
action of of detine,收回被非法占有动产的诉讼,
list of of quotation,"估价目录, 行情表",
list of of shareholders,股东名单,
break of,v. 放弃,
discharge of,卸下,
turn of,从…撵出去,
of note,"著名的, 显要的",
part of,部分,
demand of,要求,
of old,"古时的, 从前的, 很久以前的, 以往的, 从前, 很久前, 早就",
of use,有用,
clear of,"畅通的,无阻的;清除了…的;无,没有",
die of,"死于…,因…而死",
sort of,有几分地,
of sort,不怎么样的,
strip of,"剥夺,搬掉",
of import,的进口,
care of,由...转交\n 转交,
independent of,"独立于...的, 不受...支配的",
of age,"成年, 够岁数了",
of course,当然,
of moment,"a. 重要的, 有意义的",
talk of,"谈到, 说到, 说及",
read of,"读知, 阅悉",
along of,因为,
much of,"许多,很多",
summary of,摘要信息,
write of,写\n记述,
think of,"考虑, 关心, 想起, 记起, 想像, 有...的看法",
of purpose,有意地,
judge of,评价,
outside of,"在...的外面, 超出...的范围, 除了...之外",
exclusive of,"除...外, 不包括",
know of,"知道,了解,听说过…",
lot of,"大量的,很多的",
speak of,"谈到..., 论及...",
of worth,有价值,
of any,在所有的...当中,
say of,"说到,谈及",
sick of,"厌倦了, 厌烦了",
what of,"...的情况怎样, ...有什么重要性",
inside of,在...之内,
permit of,"允许, 容许有",
of choice,"精选的, 特别的, 自择的",
of taste,"风雅的,有味道的,有趣的",
taste of,"有...味道, 体验, 吃一点...",
kind of,"<口>稍微, 有点儿, 有几分",
of late,最近,
revocation of of patent,撤销专利权,
something of,"在某种意义上, 在某种程度上",
ahead of,在…之前,
made of,把...培养成,
tell of,讲述,
aside of,在…旁边,
eat of,"吃...中的一部分, 吃一些...",
of intent,"有意地,故意地,蓄意地",
most of,"大多数,大部分",
tire of,厌烦,
void of,"没有,缺乏…",
numbers of,一些，若干，许多,
fail of,"不能获得,达不到,缺乏…",
of pus,排脓法,
each of,每个,
of necessity,必然地,
speaking of,谈起，提到,
south of,在…的南面,
of malice,出于恶意,
accept of,v. 承兑,
sing of,歌颂,
none of,千万别…,
dream of,"梦见,梦想,向往,渴望",
hear of,听说,
smell of,有...的气味,
establishment of,"开证, 开立信用状",
of reputation,"着名的,享有盛名的,遐迩闻名的",
of itself,"自动地,自行地,自然而然地",
waves of,潮水般的,
scent of,"发出...的气味, 有...的迹象",
become of,"发生, 结果是",
treat of,"论及, 涉及",
upward of,"多于, 超过",
of kin,近亲的,
lack of,缺乏,
of publication,停止发行,
talking of,谈到,
west of,在...以西,
shy of,尚缺,
bits of,少量的;小块小片的,
stink of,发恶臭,
quantities of,"大量的,许多…",
anything of,一点儿,
purge of,"清除, 清洗",
suspect of,怀疑,
lots of,"许多的..., 大量的...",
tired of,厌烦,
learn of,"听说..., 获悉...",
of repute,"大名鼎鼎的,着名的,享有盛名的,遐迩闻名的",
smack of,"有…的味道,有点像…",
remain of,由…遗留下来,
scores of,大量的,
allow of,容许,
thousands of,"成千上万,数千,许许多多",
patient of,"能忍受的, 容许...意义的",
admit of,"承认,坦白",
plenty of,许多的,
fond of,喜爱,
neither of,没有一个,
inclusive of,"把…包括在内, 包含",
despair of,对…感到绝望,
rid of,"除去, 摆脱",
of vantage,"有利的,佔优势的",
proud of,为…而感到骄傲,
worthy of,值得…的,
alongside of,"在旁边, 与...并肩",
mountains of,"大堆大堆的,大量的…",
of sorts,各种各样的,
of avail,"有用,有效,有帮助",
inform of,将…告知（某人）,
avail of,v. 利用,
relieve of,"解除, 消除",
possess of,"v. 佔有,拥有",
masses of,"大量的,众多的",
perish of,因…而死,
heard of,听说,
traces of,"微量的…,…的痕蹟",
astern of,在…后面,
warn of,"警告…,有…危险",
shades of,令人想起…的；影片名称,
weary of,厌烦,
approve of,"赞成,批准…",
accuse of,指责，控告,
rob of,抢劫,
demonstrative of,"证明的, 论证的, 令人信服的",
consist of,由...组成,
capable of,有…能力（或技能）的，能…的,
afoul of,"碰撞, 同某物撞在一起；和某人发生冲突",
reek of,发臭气,
require of,对…的要求,
afraid of,害怕,
upwards of,"...以上, 多于...",
barren of,a. 没有…的,
complain of,"抱怨, 抗议",
bereave of,v. 使丧失,
sicken of,"厌恶, 厌倦",
dispose of,"处理, 安排, 转让, 卖掉, 除掉, 吃光, 解决",
aware of,意识到，知道,
millions of,"成千上万的..., 无数的...",
beware of,"谨访,当心",
tens of hundreds of,"数千的,成百上千",
irrespective of,"不顾,不论,不分,不考虑",
acres of,"大量,许多",
heaps of,"大堆大堆的,大量的,许多…",
participate of,"带有, 含有",
convince of,使（某人）认识到， 相信…,
dozens of,"几十个,数十个;许多…",
composed of,由…组成,
hundreds of,"几百..., 许许多多...",
loads of,"大量, 许多",
brag of,"夸耀,吹嘘",
bags of,"大量的,充足的",
of yore,"从前, 往昔",
partake of,"吃, 喝, 带有",
deprive of,剥夺,
apropos of,"关于, 至于",
of corse,当然,
pall of,v. 厌倦,
scraps of,"一点点,零零碎碎的…",
despite of,不管， 尽管， 任凭,
hosts of,"许多,大群大群的…",
deplete of,"弄空, 耗尽",
devoid of,aaj.缺乏的。没有的,
oceans of,"大量的,许多的…",
oust of,剥夺,
disarm of,缴械,
regardless of,"不注意, 不关心",
independently of,独立于...之外,
stretches of,"大片的,绵延不断的",
remind of,"提醒, 使记起",
boast of,吹嘘;引以自豪地拥有,
because of,因为,
subfolder of,子文件夹,
unworthy of,不值得,
repent of,后悔,
instead of,代替,
disapprove of,"不赞成,不同意",
undreamt of,adj. 梦想不到的,
inshore of,比...靠近海岸,
flappong of,波动,
unheard of,a. 没发生过的; 令人震惊的；前所未有的,
undreamed of,"a. 梦想不到的, 意外的",
connotative of,内涵,
bethink of,v. 想到,
somewhat of,"有些,相当",
stacks of,"一大堆,许多,大量",
conceive of,想象,
out of the pale of,超出…界限,
of the time,"当时的, 当代的",
object of the of ownership,所有权客体,
the number of,…的数目,
a line of,"一行,一列,一排",
of the surface,"表面上, 外表上",
of the day,当时的,
the sort of,那种,
the bulk of,"大半,大多数,大部分",
of the moment,此刻,
the rest of,"其余的,剩下的",
a type of,"一种,一类",
a power of,"极大的,很多",
the pick of,"精华, 最好的部分",
the majority of,大多数...,
of the rank,头等的,
a set of,"一组,一套,一副,一批,一连串",
of the essence,"绝对需要的, 不可缺少的, 极重要的",
a number of,许多的,
the likes of,<口>像…这样的人,
a stock of,"储存的,一批",
a group of,"一组,一队,一群,一伙,一批…",
a load of,"大量, 许多",
a wave of,"蜂拥而至的,拥挤的一批",
a bank of,"一堆,一层…",
a sheet of,"一片,一块,一张,一层",
of a day,短命的,
a period of,阵子,
a band of,"一群,一伙,一队…",
a bar of,"一条,一块…",
a mass of,"一块,一团,大量的",
a total of,"总计为,总共…",
a sequence of,"一个…的序列,一系列…",
a range of,一系列; 一些; 一套,
a bit of,一点,
a layer of,一层…,
a fund of,"丰富的,大量的,富于…",
a drop of,一滴…,
a maximum of,"至多,最多",
a minimum of,"至少,最少,最起码",
a series of,"一系列..., 一批...",
a spot of,a. 少量的,
a length of,一段,
of a size,"同样尺码的,一样大小的",
a part of,部分,
a string of,n. 一串的，一系列，一批; 一连串,
a roll of,一卷,
in control of,控制住,
a world of,"很多,大量",
a game of,"一场,一盘,一局",
of a night,经常在晚上,
a queue of,"一队,一行,一长列…",
of a sort,"同一类的, 较差的",
a sort of,"一种,某种,勉强称得上的…",
a quantity of,"一些,若干",
a collection of,"一批,一组",
a packet of,"一盒…,一捆…,一包…",
a strip of,"一条,狭长的一块",
a matter of,"...左右, ...上下, 只是...的问题而已, 只需, 大约",
a measure of,一定程度的,
a piece of,"一块..., 一片...",
of a piece,"一致的, 与...同类的",
a battery of,"一连串的,一系列的…",
a amount of,大量的,
a strain of,"一点点,有点,些许…",
a package of,一包…,
a suit of,"一套,一副",
a mountain of,"山一样的一大堆,大量的…",
a particle of,"一点点,少量的…",
a cup of,一杯…,
a train of,一连串,
a pair of,"一对..., 一付...",
a grain of,"一粒…,一颗…",
a cake of,一块…,
a host of,"许多,一大群",
a pack of,"一盒,一包;一伙…,一群…",
a stream of,一连串的...,
a coat of,一层,
a row of,"一排,一行",
of a mind,"一条心,一心一意,同心协力",
a dose of,"一剂,一服",
a ray of,"一线…,一丝…,少量…",
a blade of,一片,
a spark of,"一点儿,丝毫",
a barrel of,"一桶,许多,大量",
a storm of,"暴风雨般的,勐烈的一阵",
a lot of,许多的,
a patch of,"一块,一片",
a majority of,"大部分,大多数",
a score of,"二十,几十,许多…",
a fraction of,一小部分的,
a quarter of,四分之一的,
a slice of,"一片,一小块,一部分",
a blanket of,厚厚的一层…,
a cluster of,"一簇,一丛,一群",
a choice of,各种各样可供选择的…,
a plot of,一块,
a succession of,"一系列,一连串,接连不断的",
of a truth,"事实上, 的确",
a gang of,"一伙,一帮,一群",
of a kind,"同一类的, 蹩脚的",
a kind of,"一种,一类",
a devil of,"极端的,可观的,大量的…",
a team of,"一队,一组…",
a pile of,"一堆,一垛…",
of a morning,往往在早上,
a hell of,"极度的,糟透了的,好极了的…",
something of a,"有…的味道,有点像…",
a species of,"一种,一类",
a crop of,"一批,一群,一大堆",
a streak of,"一道,一条,一系列,一点点,些许…",
a surge of,"汹涌澎湃的,高涨的",
a wealth of,"丰富的,大量的…",
a heap of,"一大堆,许多…",
a colony of,一群,
a span of,一段…,
a couple of,"一对..., 三两个...",
a pinch of,"一小撮…,微量的…",
a portion of,"一部分的…;一份,一客",
a rainbow of,"各种各样的..., 五颜六色的...",
a shade of,"些许,少许的…",
a few of,"少数, 几个,一些",
of a sudden,突然,
a decade of,"十个,十条,十件…",
a flood of,"一大片,一大批",
a crowd of,一群,
a nest of,"一窝…,一套…",
a lack of,缺乏，缺少,
a variety of,"各种各样的..., 种种...",
a herd of,一群,
a troop of,"一群,许多",
a flock of,一群,
a muster of,"一群…,一批…,一大堆…",
a plenty of,大量；许多,
a swarm of,"一大群,蜂拥而至的",
a mug of,一大杯…,
of a surety,"的确, 肯定地",
a dab of,"一点,些许,少量",
a conglomerate of,"一团,一群,一伙",
a bunch of,"一束,一串,一群",
a barrage of,"接二连三的,连珠砲似的…",
a peck of,"很多,大量的",
a bouquet of,一束,
a hint of,"一点…,一丝…",
a galaxy of,一群,
a pail of,一桶…,
a multitude of,"大批的,大量的,许许多多的…",
a profusion of,"很多,大量",
a battalion of,一大队,
a handful of,"一小撮,少数",
in time of,在…时候,
in order of,按...的次序,
of and on,"偶而,有时",
in point of,"关于, 就...而言",
in the control of,"由...控制, 由...管理, 由...负责",
in right of,凭...权力,
in memory of,纪念...,
in light of,"按照, 根据",
control of source of supply,供给来源的控制(管理),
in charge of,"负责..., 管理..., 主管..., 掌管..., 看管..., 在...掌管/看管之下",
statement of cost of production,生产成本表,
in case of,"假设, 万一",
chloride of acid,酰基氯; 氯化酰基,
method of loss of weight,失重法,
in payment of,偿付,
in bar of,为禁止...,
in the process of,在...的过程中,
in sequence of,按照…顺序,
in search of,寻找,
in sign of,作为...的表示,
in support of,"支持, 支援",
in face of,"面对,在…面前;不顾,即使",
in term of,"用…的话,以…的措词;根据,按照;用…的思想方法;在…方面,以…方面",
a bit of a,有点…的味道,
control of guns of ammunitions,枪枝弹药管制,
in place of,代替\n 代替,
in the order of,"大约, 约等于\n 按...次序",
in recognition of,为酬谢,
ratio of cost of sales,销售成本的比率,
in terms of,"用...的话, 根据, 按照, 在...方面\n 用...话, 以...措词, 按照",
in advance of,"在...前面, 超过",
in care of,由…转交,
in witness of,作为...的证据\n 为...的证据,
in view of,"考虑到, 由于\n 鉴于",
in course of,正在...中,
in sight of,在见得到...的地方,
in receipt of,已收到…,
law of conservation of charge,电荷守恒定律,
in settlement of,"以澄清,为解决…",
in front of,在...前面,
in excess of,"超过, 较...为多",
rate of occurrence of error,误差出现率,
in default of,"因缺少\n 因缺..., 在缺少...时",
in defect of,缺少,
in aid of,"为援助,以援救…",
in replacement of,以代替…,
in defence of,为保卫…;为…辩护,
in possession of,"获得,弄到,佔有,佔领…",
order of reference of accounts,审查帐目令,
law of conservation of energy,能量守恒定律; 能量守恒与转化定律,
in tie of,"支持,拥护",
in defense of,"为...辩护, 为保证...",
index of cost of living,生活费指数,
in breach of,"违反…,破坏…",
in token of,"作为...的标志, 作为...的象征",
in consideration of,"考虑到\n 鉴于, 考虑到",
law of conservation of mass,质量守恒定律,
in danger of,有…的危险,
in fraud of,"为诈骗\n 为了欺骗, 为了诈欺",
in occupation of,"佔领…,佔据着…",
in want of,"需要,缺少",
in honor of,"为向…表示敬意,为庆祝…为纪念…",
law of persistance of energy,能量持久律,
in honour of,"为纪念, 为庆祝",
in restraint of,"限制,抑制,拘禁…",
in need of,"需要...时, 如果需要...",
in doubt of,对…表示怀疑,
in satisfaction of,作为...的赔偿,
in regard of,"关于..., 至于...",
in absence of,在…不在时;在缺乏…时,
in respect of,"关于, 就...而言",
in fear of,"害怕,担心,为…提心吊胆",
in praise of,为赞扬,
in favor of,"赞同, 有利于",
reconciliation of statement of account,帐户调节表,
in favour of,"同意, 支持, 有利于...",
test of goodness of fit,适合性测定; 拟合优度检验,
in acknowledgement of,"答谢,领谢…",
in arrears of,"赶不上,落后于,不及…",
in contempt of,"蔑视,不顾",
in violation of,违反,
in terror of,"对…胆战心惊,十分害怕…",
in expectation of,"期待,盼望…",
in virtue of,"依靠...(的力量), 凭借, 由于, 因为",
in chase of,"追赶,追击…",
in pity of,因为可怜...,
in consequence of,"由于的...缘故\n 由于...缘故, 基于",
in prejudice of,"有损于,不利于…",
in anticipation of,"一想到,预料到,期待着…;抢在…之前",
in excuse of,作为辩解\n 作为...辩解,
in prospect of,"有…希望,…在望",
of interest to,"对…至关重大,引起…的关注",
in peril of,有…的危险,
in remembrance of,"纪念..., 回忆...",
in defiance of,"无视, 不顾",
in advocacy of,"为…作辩护,鼓吹…",
in spite of,不管,
in pursuit of,追求，寻求,
in ridicule of,嘲笑…,
in lieu of,"作为...的替代, 代替...\n 代替, 作为...的替代",
in disregard of,"不顾,不尊重,忽视,漠视",
in dedication of,"为了…,作为对…的奉献",
in quest of,为了追求...,
in behalf of,"代表,为了…",
in awe of,恐惧\n敬畏,
in contravention of,违反...,
in celebration of,为庆祝...,
in dread of,畏惧…,
in corroboration of,为了证明...,
in hopes of,"怀着...的希望, 希望能...",
in despite of,"不管, 尽管",
in furtherance of,为促进...,
in stead of,代替,
in pursuance of,"执行, 履行, 根据",
in commemoration of,纪念,
in virture of,由于,
strength of acid,酸的强度,
law of elasticity of demand,弹性需求法则,
law of conservation of matter,物质守恒定律; 质量不灭定律,
rules of choice of law,关于选择法律的规则,
law of perdurability of matter,物质守恒定律,
acceptance of bill of exchange,汇票的承兑,
law of conservation of momentum,动量守恒定律,
doctrine of superemacy of law,法律至上原则,
in the language of,"用…语言,用…的话来说",
heat of change of phase,相转变热,
to be the parent of,育有,cedict
the will of the people,人心,cedict
to be in the way,当道,cedict
the end of the year,年底,cedict
to be in the wrong,输理,cedict
to be in the sun,晒太阳,cedict
the morals of the time,世道,cedict
to be in the army,从戎,cedict
to be in the majority,居多,cedict
to be in the milk,灌浆,cedict
to be in the limelight,出风头,cedict
the back of the head,脑后,cedict
the way of the king,王道,cedict
the end of the show,落幕,cedict
the enemy of the people,人民公敌,cedict
the mood of the people,民情,cedict
the man  of the moment,风云人物,cedict
the head of the house,太爷,cedict
the way of the hegemon,霸王之道,cedict
the still of the night,夜阑人静,cedict
the lady of the house,主妇,cedict
the world of the dead,那世,cedict
the roof of the world,世界屋脊,cedict
the law of the land,王法,cedict
the talk of the town,满城风雨,cedict
the hypocrisy of the world,世态炎凉,cedict
the creation of the world,创世,cedict
the ways of the world,世情,cedict
the world of the living,人世,cedict
the middle of the month,月中,cedict
the middle of the night,大半夜,cedict
the top of the page,页首,cedict
the nature of the offense,罪状,cedict
the law of the jungle,丛林法则,cedict
the facts of the matter,三七二十一,cedict
the bottom of the page,页底,cedict
the sole of the foot,脚掌,cedict
the extremity of the foot,脚尖,cedict
the surface of the river,江面,cedict
the scene of the incident,事发地点,cedict
the contents of the cup,杯中物,cedict
the wing of the nose,鼻翼,cedict
the tip of the nose,准头,cedict
the ends of the earth,地角天涯,cedict
the mysteries of the universe,玄奥,cedict
the tip of the iceberg,老鼠拖木锨，大头在后头,cedict
the gift of the gab,口齿伶俐,cedict
the passage of the years,岁月如流,cedict
the halo of the moon,月阑,cedict
the wars of the roses,玫瑰战争,cedict
the bulb of the fritillary,贝母,cedict
the looks of the deceased,遗容,cedict
the laws of the buddhism,迦持,cedict
the views of the departed,遗教,cedict
the first and the last,空前绝后,cedict
the great and the good,贤人,cedict
the old and the young,老小,cedict
the good and the bad,玉石,cedict
the police and the community,警民,cedict
the military and the police,军警,cedict
the sound and the fury,喧哗与骚动,cedict
the outside and the inside,表里,cedict
the fundamental and the incidental,本末,cedict
the sick and the wounded,伤病员,cedict
the moon and the stars,星月,cedict
the prosecution and the defense,控辩,cedict
the whys and the wherefores,根由,cedict
to be considered to be,即为,cedict
to be defined to be,即为,cedict
to be suspected to be,疑似,cedict
to be on the go,奔走,cedict
to be on the move,流转,cedict
the world in the large,宏观世界,cedict
the person in the street,普通人,cedict
to be on the alert,留心眼儿,cedict
to be on the lookout,把风,cedict
the elephant in the room,房间里的大象,cedict
be out of the question,不行,cedict
the airway in the throat,喉管,cedict
to be at the scene,临场,cedict
to be over the moon,心花怒放,cedict
to be off the mark,失准,cedict
to be the same age,同年,cedict
the right to be elected,被选举权,cedict
to be off the beat,走板,cedict
to be the last resort,不得已而为之,cedict
to be precisely the same,如出一辙,cedict
to be the same,撞车,cedict
to be around the corner,将至,cedict
to be the sole survivor,独生,cedict
to be the reigning emperor,坐龙庭,cedict
to be the chef,主厨,cedict
to be the acknowledged leader,执牛耳,cedict
to be the starting pitcher,先发,cedict
to be a second so-and-so,再生,cedict
to be of benefit to,惠及,cedict
the word on the street,坊间传言,cedict
to be a proponent of,倡导,cedict
the sermon on the mount,山中圣训,cedict
to have the right to,有权,cedict
the many or the few,众寡,cedict
to have the audacity to,胆敢,cedict
to be a benefit to,裨益,cedict
to be in charge of,主抓,cedict
the more the better,多多益善,cedict
to be in command of,统辖,cedict
to be in favor of,支持,cedict
the new replaces the old,新陈代谢,cedict
can be said to be,堪称,cedict
the sun over the sea,海日,cedict
the way the wind blows,风头,cedict
the region between the kidneys,命门,cedict
the region near the line,沿线,cedict
the region around the river,沿江,cedict
the less complications the better,多一事不如少一事,cedict
the sooner the better,趁早,cedict
the fish enter the trap,鱼丽,cedict
the boot hits the floor,靴子落地,cedict
the punishment fits the crime,罪有应得,cedict
the pros outweigh the cons,瑕不掩瑜,cedict
cannot be said to be,无所谓,cedict
to take the measure of,打量,cedict
to think of the past,缅怀,cedict
to take the shape of,具体到,cedict
to take the liberty of,不揣冒昧,cedict
to be in a rush,猴急,cedict
to be in a hurry,赶时间,cedict
to follow the example of,效法,cedict
to be in a tangle,纠缠,cedict
to be in a predicament,前不着村，后不着店,cedict
to be in a daze,愣神儿,cedict
to be in a coma,昏迷,cedict
to win the support of,收揽,cedict
to play the role of,充当,cedict
to follow the trail of,追蹑,cedict
to win the trust of,取信,cedict
to the left of,左边,cedict
to the side of,一旁,cedict
the back of a chair,椅背,cedict
to leave the confines of,脱出,cedict
to draw the outline of,勾勒,cedict
to test the taste of,咂摸,cedict
to the north of,以北,cedict
to the south of,以南,cedict
to ban the sale of,禁售,cedict
to bear the weight of,支承,cedict
to the west of,以西,cedict
to the east of,以东,cedict
to confirm the truth of,证明,cedict
to supervise the manufacture of,监制,cedict
the law of a state,王法,cedict
to assign  the task of,责成,cedict
to infringe the rights of,侵权,cedict
to spoil the beauty of,毁容,cedict
to cherish the memory of,怀念,cedict
to sing the praises of,捧场,cedict
to boost the morale of,助威,cedict
to the satisfaction of everyone,大快人心,cedict
to grasp the meaning of,弄懂,cedict
to forbid the eating of,禁食,cedict
the course of a race,赛程,cedict
the start of a race,起跑,cedict
the tone of a school,校风,cedict
the life of a pasha,齐人之福,cedict
the eye of a needle,针鼻,cedict
the top of a building,顶层,cedict
the surface of a wall,墙面,cedict
the edge of a bed,床沿,cedict
the scene of a fire,火场,cedict
the sound of a bell,钟声,cedict
the date of a meeting,会期,cedict
the mouth of a river,河口,cedict
the fire of a stove,炉火,cedict
the content of a conversation,一席话,cedict
the strokes of a character,字画,cedict
the crop of a bird,嗉子,cedict
the edge of a knife,刀口,cedict
the kitchen of a restaurant,内场,cedict
the outcome of a battle,胜负,cedict
the crying of a baby,呱呱,cedict
the mid-slope of a mountain,半山腰,cedict
the sides of a ship,船舷,cedict
a slip of the tongue,口误,cedict
the frame of a building,屋架,cedict
the sheath of a pen,笔套,cedict
a snap of the fingers,拈指,cedict
the sleeve of a garment,衣袖,cedict
the beam of a steelyard,秤杆,cedict
the duration of a conference,会期,cedict
the umbilicus of a melon,瓜脐,cedict
to  find the time to,抽时间,cedict
to go to the office,上班,cedict
to go to the capital,诣阙,cedict
to go to the kitchen,下厨,cedict
to go to the countryside,下乡,cedict
to go  to the moon,登月,cedict
to go to the toilet,出恭,cedict
to get to the top,登顶,cedict
to go to the bathroom,上一号,cedict
to go to the dogs,落水,cedict
to go to the mountains,上山,cedict
to take to the road,就道,cedict
to give the eye to,眉眼传情,cedict
to come to the surface,表面化,cedict
to come to the rescue,接应,cedict
to give to the needy,赒恤,cedict
to give to the departed,追赠,cedict
not in the mood to,无心,cedict
direct and to the point,干脆,cedict
brief and to the point,简明扼要,cedict
to keep to the side,靠边,cedict
to put to the test,考验,cedict
to keep to the subject,切题,cedict
to announce to the world,公诸于世,cedict
to put to the torch,付之一炬,cedict
to talk to the king,启奏,cedict
to keep to the edge,溜边,cedict
in the course of time,一来二去,cedict
to return to the past,复旧,cedict
to add to the fun,助兴,cedict
to fall to the ground,倒地,cedict
to appeal to the public,诉诸公论,cedict
to feed to the full,填饱,cedict
to respond to the market,应市,cedict
to return to the capital,回京,cedict
to rise to the occasion,应运而生,cedict
to speak to the audience,口播,cedict
to send  to the press,付梓,cedict
to rise to the surface,浮上,cedict
to fight to the death,死战,cedict
to return to the topic,言归正传,cedict
to drop to the ground,卧倒,cedict
to rise to the sky,升空,cedict
to return  to the sender,回退,cedict
to present to the emperor,引见,cedict
to adapt to the situation,见景生情,cedict
to raze to the ground,夷为平地,cedict
to dance to the beat,踩点,cedict
to fly to the moon,奔月,cedict
to stick to the topic,扣题,cedict
to commit to the flames,付之一炬,cedict
to connect to the internet,上网,cedict
to fill to the brim,加满,cedict
to probe to the bottom,穷尽,cedict
to rush to the rescue,驰援,cedict
to succeed to the throne,即位,cedict
to migrate to the cloud,上云,cedict
to strip to the waist,袒膊,cedict
in the fullness of time,久而久之,cedict
to aspire to the throne,问鼎,cedict
to ascend to the throne,登大宝,cedict
to surrender to the authorities,投案,cedict
a word to the wise,闻一知十,cedict
in front of the door,门前,cedict
in the dead of night,夜深人静,cedict
in the name of,代表,cedict
in advance of the field,头里,cedict
in the light of,比照,cedict
in command of the army,挥师,cedict
in the prime of youth,妙龄,cedict
in the style of annals,编年体,cedict
in the presence of,当着,cedict
in the capacity of,身为,cedict
in the wake of,随着,cedict
in the midst of,之中,cedict
in the years of,年间,cedict
to be a good-for-nothing,不是东西,cedict
to work in the fields,上山下乡,cedict
the gap couldn't be bigger,不啻天渊,cedict
a person in the know,个中人,cedict
not to have the guts,没种,cedict
to look in the mirror,照镜子,cedict
to be a substitute for,充作,cedict
to stab in the back,暗害,cedict
to be of one mind,一条心,cedict
to be of one voice,众口同声,cedict
to live in the moment,今朝有酒今朝醉,cedict
to weigh in the hand,掂量,cedict
to number in the thousands,以亿计,cedict
to appear in the news,上报,cedict
to remain in the hospital,留院,cedict
to stand in the corner,面壁思过,cedict
to poke in the eye,插眼,cedict
to appear in the flesh,现身,cedict
to be out of power,在野,cedict
to shoot in the air,无的放矢,cedict
to serve in the army,从军,cedict
to bask in the light,沾光,cedict
to hang in the air,悬空,cedict
to dance in the air,飘舞,cedict
to circle in the air,飞翔,cedict
to join in the fun,凑热闹,cedict
to dry in the sun,晒干,cedict
to float in the air,空中飘浮,cedict
to wait in the wings,候场,cedict
to swirl in the air,纷飞,cedict
to rustle in the air,萧瑟,cedict
to publish in the newspapers,登报,cedict
to be out of  office,在野,cedict
to dry in the shade,阴干,cedict
to float in the wind,飘举,cedict
to dance in the breeze,飞舞,cedict
to flutter in the wind,迎风招展,cedict
to shrink in the wash,抽水,cedict
to faint in the bathroom,晕池,cedict
to nip in the bud,杜渐防萌,cedict
to be out of credit,停机,cedict
to be out of stock,断档,cedict
to be a tax on,劳神,cedict
to be out of luck,倒霉,cedict
to be out of kilter,失准,cedict
to be out of practice,荒疏,cedict
to be a burden on,拖累,cedict
to be on a sabbatical,赋闲,cedict
a walk in the park,轻车熟路,cedict
to be referred to as,唤做,cedict
the females in a family,内眷,cedict
a job in the bureaucracy,官职,cedict
the food in a dish,盘飧,cedict
to be of use,顶用,cedict
a nip in the air,寒意,cedict
a shot in the dark,无的放矢,cedict
a pain in the neck,讨嫌,cedict
a drop in the ocean,九牛一毛,cedict
a positive in the negative,不幸之幸,cedict
a beauty in the bud,美人坯子,cedict
the truth in a flash,顿悟,cedict
a straw in the wind,一叶知秋,cedict
a crick in the neck,失枕,cedict
a nook in the mountains,山阿,cedict
house of woman's husband-to-be,人家,cedict
to be very fond of,钟爱,cedict
to be of vital interest,利害攸关,cedict
to be sure of success,胜算,cedict
to be beyond control of,由不得,cedict
to be certain of victory,必胜,cedict
to be full of zeal,来劲,cedict
to be full of remorse,自怨自艾,cedict
to be full of,充斥,cedict
to be full of admiration,激赏,cedict
to be full of tricks,见招拆招,cedict
to be full of vigor,发扬踔厉,cedict
to be weary of war,厌战,cedict
to be free of worries,安枕,cedict
to be assured of success,左券在握,cedict
to be short of,短欠,cedict
to be fully aware of,明知,cedict
to be at a loss,大惑不解,cedict
to be taken advantage of,任人宰割,cedict
to be of importance,当事,cedict
to be born of,出身,cedict
to be capable of,能够,cedict
to be afraid of heights,恐高,cedict
to be afraid of strangers,怕生,cedict
to be of burrowing habit,穴居,cedict
to be proud of oneself,自高,cedict
to be fond of,喜爱,cedict
to be jealous of,妒嫉,cedict
to be cognizant of,认知,cedict
to be enamored of,恋慕,cedict
to be informed of,知悉,cedict
to be scared of dying,怕死,cedict
to be suspected of,涉嫌,cedict
to be suspected of bribery,涉贿,cedict
to be tired of living,活得不耐烦,cedict
to be worthy of,不愧,cedict
to be at a disadvantage,占下风,cedict
to be at a standstill,踏步不前,cedict
to have the final say,说了算,cedict
to be just about to,刚一,cedict
to be certain to get,稳获,cedict
to be up to mischief,使坏,cedict
to be about to die,将死,cedict
to be about to arrive,将至,cedict
to be about to materialize,有眉目,cedict
to be about to,待要,cedict
to have attained the way,有道,cedict
to be first to start,领头,cedict
to have the same name,重名,cedict
to have the right taste,是味儿,cedict
to be a yes-man,唯唯诺诺,cedict
to be a go-getter,进取,cedict
on the other side of,以外,cedict
to be right next to,紧邻,cedict
to compete to be first,争先,cedict
to dare to be first,敢为人先,cedict
to be first to,挑头,cedict
to be avaricious and mean,贪鄙,cedict
for the life of me,死活,cedict
to be good-hearted and honest,让畔,cedict
to have the wandering eye,吃着碗里，看着锅里,cedict
to be unable to find,找不着,cedict
to be face to face,对面,cedict
to be able to support,吃得住,cedict
to be loud and clear,戛然,cedict
to have the nerve,好意思,cedict
for the purpose of,借以,cedict
to have the gall,有脸,cedict
to have the knack,熟习,cedict
to be apt to change,善变,cedict
to have the runs,腹泻,cedict
to be able to bear,吃得住,cedict
to be able to touch,摸得着,cedict
for the sake of,以利于,cedict
to ask to be excused,告便,cedict
to try to be brave,逞强,cedict
to be unable to pay,支付不起,cedict
to be able to afford,吃得消,cedict
to be in love with,爱上,cedict
to be able to swim,会水,cedict
to be able to endure,可堪,cedict
to be determined to win,势在必得,cedict
to be ashamed to face,愧对,cedict
to be difficult to bear,难受,cedict
to be able to withstand,经得起,cedict
to be able to,能够,cedict
to be full to overflowing,满溢,cedict
to be unable to continue,断港绝潢,cedict
to be in step with,接轨,cedict
to consider oneself to be,自命,cedict
to consider to be,视为,cedict
to consider to be worthless,视如敝屣,cedict
to be a good deal,合算,cedict
to be unable to stand,禁不起,cedict
to appear to be,貌似,cedict
to be likely to succeed,有边儿,cedict
to believe oneself to be,自居,cedict
to be pithy and correct,一语道破,cedict
to be brave enough to,勇于,cedict
to be close to,傍近,cedict
to happen to be,刚好,cedict
to claim to be,自称,cedict
to arrange  to be ready,整装,cedict
to be sure to,务必,cedict
to be deaf and blind,眼瞎耳聋,cedict
to be honest and upright,作风正派,cedict
to be eager and anxious,怦怦,cedict
to be shocked to learn,惊悉,cedict
to be anxious and frightened,惴惴不安,cedict
to be anxious and worried,忧思,cedict
to be necessary to,用得着,cedict
to be observant and alert,眼观六路耳听八方,cedict
to be unable to reach,够不着,cedict
to be ambitious and unafraid,长风破浪,cedict
to be ostentatious and extravagant,摆阔,cedict
to be a good fit,合体,cedict
to be frightened to death,胆破,cedict
to be drunk and rowdy,酗讼,cedict
just at the time of,正值,cedict
to be literate and numerate,能写会算,cedict
to be confused and disoriented,找不着北,cedict
to be dazzled and stunned,目眩神迷,cedict
to be defeated and dispersed,败亡,cedict
to be laughing and playing,嬉笑,cedict
to be routed and dispersed,溃散,cedict
to be scattered and lost,散佚,cedict
to be wealthy and heartless,为富不仁,cedict
to be wined and dined,吃请,cedict
to be a good match,相契,cedict
to be in harmony with,融合,cedict
to pretend to be poor,哭穷,cedict
to be a different person,判若两人,cedict
to be in relation with,来往,cedict
to be equal to,匹敌,cedict
to be shoulder to shoulder,比肩,cedict
to pretend to be nice,装好人,cedict
to fail to be chosen,落选,cedict
to fail to be retained,流失,cedict
to prove oneself to be,不愧,cedict
to be unable to bear,经不住,cedict
to be sent to prison,入狱,cedict
to be ready to,甘于,cedict
to be lost to memory,泯没,cedict
to confirm  to be false,证伪,cedict
to pretend to be lovely,装可爱,cedict
to declare to be untrue,否认,cedict
to be unable to resist,经不起,cedict
to be willing to,甘心,cedict
to be diagonally opposite to,斜对,cedict
to be unable to intervene,插不上手,cedict
to be witness to,见证,cedict
to pretend to be asleep,装睡,cedict
to be unable to breathe,喘不过气来,cedict
to be loyal to,忠于,cedict
on the point of death,不行了,cedict
to pretend to be naive,装傻,cedict
to pretend to be solemn,故作端庄,cedict
to deserve to be called,不愧,cedict
to be superior to,更胜,cedict
to be deaf to,听不进去,cedict
to be contrary to,违背,cedict
to pretend to be,伪装,cedict
to be bound to prevail,必胜,cedict
to be unable to endure,不支,cedict
to be amenable to persuasion,服软,cedict
to be subjected to,饱受,cedict
to be indifferent to,看淡,cedict
to be inferior to,矮半截,cedict
to be prone to,倾向于,cedict
to be sent to slaughter,出栏,cedict
to be hospitable to,款待,cedict
to be tantamount to,等于,cedict
to be abbreviated to,略作,cedict
to be accustomed to,过惯,cedict
to be addicted to,沉迷,cedict
to be adjusted to uniformity,整齐划一,cedict
to be admitted to,考取,cedict
to be affiliated to,归属,cedict
to be antagonistic to,对立,cedict
to be bound to,势必,cedict
to be bumper to bumper,大排长龙,cedict
to be comparable to,堪比,cedict
to be confined to,限于,cedict
to be dedicated to,奉祀,cedict
to be determined to,执意,cedict
to be drawn to,吸住,cedict
to be entitled to,有权,cedict
to be generally referred to,通称,cedict
to be going to,将要,cedict
to be harmful to,妨害,cedict
to be intended to,旨在,cedict
to be known to everyone,街知巷闻,cedict
to be limited to,只限于,cedict
to be partial to,右袒,cedict
to be promoted to,升上,cedict
to be reduced to,沦为,cedict
to be rooted to,植根于,cedict
to be sentimentally attached to,恋慕,cedict
to be transferred to,转归,cedict
to be unable to,不克,cedict
to be unsuited to,不合,cedict
to be used to,习惯,cedict
to the point that,以致于,cedict
not wide of the mark,不为过,cedict
on the point of departure,临行,cedict
on the point of demise,濒死,cedict
to be a problem,成问题,cedict
to be a true friend,够朋友,cedict
to be a real headache,伤脑筋,cedict
to be a big disappointment,坑爹,cedict
not beyond the scope of,不外,cedict
on the eve of war,临战,cedict
on the happy occasion of,欣逢,cedict
to the extent that,甚或,cedict
to be a culture snob,附庸风雅,cedict
on the up and up,步步高升,cedict
to be a laughing stock,闹太套,cedict
on the basis of,基于,cedict
to be a successful candidate,得中,cedict
to be a wet blanket,大杀风景,cedict
to do with the masses,群众性,cedict
on the edge of,濒临,cedict
to be a suspect,涉嫌,cedict
to be a soldier,当兵,cedict
to be a bargain,合算,cedict
to be a movie actor,从影,cedict
to be a sitting duck,待毙,cedict
on the brink of crisis,危在旦夕,cedict
to be a thief,作贼,cedict
to be a paid escort,陪聊,cedict
to be a sore loser,输不起,cedict
on the verge of collapse,摇摇欲坠,cedict
to be a nuisance,要命,cedict
to be a disgrace,丢人现眼,cedict
to be a vegetarian,吃素,cedict
to be a scapegoat,顶缸,cedict
to be made a scapegoat,代人受过,cedict
to be a cinch,不在话下,cedict
to be a believer,在教,cedict
to be a favorite,得宠,cedict
to be a newcomer,初来乍到,cedict
to be a perfectionist,求好心切,cedict
to be a refugee,逃难,cedict
to be a spokesperson,代言,cedict
to be a teacher,执教,cedict
to be a worthy teacher,为人师表,cedict
on the verge of,濒临,cedict
on the brink of extinction,濒灭,cedict
at the time of,之际,cedict
with the help of,借助,cedict
at the point of death,弥留之际,cedict
the fiber of this plant,苎麻,cedict
at the end of,到头,cedict
at the helm of state,政柄,cedict
not up to the task,乏力,cedict
to not know the reason,不知所以,cedict
to go on the rampage,横行,cedict
to go on the offensive,进攻,cedict
at the crack of dawn,黎明时分,cedict
to make  on the spot,现做,cedict
which day of the week,星期几,cedict
to get on the boat,上船,cedict
to be in one's adolescence,束发,cedict
to stay for the night,歇息,cedict
to provide for the elderly,养老,cedict
to retire for the night,安歇,cedict
to wait for the opportunity,伺隙,cedict
to allow for the unpredictable,留有余地,cedict
to be all in tears,挥泪,cedict
the back of one's mind,脑后,cedict
to go with the stream,沿洄,cedict
to reach for the stars,九天揽月,cedict
to shoot for the basket,投篮,cedict
to have a share of,有份,cedict
a turn for the better,起色,cedict
to cater for the masses,大众化,cedict
the course of one's life,命途,cedict
to be in general use,通行,cedict
to have a taste of,领略,cedict
to prey on the people,鱼肉百姓,cedict
out-of-the-way place,旮旯,cedict
to show on the face,浮泛,cedict
to put on the market,出售,cedict
to meet the enemy head-on,迎战,cedict
the prime of one's life,春秋鼎盛,cedict
to turn on the water,放水,cedict
to place  on the table,上桌,cedict
the palm of one's hand,股掌,cedict
to turn on the light,开灯,cedict
not to the point,不着边际,cedict
a treat for the eyes,眼福,cedict
one side of the story,一面之词,cedict
revered one of the world,世尊,cedict
time of the year,岁时,cedict
not to understand the situation,不明就里,cedict
the death of one's mother,母丧,cedict
the person of one's thoughts,意中人,cedict
to put the blame on,归咎,cedict
the death of one's father,父丧,cedict
to pay on the spot,现付,cedict
a feast for the eyes,秀色可餐,cedict
the designation for a punishment,刑名,cedict
to learn on the job,见习,cedict
to write on the blackboard,板书,cedict
to meet on the battlefield,兵戎相见,cedict
to turn on the lights,点亮,cedict
one's share of the action,一杯羹,cedict
the will of god,灵命,cedict
to slap on the face,打耳光,cedict
first half of the year,上半年,cedict
out of the way,闭塞,cedict
out-of-the-way places,遐荒,cedict
the girl of one's dreams,那个人,cedict
to appear on the scene,特起,cedict
to carry on the shoulder,肩扛,cedict
only in the case that,除非,cedict
to knock on the door,打门,cedict
to slide on the job,脱滑,cedict
to sleep on the ground,席地而睡,cedict
all parts of the country,五湖四海,cedict
with back to the mountain,背山,cedict
one of the northern dynasties,北周,cedict
to idle on the job,磨洋工,cedict
to sit on the fence,坐观成败,cedict
the corner of one's eyes,余光,cedict
to skimp on the job,偷工,cedict
to land on the moon,登陆月球,cedict
the pit of one's stomach,心窝儿,cedict
the will of heaven,天意,cedict
to step on the gas,加大油门,cedict
the reward of one's efforts,熬头儿,cedict
the end of last year,去年底,cedict
will of the gods,天心,cedict
to trail on the ground,拖地,cedict
to concentrate on the task,收心,cedict
to float on the current,漂流,cedict
one of the given,其一,cedict
to investigate on the spot,踏查,cedict
to be in good order,妥帖,cedict
to step on the brake,踩刹车,cedict
to fight on the leitai,打擂台,cedict
to eat on the sly,偷吃,cedict
out of the common run,不同凡响,cedict
time of the day,辰光,cedict
until the end of time,天荒地老,cedict
to succeed on the throne,继统,cedict
to substitute on the sly,偷换,cedict
to float on the waves,飘荡,cedict
to circulate on the internet,网传,cedict
to beg on the streets,吹箫,cedict
to compute on the abacus,打算盘,cedict
the root of all evil,万恶之源,cedict
all the colors of spring,柳绿花红,cedict
to regard the same as,视同,cedict
a bit on the side,另觅新欢,cedict
to be good in bed,活好,cedict
to be in public service,食禄,cedict
the appearance of all things,诸相,cedict
first day of the month,一号,cedict
first half of the day,前半天,cedict
to be in full control,总揽,cedict
second half of the year,下半年,cedict
the game of go,围棋,cedict
a slap on the face,耳光,cedict
to order with the chin,颐指,cedict
to be in place,到位,cedict
to speak with the eyes,目语,cedict
since the dawn of time,旷古,cedict
a fall on the buttocks,屁墩儿,cedict
to deal with the aftermath,善后,cedict
end of the year,年尾,cedict
to be in government service,食俸,cedict
to be in service,运营,cedict
fresh out of the oven,出炉,cedict
accomplishment out of the ordinary,傲视群伦,cedict
nothing out of the ordinary,不起眼,cedict
out of the ordinary,不俗,cedict
to be in power,柄政,cedict
to serve as the norm,为准,cedict
a lump on the heart,块垒,cedict
to be hidden away in,僻处,cedict
to be in full swing,打得火热,cedict
to be in order,就绪,cedict
start of the year,年头,cedict
to be engaged in politics,从政,cedict
to be involved in politics,参政,cedict
to bend with the wind,随风倒,cedict
to regard as the foremost,首推,cedict
to drift with the wind,浪迹江湖,cedict
to communicate with the spirits,通灵,cedict
to be lovey-dovey in public,撒狗粮,cedict
to push with the forehead,顶牛儿,cedict
to be successful in business,事业有成,cedict
to swim with the tide,与世俯仰,cedict
to collaborate with the enemy,通敌,cedict
to be in effect,现行,cedict
political situation of the time,时政,cedict
to be in love,有情,cedict
to be madly in love,爱得死去活来,cedict
to be passionately in love,热恋,cedict
to do the very opposite,反其道而行之,cedict
to be in overall charge,统揽,cedict
to drift with the waves,随波,cedict
to mingle with the cognoscenti,附庸风雅,cedict
to be in position,到位,cedict
most of the day,好半天,cedict
to be in charge,当事,cedict
to be in front,领先,cedict
to be in demand,走俏,cedict
the flow of time,岁月如流,cedict
to be in post,在职,cedict
prevalent custom of the time,时俗,cedict
first half of the night,上半夜,cedict
to lead by the hand,提携,cedict
to be in contact,相处,cedict
to be in prison,坐班房,cedict
to be in season,当令,cedict
to be in pain,疼痛,cedict
to be rich in,盛产,cedict
to be in command,挂帅,cedict
to be in debt,背债,cedict
to be an expert in,深谙,cedict
year of the horse,马年,cedict
year of the dog,狗年,cedict
to hold by the hand,提挈,cedict
another part of the country,外乡,cedict
a hit with the public,热捧,cedict
to be in bloom,着花,cedict
to be in bud,含苞,cedict
to be in arrears,欠费,cedict
to be in bliss,爽歪歪,cedict
to be in vogue,当道,cedict
to be proficient in,精通,cedict
to be adept in,长于,cedict
to be in an uproar,炸锅,cedict
to be steeped in,沾湿,cedict
to be deeply in,深陷,cedict
to be deficient in,欠缺,cedict
to be in,在家,cedict
to be in couples,成双成对,cedict
to be in erection,翘硬,cedict
to be in hiding,躲躲藏藏,cedict
to be in labor,待产,cedict
to be in malposition,错位,cedict
to be in mourning,戴孝,cedict
to be in operation,运营,cedict
to be in straitened circumstances,左支右绌,cedict
to be interested in,感冒,cedict
to be involved in,卷入,cedict
to be lacking in,疏于,cedict
to be lacking in boldness,小手小脚,cedict
to be located in,僻处,cedict
to be lost in thought,发呆,cedict
to be mixed in,夹带,cedict
to be situated in,地处,cedict
to be sucked in,吸住,cedict
to be taken in,受骗,cedict
to be united in action,步调一致,cedict
to be vigilant in peacetime,居安思危,cedict
to be wounded in action,挂彩,cedict
the full light of day,光天化日,cedict
to do the wrong thing,犯错,cedict
to rent by the day,日租,cedict
year of the rat,鼠年,cedict
year of the rabbit,兔年,cedict
the first month of summer,孟夏,cedict
year of the ram,羊年,cedict
year of the snake,蛇年,cedict
year of the tiger,虎年,cedict
year of the dragon,龙年,cedict
year of the cock,鸡年,cedict
year of the monkey,猴年,cedict
year of the boar,猪年,cedict
beginning of the year,年初,cedict
back of the hand,手背,cedict
to play by the book,照办,cedict
the lesser of two evils,宁可,cedict
the two of us,咱俩,cedict
small of the back,腰杆子,cedict
the first light of dawn,曙光,cedict
women of the new society,半边天,cedict
man of the world,外场人,cedict
back of the head,后脑,cedict
the first glimmer of light,蒙蒙亮,cedict
day of the week,星期,cedict
the mass of common people,芸芸众生,cedict
the one and only way,不二法门,cedict
member of the state council,国务委员,cedict
the multitude of common people,庶民,cedict
back of the line,队尾,cedict
view of the back,后影,cedict
great person of the past,贤人,cedict
half of the day,半天,cedict
person of the same age,同龄人,cedict
the first pot of gold,第一桶金,cedict
to lead by the nose,牵着鼻子走,cedict
enthusiasm of the new convert,热炒热卖,cedict
person of the same profession,同行,cedict
the way of former kings,先王之道,cedict
lower part of the body,下身,cedict
second half of the night,下半夜,cedict
end of the world,世界末日,cedict
the music of such operas,梆子腔,cedict
to hold by the waist,拦腰,cedict
of the previous day,隔夜,cedict
young lady of the house,少奶奶,cedict
to rent by the week,周租,cedict
middle of the back,后心,cedict
to do the actual writing,执笔,cedict
to do the job oneself,亲自动手,cedict
the look of things,势头,cedict
circumstances of the people,民情,cedict
complaints of the people,民怨,cedict
young master of the house,少爷,cedict
way of the celestial master,五斗米道,cedict
part of the official staff,有编制,cedict
to be done with it,了事,cedict
last third of the month,下旬,cedict
person of the same generation,同辈,cedict
upper part of the body,上身,cedict
to rent by the month,月租,cedict
member of the same organization,会友,cedict
back of the knife,刀背,cedict
of the same family branch,同房,cedict
member of the royal family,皇室,cedict
end of the month,月尾,cedict
the blessing of three lifetimes,三生有幸,cedict
soup of the day,例汤,cedict
ills of the day,时弊,cedict
to rent by the hour,时租,cedict
to abide by the law,守分,cedict
to march at the double,跑步,cedict
members of the same family,一家人,cedict
state of the market,销路,cedict
of the same name,同名,cedict
thing of the past,明日黄花,cedict
end of the war,终战,cedict
the world of business,工商界,cedict
end of the century,世纪末,cedict
start of the month,月头儿,cedict
the divine right of kings,应天承运,cedict
of the same age,同龄,cedict
doctrine of the mean,中庸之道,cedict
south of the five ranges,岭南,cedict
head of the family,父兄,cedict
to do the cooking,炒菜,cedict
to do the honors,尽地主之谊,cedict
to do the rounds,查房,cedict
to do the splits,劈叉,cedict
of the same kind,一套,cedict
preceding part of the text,上文,cedict
of the same type,一水儿,cedict
the world of finance,金融界,cedict
to knock at the gate,叩关,cedict
the light of early dawn,曙色,cedict
member of the criminal police,刑事警察,cedict
half of the country,半壁江山,cedict
to declare at the outset,开宗明义,cedict
history of the party,党史,cedict
reform of the medical system,医改,cedict
inner part of the lip,内唇,cedict
under the influence of alcohol,酒后,cedict
to intercept at the net,封网,cedict
to bend at the waist,屈体,cedict
to split at the seam,开线,cedict
the world of material desires,物欲世界,cedict
friend of the family,世交,cedict
since the beginning of history,有史以来,cedict
afraid of the slightest thing,畏首畏尾,cedict
top of the head,脑瓢儿,cedict
member of the national team,国手,cedict
member of the standing committee,常委,cedict
reform of the writing system,文字改革,cedict
last words of the dying,遗言,cedict
the house of commons,下议院,cedict
side of the body,体侧,cedict
triad of the home key,主和弦,cedict
to seize by the throat,掐脖子,cedict
following the ways of old,师古,cedict
the dim light of night,夜色,cedict
mistress of the house,奶奶,cedict
the world of sport,体坛,cedict
to seize  by the arms,挟持,cedict
born of the same parents,同胞,cedict
both sides of the coin,正反两面,cedict
of the same opinion,对茬儿,cedict
the end of an era,日落西山,cedict
wife of the young master,少奶奶,cedict
of the same generation,同辈,cedict
photograph of the entire family,全家福,cedict
white of the eye,白眼珠,cedict
under the jurisdiction of,治下,cedict
the experience of war,戎马生涯,cedict
under the umbrella of,伞下,cedict
under the banner of,旗下,cedict
palm of the hand,巴掌,cedict
under the guise of,假借,cedict
constructed under the supervision of,督建,cedict
armed enemy of the nation,御敌,cedict
the world of chinese opera,剧坛,cedict
knight of the zhao state,赵客,cedict
the play of passions,耍私情,cedict
to make up the number,充数,cedict
the world of sensual pleasures,花花世界,cedict
member of the younger generation,小辈子,cedict
manifesto of the communist party,共产党宣言,cedict
the world of mortals,红尘,cedict
the world of movies,影坛,cedict
things of the world,世事,cedict
ways of the world,人事,cedict
world of the living,阳世,cedict
teachers of the state,国师,cedict
final years of the century,世纪末年,cedict
the set of integers,整数集合,cedict
the set of natural numbers,自然数集,cedict
view of the situation,图景,cedict
the facts of life,人事,cedict
the necessities of life,养活,cedict
the vicissitudes of life,千锤百炼,cedict
the period of japanese rule,日治时期,cedict
member of the imperial clan,宗室,cedict
god of the north sky,玄武,cedict
the rhizome of large-headed atractylodes,白术,cedict
the young  of an animal,幼体,cedict
fate of the nation,国运,cedict
crown of the head,天灵盖,cedict
head of the household,户主,cedict
of the bride's party,女方,cedict
meeting of the whole committee,全体会议,cedict
the school sayings of confucius,家语,cedict
middle of the night,人定,cedict
wide of the mark,不着边际,cedict
member of the legislative yuan,立法委员,cedict
affairs of the nation,国事,cedict
member of the kgb,克格勃,cedict
the dead of night,人定,cedict
to get all the glory,专美于前,cedict
source of the law,法源,cedict
language of the trade,行话,cedict
top of the list,居首,cedict
return of the prodigal son,败子回头,cedict
pupil of the eye,眸子,cedict
instrument of the violin family,提琴,cedict
edge of the water,水浒,cedict
swelling of the head,头脑发胀,cedict
the root cause of trouble,病根,cedict
light of the setting sun,余光,cedict
inner corner of the eye,内眼角,cedict
outer corner of the eye,外眼角,cedict
the rule of former kings,先王之政,cedict
insects of the order coleoptera,甲壳虫类,cedict
of the highest order,优等,cedict
the natural order of things,天理,cedict
of the appropriate age,适龄,cedict
front of the stage,台前,cedict
the river of love,爱河,cedict
virus of the family bunyaviridae,布尼亚病毒,cedict
the prime minister of shu,蜀相,cedict
the speed of light,光速,cedict
base of the ear,耳根,cedict
surface of the body,体表,cedict
aqueous chamber of the eye,眼房,cedict
family of the deceased,遗族,cedict
surviving family of the deceased,遗属,cedict
trick of the eye,错视,cedict
wasp of the family sphecidae,蠮螉,cedict
edge of the road,马路沿儿,cedict
handle of the big dipper,斗柄,cedict
worthy of the name,名副其实,cedict
study of the confucian classics,经学,cedict
the treasure of buddha's law,宝藏,cedict
the export-import bank of china,中国进出口银行,cedict
minister of the imperial household,光禄勋,cedict
total eclipse of the sun,日全食,cedict
rim of the eye,眼圈,cedict
sound of the heart,心音,cedict
the twinkle of an eye,一瞬,cedict
the art of tea,茶艺,cedict
heat death of the universe,热寂,cedict
base of the skull,颅底,cedict
fundus of the eye,眼底,cedict
the biblical book of proverbs,箴言,cedict
the biblical book of psalms,诗篇,cedict
the music of former kings,先王之乐,cedict
to get through the year,卒岁,cedict
best of the bunch,精选,cedict
the secret of success,要诀,cedict
the process of childbirth,产程,cedict
return of the emperor,回銮,cedict
the saint of war,武圣,cedict
minister of the interior,内政部长,cedict
the land of nod,睡乡,cedict
periphery of the body,体表,cedict
sound of the wind,风声,cedict
the moment of truth,真心话大冒险,cedict
to speak from the heart,剖腹,cedict
cause of the ruin,祸根,cedict
to expel from the party,开除党籍,cedict
trick of the trade,江湖一点诀,cedict
father of the republic,国父,cedict
the whole of america,全美,cedict
the whole of china,天下,cedict
the whole of malaysia,全马,cedict
rules of the road,交通规则,cedict
the eight methods of bonesetting,正骨八法,cedict
tale of the white snake,白蛇传,cedict
march of the volunteer army,义勇军进行曲,cedict
final wishes of the departed,遗愿,cedict
tip of the foot,足尖,cedict
interpretation of the cause,病机,cedict
the king of hell,冥王,cedict
bottom tip of the heart,心尖,cedict
short stave of the barrel,短板,cedict
item of the highest quality,极品,cedict
tricks of the trade,两下子,cedict
method of dispatching the ball,球路,cedict
the land of dreams,梦乡,cedict
disease of the blood,血液病,cedict
born of the wife,嫡出,cedict
arch of the foot,脚心,cedict
the society of friends,教友派,cedict
the society of jesus,耶酥会,cedict
middle of the river,河心,cedict
father of the reigning emperor,太上皇,cedict
of the opposite sex,异性,cedict
evocative of the past,触景生情,cedict
practice of the past,往例,cedict
vestiges of the past,雪泥鸿爪,cedict
of the firm opinion,认定,cedict
publicity department of the ccp,中宣部,cedict
an ambassador of the church,教廷大使,cedict
bottom of the heart,肺腑,cedict
union of the comoros,科摩罗,cedict
the girl of your dreams,心动女,cedict
the totality of human attributes,人性,cedict
periodic table of the elements,元素周期表,cedict
central committee of the ccp,党中央,cedict
relatives of the wife,裙带亲,cedict
the theory of evolution,天演论,cedict
the lord of lu,鲁君,cedict
rules of the game,玩法,cedict
son of the boss,少爷,cedict
beneficial influence of the sovereign,王化,cedict
crook of the arm,臂弯,cedict
president of the association,总会会长,cedict
justice of the peace,大理,cedict
corner of the mouth,口角,cedict
tent of the commanding officer,牙帐,cedict
of the highest quality,浑然天成,cedict
the hebrew university of jerusalem,希伯来大学,cedict
the university of hong kong,香港大学,cedict
university of the philippines,菲律宾大学,cedict
feast of the sacred heart,圣心节,cedict
intensity of the fire,火色,cedict
scene of the crime,犯罪现场,cedict
freedom of the press,新闻自由,cedict
wall of the uterus,子宫壁,cedict
original essence of the cosmos,太虚,cedict
root of the trouble,祸根,cedict
picture of the deceased,遗容,cedict
glow of the setting sun,夕照,cedict
emperor of the sea,海神,cedict
the theory of curves,曲线论,cedict
the theory of surfaces,曲面论,cedict
the blue dome of heaven,苍穹,cedict
to fall from the sky,从天而降,cedict
affairs of the heart,情场,cedict
beating of the heart,突突,cedict
middle of the forehead,天庭,cedict
the height of summer,盛夏,cedict
showing the hardships of travel,满脸风尘,cedict
partial eclipse of the sun,日偏食,cedict
roof of the mouth,上膛,cedict
minority of the population,小众,cedict
perils of the sea,海难,cedict
knowledge of the fundamentals,功底,cedict
the title of emperor,皇位,cedict
to return from the grave,还魂,cedict
branch of the armed forces,兵种,cedict
spirit of the planet mars,火德星君,cedict
core of the earth,地核,cedict
skeleton of the dead,尸骨,cedict
the crime of armed rebellion,叛乱罪,cedict
regardless of the season,无冬无夏,cedict
bones of the dead,白骨,cedict
seat of the government,六扇门,cedict
bridge of the nose,鼻梁,cedict
the slightest whiff of trouble,风吹草动,cedict
tones of the musical scale,七声,cedict
roar of the wind,唿喇喇,cedict
aspect of the celestial bodies,星象,cedict
bottom of the ocean,洋底,cedict
root of the nose,山根,cedict
qi of the northern dynasties,北齐,cedict
wei of the northern dynasties,拓跋魏,cedict
temperature of the soil,土温,cedict
origin of the universe,混元,cedict
the attitude of mechanically borrowing,拿来主义,cedict
island of the immortals,仙岛,cedict
tip of the nose,鼻尖,cedict
ends of the earth,天边,cedict
continuous blowing of the wind,阑风,cedict
the cool of autumn,秋凉,cedict
of the utmost importance,重中之重,cedict
trajectory of the ball,球路,cedict
dim sight of the aged,老耄,cedict
phase of the moon,月相,cedict
slip of the tongue,失口,cedict
elimination of the weak,劣汰,cedict
the crime of treason,叛国罪,cedict
ministry of the interior,内政部,cedict
unaware of the disasters ahead,燕雀处堂,cedict
the crime of corruption,腐败罪,cedict
the crime of hooliganism,流氓罪,cedict
to rise from the ashes,浴火重生,cedict
martyr of the revolution,革命烈士,cedict
the radiance of spring,春光,cedict
the queen of flowers,花魁,cedict
cream of the crop,尖子,cedict
the beginning of spring,新春,cedict
the depth of winter,隆冬,cedict
freedom of the media,媒体自由,cedict
ceremony of capping the roof,封顶仪式,cedict
intensity of the rain,雨势,cedict
fond of the bottle,好酒贪杯,cedict
assumption of the virgin mary,圣母升天节,cedict
mausoleum of the yellow emperor,黄陵,cedict
the era of japanese occupation,日据时代,cedict
the ultimate essence of things,实相,cedict
enemy of the emperor,御敌,cedict
the biblical song of solomon,雅歌,cedict
outer tip of the eyebrow,眉角,cedict
lily of the valley,铃兰,cedict
tomb of the unknown soldier,无名战士墓,cedict
lobe of the brain,脑叶,cedict
to protect from the rain,挡雨,cedict
pit of the stomach,心口,cedict
to have a heart-to-heart chat,谈心,cedict
ventricles of the brain,脑室,cedict
diameter of the moon's orbit,月径,cedict
the psychological harm of pornography,黄毒,cedict
the height of folly,荒谬绝伦,cedict
tip of the iceberg,冰山一角,cedict
chen of the southern dynasties,南朝陈,cedict
liang of the southern dynasties,南朝梁,cedict
tragedy of the commons,公地悲剧,cedict
fruit of the sapindus trees,槵子,cedict
center of the sky,天心,cedict
color of the sky,天色,cedict
bone of the forearm,尺骨,cedict
tip of the eyebrows,眉端,cedict
the gates of hell,鬼门关,cedict
to learn from the ancients,稽古,cedict
words of the ancient thinkers,前言,cedict
soul of the deceased,亡魂,cedict
diameter of the moon,月径,cedict
the axis of evil,邪恶轴心,cedict
the joy of matrimony,于归之喜,cedict
the vault of heaven,穹苍,cedict
possession of the empire,天禄,cedict
the wrath of heaven,天谴,cedict
eclipse of the moon,月食,cedict
partial eclipse of the moon,月偏食,cedict
portrait of the deceased,神像,cedict
to have a mind to,有心,cedict
hollow of the palm,掌心,cedict
nations of the persian gulf,海湾国家,cedict
commander of the imperial guards,卫尉,cedict
the flesh of oyster,蛎黄,cedict
countries of the indian ocean,西洋,cedict
the belt of orion,三星,cedict
the possibility of mutual coexistence,共存性,cedict
citizenship of the planet,球籍,cedict
lungs of the planet,大氧吧,cedict
insect of the gampsocleis genus,蝈螽,cedict
the fate of humankind,生老病死,cedict
the daoist doctrine of inaction,无为,cedict
ark of the covenant,约柜,cedict
outside the sphere of civilization,化外,cedict
inflammation of the liver,肝火,cedict
the heroes of liangshan marsh,梁山好汉,cedict
to watch from the sidelines,观战,cedict
the hazy dusk of twilight,暮色苍茫,cedict
descendants of the dragon,龙的传人,cedict
the desolation of trauma,疮痍,cedict
indigenous peoples of the americas,印第安,cedict
contraction of the uterus,宫缩,cedict
words of the deceased,遗言,cedict
the underworld of chinese mythology,九泉,cedict
the norman conquest of england,诺曼征服,cedict
points of the compass,方位,cedict
precepts of the antiquity,古道,cedict
involuntary movements of the limbs,手舞足蹈,cedict
the central plains of china,中土,cedict
the sage of intoxication,醉圣,cedict
favus of the scalp,秃疮,cedict
tales of the supernatural,志怪小说,cedict
soles of the feet,脚底,cedict
kingdom of the underworld,阴曹地府,cedict
fibroid tumor of the uterus,子宫肌瘤,cedict
opacity of the cornea,白翳,cedict
depletion of the spleen,脾虚,cedict
archangel gabriel of the annunciation,加百列,cedict
isthmus of the fauces,咽峡,cedict
acts of the apostles,使徒行传,cedict
adventures of the gummi bears,妙妙熊历险记,cedict
attendants of the daoist immortals,金童玉女,cedict
children of the nobility,王孙,cedict
collaborator of the investigator,协同主持人,cedict
equality of the sexes,男女平等,cedict
excessive blinking of the eyes,目劄,cedict
feelings of the masses,下情,cedict
hardening of the arteries,动脉硬化,cedict
inflammation of the lungs,肺炎,cedict
kingdom of the netherlands,荷兰王国,cedict
municipality of the islands,海岛市,cedict
refined activities of the intellectuals,雅事,cedict
regardless of the consequences,不管三七二十一,cedict
removal of the kneecaps,膑刑,cedict
survival of the fittest,优胜劣汰,cedict
the barking of dogs fighting,吽牙,cedict
the lamentations of jeremiah,耶利米哀歌,cedict
the makings of,坯子,cedict
the rites of zhou,周礼,cedict
the teaching of confucius,孔道,cedict
translation of the meaning,意译,cedict
unaware of the inner workings,不知就里,cedict
to admire from the heart,心折,cedict
to drop from the sky,空降,cedict
to shield from the sun,遮阳,cedict
to go into the water,下水,cedict
to abscond from the army,开小差,cedict
to retire from the courtroom,退庭,cedict
to bleed from the nose,流鼻血,cedict
to shout from the rooftops,户告人晓,cedict
to disengage from the performance,出戏,cedict
to go over the line,出线,cedict
to go the same way,同路,cedict
to get into the market,进场,cedict
one and the same,一回事,cedict
to divide up the work,分工,cedict
the will to move mountains,移山志,cedict
to give the go-ahead,开绿灯,cedict
to seek out the new,追新,cedict
to go the wrong way,走错,cedict
to come into the world,下世,cedict
a bolt from the blue,青天霹雳,cedict
to give up the ghost,一命呜呼,cedict
to take over the job,换班,cedict
right up to the present,直到现在,cedict
to go off the stage,下台,cedict
to give the correct time,报时,cedict
to go through the formalities,走形式,cedict
to go through the motions,引而不发,cedict
to wield all the power,独大,cedict
to go off the scale,出格,cedict
to go against the current,上行,cedict
to celebrate the new year,履新,cedict
to get through the winter,过冬,cedict
to look after the house,看家,cedict
to go against the wind,逆风,cedict
to go against the flow,逆流而上,cedict
to explain all the details,铺叙,cedict
to while the time away,消遣,cedict
to go against the trend,逆势,cedict
to go against the rules,犯戒,cedict
to find the time,挤出,cedict
to take the long view,远虑,cedict
to add up the total,合计,cedict
to carry the can,顶缸,cedict
to get off the hook,下台,cedict
to look into the distance,遥望,cedict
to make the point,点题,cedict
to let the world know,公之于众,cedict
to keep out the elements,遮风避雨,cedict
to make the final decision,定音,cedict
to clear up the mess,收拾残局,cedict
to let the string out,放线,cedict
to go among the masses,下来,cedict
to bring up the rear,压阵,cedict
to take the long route,绕路,cedict
to rush through the work,草草了事,cedict
to get the wrong idea,会错意,cedict
to cover up the truth,隐瞒,cedict
to draw up the theme,出题,cedict
to make the minute visible,显微,cedict
to pick up the check,作东,cedict
up to the present,时至今日,cedict
to idle away the time,消闲,cedict
to wear out the doorstep,踏破门槛,cedict
to take the lead,一马当先,cedict
to stir up the fire,惹火,cedict
in the mood for playing,玩兴,cedict
to go onto the streets,上街,cedict
to make the list,上榜,cedict
to hit the big time,大红大紫,cedict
to pick up the pieces,收拾残局,cedict
up to the task,玩儿得转,cedict
to hang up the sword,封刀,cedict
to roll up the sleeves,攘袖,cedict
to hang up the phone,挂线,cedict
to ease up the pace,放慢脚步,cedict
to wipe out the villains,诛暴讨逆,cedict
to work against the clock,赶工,cedict
to weed out the traitors,锄奸,cedict
to put into the pot,下锅,cedict
to exceed the time limit,超时,cedict
up to the maximum,至多,cedict
to liven up the atmosphere,炒气氛,cedict
to get the news,听信,cedict
to get the materials ready,备料,cedict
to make the grade,出线,cedict
strikes you in the face,扑脸儿,cedict
to take the middle road,折中,cedict
to make the vagina tighter,缩阴,cedict
to up the ante,加码,cedict
up to the eyeballs,严了眼儿,cedict
to get the ball rolling,抛砖,cedict
to pass the time,打发时间,cedict
to run like the wind,脚不沾地,cedict
to get the desired outcome,讨好,cedict
to use the correct method,有方,cedict
to face into the wind,顶风,cedict
to get the lines crossed,串线,cedict
to take the best,取其精华,cedict
to complete the year's harvest,挂镰,cedict
to bring the house down,满堂彩,cedict
to rise into the air,腾空而起,cedict
to beat about the bush,兜圈子,cedict
to know the score,心里有数,cedict
to give the game away,露出马脚,cedict
to take the field,上场,cedict
the simple and good life,老婆孩子热炕头,cedict
to work the land,务农,cedict
to talk over the telephone,通话,cedict
to open the back door,开后门,cedict
to take the wrong,走错,cedict
to fall into the ocean,坠海,cedict
to take the opportunity,乘机,cedict
to know the facts,知情,cedict
to know the ropes,懂眼,cedict
it would be better to,不如,cedict
to take the credit,擅美,cedict
in the same way as,便是,cedict
to win the first battle,首战告捷,cedict
to take the crown,黄袍加身,cedict
to gaze into the air,望洋,cedict
to show the way,引路,cedict
to take the blame,任咎,cedict
to discharge  into the air,排空,cedict
to lead the way,先导,cedict
to take the medicine orally,内用,cedict
to give the green light,开绿灯,cedict
to take the plunge,下海,cedict
to release  into the wild,放养,cedict
to take the bait,上钩,cedict
to take the helm,操航,cedict
to take the tonsure,剃度,cedict
to take the initiative,主动,cedict
to take the offensive,拉开架势,cedict
to drain  into the sea,排海,cedict
to turn back the clock,复古,cedict
the ability to judge well,识力,cedict
to ask the way,问路,cedict
to gaze into the distance,远眺,cedict
to fade into the distance,远逝,cedict
to open the way,唱喏,cedict
to bring back the dead,着手成春,cedict
to crash into the ocean,坠海,cedict
to soar into the sky,直上云霄,cedict
to follow the right path,居正,cedict
to sing the high part,唱高调,cedict
to accept the new,纳新,cedict
to drive down the price,降价,cedict
to clear the way,疏导,cedict
to surge like the tide,潮涌,cedict
to send down the line,层层传达,cedict
to paper over the issues,和稀泥,cedict
to cut down the price,削价,cedict
to run the whole show,一手包办,cedict
to live off the land,靠山吃山，靠水吃水,cedict
in touch with the people,亲民,cedict
to give the middle finger,比中指,cedict
to live through the winter,越冬,cedict
not in the least inferior,毫无逊色,cedict
not helping in the least,无补,cedict
not in the least,毫不,cedict
not in the least concerned,不闻不问,cedict
to grieve over the dead,室迩人遐,cedict
to play the good cop,唱红脸,cedict
to break through the ground,破土,cedict
to advance through the water,潜行,cedict
to benefit the people,利民,cedict
to lose the way,迷津,cedict
the proper way to eat,食道,cedict
to beat down the price,杀价,cedict
to stroll down the street,逛街,cedict
to run off the track,越轨,cedict
to haul  over the coals,剥皮,cedict
to turn off the screen,息屏,cedict
deputy to the people's congress,人民代表,cedict
to pull back the advantage,扳平,cedict
to swallow the wrong way,呛到,cedict
to put under the plow,开垦,cedict
to fly through the air,横飞,cedict
to share the same room,同房,cedict
to support the family business,顶门壮户,cedict
to seal off the country,闭关,cedict
to enter the way,入道,cedict
to plow the first furrow,开犁,cedict
to govern the country,治国理政,cedict
to oppress the people,欺男霸女,cedict
to enrich the people,富民,cedict
to torment the people,荼毒生灵,cedict
to rise through the nobility,晋爵,cedict
to rise through the ranks,提干,cedict
to bar the way,拦住,cedict
to pacify the people,安人,cedict
to travel around the world,周游世界,cedict
to branch off the road,岔开,cedict
to conspire against the state,谋反,cedict
to convey the way,载道,cedict
to speak off the cuff,信口雌黄,cedict
within and without the borders,境内外,cedict
to fight the whole world,与全世界为敌,cedict
politics and the economy,政经,cedict
to wash the medicine down,送服,cedict
to lower the interest rate,减息,cedict
to whistle down the wind,白费唇舌,cedict
to travel around the country,走江湖,cedict
to set the record straight,还原真相,cedict
to play the market,倒把,cedict
to develop the mind,彪蒙,cedict
to find the derivative,求导,cedict
to follow the doctor's advice,遵医嘱,cedict
to change the subject,打岔,cedict
to shock the whole world,震惊中外,cedict
close to the end,未央,cedict
to win the top award,抡元,cedict
the right to host,主办权,cedict
to spend the whole night,打通宵,cedict
service to the public,公益事业,cedict
to shine through the ages,彪炳千古,cedict
to both share the limelight,平分秋色,cedict
to buy the whole lot,包圆儿,cedict
to wash  off the floor,洗地,cedict
to walk around the stage,走圆场,cedict
to parade  through the streets,游街示众,cedict
the right to autonomy,自治权,cedict
to need the toilet,便急,cedict
to meet the eye,触目,cedict
to act behind the scenes,作怪,cedict
to lead the charge,打冲锋,cedict
to remain the same,依旧,cedict
not to be trifled with,不好惹,cedict
to play the white knight,路见不平，拔刀相助,cedict
to ring off the hook,打爆,cedict
to share the same interests,休戚相关,cedict
to reach the lowest point,触底,cedict
to complete the training course,结训,cedict
to open the city  gate,开关,cedict
to keep the law,护法,cedict
to raise the same topic,重提,cedict
to save the show,救场,cedict
to approach the front line,临阵,cedict
to game the system,玩法,cedict
to reduce the tax rate,减税,cedict
to play the field,放线,cedict
to cut open the abdomen,剖腹,cedict
to sail against the current,逆流而上,cedict
to tell the truth,实话实说,cedict
to play the leading role,担纲,cedict
to wander off the topic,走板,cedict
to become the character,入戏,cedict
to skirt around the issue,打擦边球,cedict
to clear the road,清道,cedict
to gain the upper hand,占上风,cedict
the hotel and restaurant business,酒店业,cedict
to move the capital,迁都,cedict
to line the street,夹道,cedict
to meet the standard required,合格,cedict
to sing the lead vocals,主唱,cedict
to change the channel,转台,cedict
to change the tv channel,换台,cedict
to travel the world,浪迹天涯,cedict
to score the winning point,绝杀,cedict
to close the market,休市,cedict
to the last,到底,cedict
to change the guard,换岗,cedict
to steal the show,抢风头,cedict
to help the poor,扶贫济困,cedict
the north and south poles,两极,cedict
to pay the bill,埋单,cedict
to feel  the pulse,按脉,cedict
to feel the pulse,把脉,cedict
to wreck the house,拆家,cedict
to close the book,掩卷,cedict
to repeat the same,两下子,cedict
to dress the set,置景,cedict
to the bitter end,拼到底,cedict
loyal to the end,坚贞,cedict
anesthesia to half the body,半麻醉,cedict
to save the nation,救国,cedict
to wave the hand,摇手,cedict
to level the land,平地,cedict
to follow the crowd,从众,cedict
to support the front,支前,cedict
to stand above the crowd,独秀,cedict
to change the laws,变法,cedict
to beat against the shore,拍岸,cedict
to rank among the best,名列前茅,cedict
to call the tune,定音,cedict
to protect the country,守土,cedict
to follow the trend,赶浪头,cedict
to become the norm,常态化,cedict
to the end,到底,cedict
duty to defend the country,守土有责,cedict
to lower the head,埋头,cedict
to play the fool,装疯卖傻,cedict
to face the wall,面壁,cedict
to tack against the wind,抢风航行,cedict
to spend the night,过夜,cedict
to set the tone,定调,cedict
to manage the household,当家,cedict
to call the shots,当家,cedict
to the point,扼要,cedict
to break the law,犯事,cedict
to follow the herd,人云亦云,cedict
to play the profound thinker,故作深沉,cedict
to close the door,带上门,cedict
to set the pace,领跑,cedict
to follow the customary ceremonies,行礼如仪,cedict
to follow the rules,照办,cedict
to sound the night watches,打更,cedict
to play the zither,抚琴,cedict
to play the endgame,收官,cedict
to hand someone the swordhilt,授人以柄,cedict
to cover the whole,遍布,cedict
to number the years,纪年,cedict
to cover the road,载途,cedict
to regain the natural state,返璞归真,cedict
to conquer the world,打天下,cedict
to rebel against the emperor,犯上作乱,cedict
to add the finishing touch,点睛,cedict
to increase the army,扩编,cedict
to hold the pen,秉笔,cedict
to shun the world,避世,cedict
to reach the upper limit,顶天,cedict
to cut the price,降价,cedict
to beat around the bush,搪塞,cedict
to leave the field,退场,cedict
to cross the street,过马路,cedict
the northern part a country,北方,cedict
to mark the price,标价,cedict
help to the needy,周济,cedict
to help the needy,赒人,cedict
to hold the rudder,把舵,cedict
to hold  the helm,把舵,cedict
to hold the lines,压阵,cedict
to cut the gas supply,断气,cedict
to paint the town red,饮酒作乐,cedict
appropriate to the market,适销,cedict
to face the corner,向隅,cedict
to break the rule,破格,cedict
to water the garden,浇花,cedict
to determine the nature,定性,cedict
to wash the face,洗脸,cedict
to calculate the final bill,决算,cedict
to cross the line,触线,cedict
to hit the market,上市,cedict
to fall behind the ranks,落伍,cedict
to open the throttle,开大油门,cedict
to open the floodgates,开口子,cedict
to answer the door,应门,cedict
to reach the top,荣登,cedict
caviar to the general,对牛弹琴,cedict
to turn the tables,扳回,cedict
to leave the hospital,退院,cedict
traitor to the nation,国贼,cedict
to start the harvest,开镰,cedict
to run the meter,打表,cedict
to clean the street,清道,cedict
to raise the price,提价,cedict
worn next to the skin,贴身,cedict
to select the best,举用,cedict
to select the best parts,撷英,cedict
to level the score,扳平,cedict
to bow the head,低头,cedict
to let the dough rest,醒面,cedict
to face the enemy,对敌,cedict
to start the bidding,开拍,cedict
to start the servers,开服,cedict
to self-draw the winning tile,自摸,cedict
to treat the situation lightly,泰然处之,cedict
to shave the head,剃度,cedict
to respect the law,守分,cedict
to gather around the stove,围炉,cedict
to admire the full moon,赏月,cedict
to instruct the young,启蒙,cedict
to study the classic texts,稽古,cedict
to win the championship,封王,cedict
to win the laurels,折桂,cedict
to sign across the seal,弥封,cedict
to invigorate the country,兴国,cedict
to pacify the country,平天下,cedict
to serve the king diligently,勤王,cedict
to tattoo the face,文面,cedict
to share the bed,同床共枕,cedict
to challenge the law,以身试法,cedict
to cross the limit,超标,cedict
to speak the truth,说实话,cedict
to interpret the law,释法,cedict
to benefit the community,造福社群,cedict
to estimate the value,估定,cedict
china and the west,中西,cedict
next to the aisle,靠走廊,cedict
to reduce the balance sheet,缩表,cedict
to drop the matter,歇心,cedict
to maintain the land,养地,cedict
to fill the road,载道,cedict
to reveal the inside story,揭底,cedict
to produce the goods,出活,cedict
to exit the market,退市,cedict
to stroll around the streets,轧马路,cedict
to complete the task,做完,cedict
to exceed the speed limit,超速,cedict
pleasant to the eye,中看,cedict
to sidestep the question,答非所问,cedict
to bare the upper body,袒裼,cedict
to leave the mountain,出山,cedict
to implement the law,施法,cedict
to enjoy the cool air,纳凉,cedict
to inundate the market,出笼,cedict
to deal the fatal blow,绝杀,cedict
to the full,充分,cedict
to leave the factory,出厂,cedict
to the side,壁厢,cedict
to greet the eye,映入眼帘,cedict
the truth comes to light,水落石出,cedict
to study the confucian classics,读经,cedict
to study the underlying principles,推究,cedict
to flash the yellow light,亮黄灯,cedict
the sun and moon,日月,cedict
to extend the period,展期,cedict
to reduce the pressure,降压,cedict
to scandalize the public,惊师动众,cedict
to lower the standard,降格,cedict
to travel across the oceans,远渡重洋,cedict
to cross the stage,过场,cedict
as in the past,照旧,cedict
to break the surface,出水,cedict
according to the situation,随机,cedict
to grow the intellect,益智,cedict
to water the plants,浇花,cedict
offensive to the eye,不雅观,cedict
pleasing to the eye,美观,cedict
unpleasant to the eye,看不顺眼,cedict
to lock the door,锁门,cedict
to save the situation,解救,cedict
close to the border,沿边,cedict
to spend the summer,消夏,cedict
and the rest,诸如此类,cedict
to leave the venue,出场,cedict
to knowingly violate the law,以身试法,cedict
to violate the law,得罪,cedict
to create the universe,造物,cedict
to leave the monastery,退院,cedict
to touch the ground,着地,cedict
the road to disaster,死路,cedict
to disregard the law,藐法,cedict
to stop the clock,停表,cedict
to flout the law,作奸犯科,cedict
to circumvent the law,枉法,cedict
to leave the rails,脱轨,cedict
to light the flame,开火,cedict
to visit the yellow springs,命赴黄泉,cedict
to pass the ball,传球,cedict
to draw the winning ticket,摇奖,cedict
to beat the summer heat,去暑,cedict
to fill the air,弥漫,cedict
light to the barbarian,蒙求,cedict
to pass the winter,越冬,cedict
unable to return the favor,无以为报,cedict
to understand the unspoken implications,听话听声，锣鼓听音,cedict
unable to break the custom,未能免俗,cedict
to divulge the inside story,泄底,cedict
to slam the door,摔门,cedict
to close the passes,闭关,cedict
equal to the capital,对本,cedict
precise to the finest detail,丝毫不差,cedict
to recall the past,回首,cedict
to calculate the running total,累计,cedict
to calculate the total,加和,cedict
martyr to the national cause,国殇,cedict
to handle the situation calmly,泰然处之,cedict
to walk the runway,走秀,cedict
to join the army,参军,cedict
to overstep the limit,过头,cedict
to reduce the pace,放慢,cedict
to visit the usa,访美,cedict
to join the military,投笔从戎,cedict
the tang  and song  dynasties,唐宋,cedict
appropriate to the occasion,得体,cedict
to cut the ribbon,剪彩,cedict
to enter the sea,下海,cedict
to cover the costs,付费,cedict
to revise the current edition,改版,cedict
to attack the goal,叩关,cedict
to break the hymen,破处,cedict
to break the rules,乱纪,cedict
to pass the imperial examinations,中式,cedict
to enter the capital,进京,cedict
punitive expedition to the north,北征,cedict
to drink the northwest wind,喝西北风,cedict
punitive expedition to the south,南征,cedict
to seize the opportune moment,不失时机,cedict
to perform the ritual bows,行礼如仪,cedict
the enemy and us,敌我,cedict
to determine the sentence,量刑,cedict
to reach the shore,靠岸,cedict
to affirm the original sentence,维持原判,cedict
to seek the truth,求是,cedict
to enter the army,入伍,cedict
to pass the buck,互相扯皮,cedict
to prepare the soil,整地,cedict
to treat the symptoms,头痛医头,cedict
to test the waters,试水温,cedict
punitive expedition to the west,西征,cedict
to explain the facts,分辩,cedict
to revisit the past,吊古,cedict
to catch the wind,兜风,cedict
to hit the ball lightly,轻击球,cedict
to clean the floor,洗地,cedict
to raise the alarm,敲响,cedict
to sound the retreat,鸣金,cedict
to expand the balance sheet,扩表,cedict
to sound the horn,鸣号,cedict
unable to bear the pain,不胜其苦,cedict
to determine the chemical composition,定性,cedict
to supply the answering phrase,对对子,cedict
saint vincent and the grenadines,圣文森及格瑞那丁,cedict
to bear the weight,承载,cedict
to raise the curtain,拉开序幕,cedict
to reach the pinnacle,臻化境,cedict
the hammer and sickle,镰刀斧头,cedict
to send the betrothal gifts,下聘,cedict
the monarch and his ministers,君长,cedict
amidst the clouds and mist,云里雾里,cedict
to reach the higher authorities,上达,cedict
inclining to the west,偏西,cedict
to approach the airfield,进场,cedict
to enter the scene,出场,cedict
to match the advertised description,对版,cedict
to fix the capital,定鼎,cedict
to hit the target,中的,cedict
to dismantle the stage,拆台,cedict
to answer the phone,接听,cedict
to lay the foundation,垫底,cedict
punitive expedition to the east,东征,cedict
the righteous and harmonious fists,义和团,cedict
to wet the bed,尿床,cedict
to lower the temperature,降温,cedict
to miss the target,脱靶,cedict
the ins and outs,始末,cedict
the ming  and qing  dynasties,明清,cedict
the qin  and han  dynasties,秦汉,cedict
the stars and stripes,花旗,cedict
to spread the news,奔走相告,cedict
to attack the enemy,杀敌,cedict
to enter the emperor's palace,进宫,cedict
to remove the skin,去皮,cedict
to the letter,不折不扣,cedict
to achieve the dao,得道,cedict
to burn the midnight oil,挑灯夜战,cedict
to reveal the truth,吐实,cedict
to admit the truth,认账,cedict
to cross the ocean,漂洋,cedict
to ride the wind,乘风,cedict
to kill the fatted calf,牵羊担酒,cedict
to fail the imperial exams,落榜,cedict
to thank the matchmaker,谢媒,cedict
to protect the eyes,养眼,cedict
has to bear the blame,难辞其咎,cedict
to hit the net,落网,cedict
to observe the ritual mourning,居丧,cedict
to enrich the blood,补血,cedict
to check the guard posts,查岗,cedict
tutor to the crown prince,太子太保,cedict
to seize the opportunity,乘势,cedict
to fill the sky,漫天飞舞,cedict
to aid the enemy,资敌,cedict
to calculate the score,计分,cedict
to boost the pressure,升压,cedict
to lay the groundwork,铺路,cedict
according to the facts,据实,cedict
according to the location,随地,cedict
according to the regulations,照章,cedict
to bury the dead,落葬,cedict
to join the nobility,晋爵,cedict
to join the wto,入世,cedict
to sweep the floor,扫地,cedict
herald to the crown prince,洗马,cedict
assistance to the poor,扶贫,cedict
to paint the eyebrows,扫眉,cedict
to overlook the sea,临海,cedict
to lower  the voltage,降压,cedict
to adjust the speed,调速,cedict
to examine the cadres,审干,cedict
to examine the eyes,验光,cedict
to examine the reliability,征信,cedict
apt to the occasion,适时,cedict
to shoot the breeze,打屁,cedict
to jump the track,脱线,cedict
to strike the colors,降旗,cedict
to enjoy the sights,游赏,cedict
to enter the venue,进场,cedict
to fear the communists,恐共,cedict
exposed to the sun,向阳,cedict
to enter the arena,进场,cedict
to hate the rich,仇富,cedict
to warm the bench,坐冷板凳,cedict
to respect the elderly,敬老,cedict
to bear the brunt,首当其冲,cedict
to extend the scope,扩大化,cedict
to touch the pillow,落枕,cedict
to expel the cold,驱寒,cedict
to accuse the victim,反污,cedict
to pull the strings,幕后操纵,cedict
to vacuum the floor,吸地,cedict
as recorded in the accounts,账载,cedict
the urge to smoke,烟瘾,cedict
to remove the husk,脱壳,cedict
to remove the dross,去其糟粕,cedict
to jump the gun,抢跑,cedict
to mop the floor,拖地,cedict
brought to the utmost degree,到家,cedict
to lift the curtain,拉开序幕,cedict
to balance the books,平账,cedict
to check the sentries,查哨,cedict
to smooth the skin,磨皮,cedict
to resist the enemy,抗敌,cedict
application to the task,钻劲,cedict
spirit reaches to the rainbow,气贯长虹,cedict
to hit the charts,上榜,cedict
to throw the dice,掷色,cedict
to defend the crown,卫冕,cedict
to gain the ascendancy,雄起,cedict
to usurp the military,篡军,cedict
guide to the reader,凡例,cedict
to amend the constitution,修宪,cedict
to spoil the fun,大杀风景,cedict
to orbit the earth,绕地,cedict
fatigued to the extreme,疲惫不堪,cedict
to ride the dragon,乘龙,cedict
to increasingly distort the truth,以讹传讹,cedict
to accomplish the objective,成事,cedict
to interpret the divinatory trigrams,卦辞,cedict
to brave the rain,冒雨,cedict
to spike the ball,杀球,cedict
to ride the clouds,驾云,cedict
to intercept the ball,断球,cedict
to lift the fishnet,扳罾,cedict
to upset the apple cart,搅局,cedict
to fumble the ball,掉球,cedict
developing to the greatest extent,尽性,cedict
to the greatest extent,尽量,cedict
to invite the groom,招亲,cedict
to tie the bridal veil,结缡,cedict
to tie the knot,喜结连理,cedict
to feed the starving ghosts,放焰口,cedict
to engage the gear,挂挡,cedict
to cook the books,灌水,cedict
to violate the constitution,违反宪法,cedict
to cap the roof,封顶,cedict
awakened to the truth,觉醒,cedict
to stroll beneath the moon,步月,cedict
to seize the crown,夺冠,cedict
to sentence the accuser,反坐,cedict
martyr to the revolution,革命先烈,cedict
to spot the differences,找茬,cedict
to stir the pot,敲锣边儿,cedict
to wash the dishes,洗碗,cedict
to bare the breast,袒胸,cedict
to harm the innocent,伤及无辜,cedict
path to the underworld,冥道,cedict
to be as  as ever,不减当年,cedict
to exploit the opponent's shortcomings,抓辫子,cedict
to restore the ming dynasty,复明,cedict
to kick the bucket,翘辫子,cedict
to hog the conversation,叨叨,cedict
to guard the frontier,戍边,cedict
biography external to the classics,圣经外传,cedict
to bite the dust,吹灯拔蜡,cedict
angle to the vertical,对顶角,cedict
to garrison the border,戍边,cedict
to signal the musicians,叫板,cedict
to weed the soil,锄地,cedict
bare to the waist,赤膊,cedict
to convince the masses,服众,cedict
to heal the breach,箍煲,cedict
to absorb the essence,取其精华,cedict
to obey the emperor's decree,遵旨,cedict
pleasing to the ear,顺耳,cedict
to overcome the shame,好意思,cedict
to appreciate the kindness,领情,cedict
to sail the seas,航海,cedict
to preserve the outmoded,保残守缺,cedict
to squeeze the throat,卡脖子,cedict
to underestimate the enemy,轻敌,cedict
to fan the flames,煽风点火,cedict
playing to the gallery,哗众取宠,cedict
to the bone,彻骨,cedict
to lure the enemy,饵敌,cedict
armed to the teeth,全副武装,cedict
to fertilize the soil,肥田,cedict
to solve the riddle,解谜,cedict
to rout the enemy,溃敌,cedict
to bare the feet,打赤脚,cedict
to repulse the enemy,迎击,cedict
to suck the breast,吃奶,cedict
to bend the rules,打擦边球,cedict
to bury the hatchet,和好如初,cedict
giving succor to the enemy,助纣为虐,cedict
to sweep the streets,扫街,cedict
to worship the devil,拜魔,cedict
to calm  the nerves,安神,cedict
to knit the brows,皱眉头,cedict
to seize the throne,篡位,cedict
communication lines to the rear,后路,cedict
to escort the emperor,保驾,cedict
moved to the core,沦浃,cedict
rotten to the core,烂透,cedict
to the core,地地道道,cedict
to wield the pen,运笔,cedict
to grab the limelight,抢镜头,cedict
to offend the eyes,刺眼,cedict
to stamp the feet,蹀足,cedict
to boost  the voltage,升压,cedict
to eliminate the roots,除根,cedict
to clarify the facts,还原真相,cedict
admission to the united nations,入联,cedict
to relieve the distressed,恤匮,cedict
to brave the waves,破浪,cedict
to regain the throne,复位,cedict
to impair the appetite,碍胃口,cedict
to worship the astral deities,步斗踏罡,cedict
memorial to the emperor,奏帖,cedict
to probe the unknown,探秘,cedict
to pronounce the words correctly,吐字,cedict
to squeeze the fingers,拶指,cedict
to ascend the throne,登基,cedict
to penetrate the defense,切入,cedict
to spill the beans,吐实,cedict
to whip the buttocks,笞臀,cedict
to violate the rules,违规,cedict
to enlarge the breasts,隆胸,cedict
to fulfill the quota,满额,cedict
to soak the feet,泡脚,cedict
to overstep the bounds,出圈儿,cedict
to chew the cud,反刍,cedict
to discard the dregs,去其糟粕,cedict
to console the bereaved,吊慰,cedict
to whet the appetite,开胃,cedict
to chant the sutras,诵经,cedict
to grind the teeth,咬牙,cedict
to dazzle the eyes,夺目,cedict
to purge the ranks,清理队伍,cedict
to reap the benefits,受用,cedict
to the utmost,备至,cedict
to assail the nostrils,刺鼻,cedict
to misrepresent the facts,颠倒黑白,cedict
to repel the barbarians,攘夷,cedict
to the marrow,彻骨,cedict
to spout the classics,满口之乎者也,cedict
to expound the classics,谈经,cedict
to monopolize the limelight,专美于前,cedict
to overstep the rules,失格,cedict
to overwrite the firmware,刷入,cedict
appealing to the masses,脍炙人口,cedict
gone to the dogs,完了,cedict
lost to the ages,亡佚,cedict
packed to the rafters,满坑满谷,cedict
payable to the bearer,无记名,cedict
promotion to the nobility,加官进爵,cedict
the injustice to dou e,窦娥冤,cedict
to feet the feet perfectly,跟脚,cedict
to moisten the lungs,润肺,cedict
to recount the events,涉事,cedict
to tighten the strings,促弦,cedict
unpleasant to the eyes,刺目,cedict
the ribbon around a cap,帽箍儿,cedict
to let it be known,扬言,cedict
to be worth it,上算,cedict
to be sorry that,遗憾,cedict
to be positive that,确信,cedict
to be at odds with,相左,cedict
to be on one's way,上路,cedict
to be no match for,比不了,cedict
to think of a way,想法,cedict
to have a lie-in,赖床,cedict
number one in the country,天下第一,cedict
to have in a stranglehold,卡脖子,cedict
to be just right for,恰合,cedict
to be on one's mind,挂心,cedict
to get a sense of,意味,cedict
to make a display of,卖弄,cedict
to make a copy of,抄录,cedict
to make a fool of,摆了一道,cedict
to be on all-night duty,守夜,cedict
to get a glimpse of,窥探,cedict
to be on one's guard,擦亮眼睛,cedict
to take a period of,耗时,cedict
the one in control,主脑,cedict
to take a photograph of,摄取,cedict
a left-and-right pair of shoes,认脚鞋,cedict
out in the open,光明正大,cedict
not to be worried about,无虞,cedict
to be not less than,不下,cedict
it's not the only case,无独有偶,cedict
to be available for sale,上架,cedict
person in the know,知情人,cedict
in the same year,同年,cedict
up in the sky,当空,cedict
to be impatient for success,一口吃个胖子,cedict
first thing in the morning,一大早,cedict
to be exactly as if,俨如,cedict
to be responsible for,分管,cedict
to cause a loss of,有失,cedict
in the right way,得法,cedict
to be asking for trouble,活得不耐烦,cedict
to be getting on well,吃得开,cedict
to leave a gap of,间隔,cedict
to die of a broken-heart,伤心致死,cedict
to dispose of a matter,了事,cedict
to be for rent,招租,cedict
the place for that,其所,cedict
to be eager for,巴不得,cedict
to be fed up with,受够,cedict
to be tangled up with,夹杂,cedict
very early in the morning,凌晨,cedict
to be done for,完了,cedict
to be prepared for accidents,以备不测,cedict
to be suitable for,宜于,cedict
to be used for,用来,cedict
should not be exposed to,见不得,cedict
to catch a glimpse of,窥见,cedict
to be at one's post,在岗,cedict
not want to be outdone,不甘人后,cedict
in the right place,地利,cedict
not be able to hear,听不见,cedict
most recent in the past,晚近,cedict
right in the face,劈脸,cedict
to be away on business,公出,cedict
always in the right,横头横脑,cedict
in the first instance,尽先,cedict
to be on good terms,要好,cedict
man-in-the-middle attack,中间人攻击,cedict
in the first moments,第一时间,cedict
to be well acquainted with,熟知,cedict
to be on show,展出,cedict
to not be able,不克,cedict
to be on call,待命,cedict
not to be pushed around,不好惹,cedict
a decade of a century,年代,cedict
a kind of a bread,窝窝头,cedict
to be on night watch,守夜,cedict
late in the month,月末,cedict
a copy of a film,影片,cedict
to be brimming over with,满溢,cedict
piece in the old style,旧体,cedict
old expert in the field,宿儒,cedict
be sure not to,切莫,cedict
to be on night duty,上夜,cedict
the party in power,执政党,cedict
not to be present,不在,cedict
in the same boat together,吴越同舟,cedict
early in the month,月初,cedict
to be on sick leave,病休,cedict
a victim of a disaster,殉难,cedict
a slip of a pen,笔误,cedict
in the next few days,即日,cedict
in the old style,仿古,cedict
poetry in the old style,旧诗,cedict
full in the face,兜头,cedict
a victim of a calamity,受难者,cedict
be of some help,不无小补,cedict
to be not worth mentioning,不足为道,cedict
to not be worth mentioning,卑卑不足道,cedict
to be thinning on top,歇顶,cedict
the whole country in rebellion,天下大乱,cedict
in the same amount,如数,cedict
to be on foot,徒步,cedict
the thing in itself,本体,cedict
high in the clouds,云端,cedict
child in the womb,孕宝宝,cedict
alone in the world,孤独于世,cedict
the person in charge,主掌,cedict
not to be pooh-poohed,不善,cedict
not to be allowed,不得,cedict
not to be concerned,不管,cedict
not to be crushed,不蒸馒头争口气,cedict
not to be denied,不容置辩,cedict
not to be disclosed,上不了台面,cedict
not to be oneself,不在状态,cedict
not to be outdone,不甘示弱,cedict
not to be repeated,下不为例,cedict
to not be,没有,cedict
to not be considered,不算,cedict
early in the morning,一早,cedict
going in the same direction,一路,cedict
in the past few days,日来,cedict
to be on sale,销行,cedict
to be on bad terms,不和,cedict
in the past always,一直以来,cedict
help in the mess kitchen,帮厨,cedict
in the same boat,难兄难弟,cedict
in the same manner,照样,cedict
in the end,到了,cedict
red in the face,脸红脖子粗,cedict
speed in the final stage,末速,cedict
green in the face,脸都绿了,cedict
to be on duty,上班,cedict
to be on summer vacation,放暑假,cedict
in the near future,近期,cedict
the world in chaos,乱世,cedict
turn in the conversation,转折,cedict
soft in the head,脑子有泡,cedict
in the proper order,以次,cedict
fill-in-the-blank question,填充题,cedict
to be on guard,战兢,cedict
to be keen on,酷爱,cedict
in the open,露天,cedict
in the recent past,前一向,cedict
to be on patrol,放哨,cedict
to be released on bail,取保释放,cedict
to be on probation,见习,cedict
to be on tenterhooks,惴惴不安,cedict
to be bent on,居心,cedict
to be dependent on,倚赖,cedict
to be on friendly terms,交好,cedict
to be on standby,待命,cedict
to be more at ease,好受,cedict
distention in the head,头胀,cedict
heaviness in the head,头重,cedict
to be backed up by,背倚,cedict
outing in the country,野游,cedict
slap in the face,嘴巴,cedict
in the country,乡间,cedict
not to give in to,不服,cedict
to be with child,有喜,cedict
the tedious details in full,详尽,cedict
seniority in the family,班辈,cedict
familiarity in the public consciousness,知名度,cedict
room in the wings,边厢,cedict
free verse in the vernacular,白话诗,cedict
fears originate in the mind,鬼由心生,cedict
fork in the road,岔路,cedict
hard lump in the abdomen,症结,cedict
in the final analysis,归根到底,cedict
spring chill in the air,料峭,cedict
the guy in charge,有权势者,cedict
days in the past,他日,cedict
in the past,在前,cedict
an island in the sea,溟岛,cedict
in the finest detail,尽致,cedict
in the future,今后,cedict
in the indefinite future,无期,cedict
sometime in the future,有朝一日,cedict
the news in brief,简讯,cedict
deep in the mountains,深山,cedict
romance is in the air,风花雪月,cedict
scholar-official in the qing dynasty,阮元,cedict
in the air,半空中,cedict
in the amount stipulated,如数,cedict
in the dark,暗中,cedict
in the red,亏空,cedict
the workers in marxist theory,被剥削者,cedict
pain in the neck,滚刀肉,cedict
in the european style,欧式,cedict
in the wrong,理亏,cedict
in the middle,当中,cedict
squarely in the middle,拦腰,cedict
grass stirring in the wind,风吹草动,cedict
in the evening,傍晚,cedict
training in the basic skills,功底,cedict
hanging in the balance,前途未卜,cedict
extravagant in the extreme,穷奢极侈,cedict
annoying in the extreme,极品,cedict
in the extreme,无以复加,cedict
the chanshui river in henan,瀍水,cedict
the han river in guangdong,韩江,cedict
pain in the ass,事儿B,cedict
the strength observed in brushstrokes,骨法,cedict
in the mouth,嘴里,cedict
floating in the wind,飘摇,cedict
in the wind,迎风,cedict
track in the wilderness,野径,cedict
to be covered with water,积水,cedict
the details in brief,详略,cedict
bone stuck in the throat,骨鲠,cedict
the imperial palace in beijing,紫禁城,cedict
palace in the moon,月宫,cedict
in the bag,囊中取物,cedict
in the newspaper,报上,cedict
scenery in the distance,远景,cedict
plants in the wild,野生植物,cedict
novel in the vernacular,稗官,cedict
in the audience,台下,cedict
flash in the pan,三分钟热度,cedict
in the sky,空中,cedict
in the enemy's hands,敌手,cedict
in the rear,背后,cedict
the government in imperial times,皇朝,cedict
in the shade,背阴,cedict
in the pit,井下,cedict
in the movie,片中,cedict
in the flesh,真实感,cedict
in the wee hours,凌晨,cedict
in the meantime,其间,cedict
fetus dies in the belly,胎死腹中,cedict
skeleton in the closet,家丑,cedict
in the pipeline,发展中,cedict
writings in the vernacular,白话文,cedict
chink in the armor,罩门,cedict
in the ascendant,新兴,cedict
in the beginning,开首,cedict
in the center,当中,cedict
in the eyes,正眼,cedict
in the papers,见报,cedict
mariana islands in the pacific,马利亚纳群岛,cedict
tears in the eyes,泪花,cedict
the turpan depression in xinjiang,吐鲁番盆地,cedict
to be green with envy,羡慕嫉妒恨,cedict
to be presented with,获赠,cedict
to be wild with joy,欣喜若狂,cedict
to be born with,生就,cedict
to be content with,甘于,cedict
be on a diet,忌口,cedict
to be familiar with,认识,cedict
to be overcome with grief,伤心欲绝,cedict
to be strict with oneself,严以律己,cedict
to be ablaze with anger,吃枪药,cedict
to be laden with anxiety,心事重重,cedict
to be compatible with,相合,cedict
to be identical with,吻合,cedict
to be torn with grief,心如刀割,cedict
to be older than  by,痴长,cedict
to be lenient with others,宽以待人,cedict
to be absorbed with,沉迷,cedict
to be affiliated with,挂靠,cedict
to be afflicted with,患有,cedict
to be bustling with customers,客似云来,cedict
to be covered with,布满,cedict
to be delighted with oneself,轩轩自得,cedict
to be disgusted with,反感,cedict
to be equipped with,搭载,cedict
to be faced with,当前,cedict
to be faced with problems,面临困难,cedict
to be filled with,布满,cedict
to be gifted with,生就,cedict
to be imbued with,沾湿,cedict
to be infatuated with,心荡神驰,cedict
to be involved with,勾连,cedict
to be occupied with,忙着,cedict
to be overgrown with weeds,芜秽,cedict
to be plagued with misfortunes,多灾多难,cedict
to be reckoned with,不是吃素的,cedict
to be saddled with debts,背债,cedict
to be trifled with,等闲之辈,cedict
to be with,同在,cedict
to be branded as,戴帽子,cedict
to be classified as,列为,cedict
to be known as,名为,cedict
to be recorded as,记作,cedict
to be widely known as,著称,cedict
to go to a lecture,听课,cedict
to sit face-to-face and drink,对酌,cedict
to go to a meeting,赴会,cedict
by the time that,及至,cedict
it comes with the territory,常在河边走，哪有不湿鞋,cedict
be that as it may,话虽如此,cedict
to be good at,善能,cedict
to be good at using,善用,cedict
to be at wits' end,一筹莫展,cedict
to come to a stand,停步,cedict
the years have slipped by,日月蹉跎,cedict
to be at home,在家,cedict
to be at large,在逃,cedict
to be at death's door,命在旦夕,cedict
to come to a decision,敲定,cedict
to give a name to,命名,cedict
to be presented at court,朝天,cedict
to move to and fro,拨弄,cedict
to agree to and sign,签订,cedict
a year and a half,一年半,cedict
to come to a compromise,商定,cedict
to come to a halt,停摆,cedict
not in a position to,未便,cedict
to come to a judgment,断定,cedict
to be directed at,对准,cedict
to be called by god,蒙召,cedict
to be at risk,堪虞,cedict
to be parted by death,死别,cedict
to give a boost to,推助,cedict
to be arrested by fear,畏忌,cedict
to be at ease,放心,cedict
to be completely at ease,把心放在肚子里,cedict
to be cut off from,绝缘,cedict
to be at sb's mercy,人为刀俎，我为鱼肉,cedict
to be at an impasse,走投无路,cedict
to be at loggerheads,顶牛儿,cedict
to be at odds,不和,cedict
to be employed at,受聘于,cedict
to be located at,位居,cedict
to be situated at,位于,cedict
to be valued at,估价,cedict
it's lonely at the top,高处不胜寒,cedict
to be blinded by greed,白托,cedict
to be accompanied by,伴有,cedict
to be caused by,所致,cedict
to be daunted by challenges,畏难,cedict
to be decided by,取决,cedict
to be determined by,视乎,cedict
to be enchanted by,迷恋,cedict
to be infected by,沾染,cedict
to be outdone by,输给,cedict
to be overwhelmed by emotions,心潮澎湃,cedict
to be praised by everyone,众口皆碑,cedict
to be puzzled by,不解,cedict
to be transmitted by copying,传抄,cedict
to be used by everyone,通用,cedict
a faraway and hard-to-reach land,绝域,cedict
to sway to and fro,前仰后合,cedict
to put a stop to,制止,cedict
to pay a visit to,诣谒,cedict
to be no more,长逝,cedict
to bring to a close,收束,cedict
to respond to a call,应召,cedict
to be far from,远离,cedict
to agree to a contract,要约,cedict
do as the romans do,随俗,cedict
to listen to a talk,听讲,cedict
to be likely or possible,有边儿,cedict
to send a letter to,致信,cedict
to concoct a cock-and-bull story,胡编乱造,cedict
be worthy of,对得起,cedict
to be fastidious but incompetent,眼高手低,cedict
to be discharged from hospital,出院,cedict
to assign  to a job,分发,cedict
to assign to a job,安插,cedict
to be released from prison,出狱,cedict
to respond to a charge,应诉,cedict
to rally to a cause,感召,cedict
to reply to a letter,上报,cedict
to pray to a god,敬神,cedict
to converge to a limit,趋近,cedict
to be apart from,距离,cedict
to be detached from,超脱,cedict
to be saved from,免于,cedict
to admit to a crime,服罪,cedict
to have to do with,相干,cedict
to succeed to a title,嗣位,cedict
to fight to a standstill,打成平手,cedict
to pose a challenge to,动摇,cedict
to adhere to a surface,吸附,cedict
to reply to a thread,盖楼,cedict
to beat to a pulp,捣烂,cedict
to reply to a telegram,回电,cedict
to be one's old self,依然故我,cedict
to attach to a substrate,着床,cedict
to brake to a halt,刹停,cedict
to accede to a throne,嗣国,cedict
to simmer to a paste,熬膏,cedict
not fit for the occasion,不对碴儿,cedict
to be intimate or close,知己,cedict
to be suitable or appropriate,相宜,cedict
to speak in support of,帮腔,cedict
to be all right,没事,cedict
to be upset or disturbed,耄思,cedict
to be sensible or reasonable,通达,cedict
to be cautious or vigilant,提神,cedict
to be diligent or attentive,用心,cedict
to refund  or be reimbursed,多退少补,cedict
to be conciliatory or apologetic,赔小心,cedict
to be vexed or annoyed,闹心,cedict
not at all the same,大不相同,cedict
sister of a woman's father-in-law,姑婆,cedict
to speak in defense of,辩护,cedict
to be beneath one's dignity,有失身份,cedict
to be no different,如出一辙,cedict
to be all talk,耍嘴皮子,cedict
to be sleepless all night,彻夜不眠,cedict
to argue in favor of,辩护,cedict
to be given one's freedom,从良,cedict
to be one's unshirkable responsibility,责无旁贷,cedict
for use by the emperor,御用,cedict
to be all present,到齐,cedict
in a state of war,交兵,cedict
the one that got away,白月光,cedict
to be all alone,孤身只影,cedict
to discriminate in favor of,偏袒,cedict
to be just like,一如,cedict
to be all smiles,笑盈盈,cedict
no trace to be seen,不见一点踪影,cedict
to be left out,落单,cedict
unwilling to be left out,不甘寂寞,cedict
in a state of depression,抑郁不平,cedict
to be even better than,更胜,cedict
can be compared to,犹言,cedict
to refuse would be impolite,却之不恭,cedict
to be between two parties,居中,cedict
what's to be done,怎么办,cedict
in a matter of seconds,秒秒钟,cedict
to be clear about,明了,cedict
in a moment of desperation,情急之下,cedict
to be mad about money,拜金,cedict
to be completely sold out,售罄,cedict
to be laid out,罗列,cedict
to be out,不在,cedict
to be sold out,客满,cedict
to be worn out,淄蠹,cedict
in a fit of pique,一气之下,cedict
to be well-off,风光,cedict
in a spurt of energy,一鼓作气,cedict
to be blocked up,不通,cedict
to be brought up,生长,cedict
to be choked up,鼻酸,cedict
to be clogged up,拥塞,cedict
to be lined up,成串,cedict
to be used up,丧失殆尽,cedict
to be picky about food,挑食,cedict
to be like family,穿一条裤子,cedict
to be busy rushing about,奔忙,cedict
to be nostalgic about,恋念,cedict
about to be obliterated,凉凉,cedict
to be concerned about,介怀,cedict
to be passionate about,迷恋,cedict
to be scattered about,罗列,cedict
to be less than,不满,cedict
to be better than,强似,cedict
not acquainted with the situation,不摸头,cedict
to be two-sided,一分为二,cedict
to be well aware,心知肚明,cedict
can it be possible that,莫非,cedict
to be lower than,低于,cedict
to be just getting light,麻麻亮,cedict
to be scared into submission,慑服,cedict
to be drawn into,卷入,cedict
to be frightened into fits,吓昏,cedict
to be exactly like,俨如,cedict
to be like,好似,cedict
to be very close,交情匪浅,cedict
to be well matched,般配,cedict
to be well prepared,厚积薄发,cedict
to be well-informed,消息灵通,cedict
to be well-known,远近闻名,cedict
to be well-mannered,知礼,cedict
to be well-matched,匹敌,cedict
to be well-regarded,风光,cedict
to be under great pressure,压力山大,cedict
not bothered with the details,不求甚解,cedict
only to be expected,顺理成章,cedict
to be very similar,有得一比,cedict
too late to be sorry,悔之已晚,cedict
to be bowled over,折服,cedict
to be very poor,没吃没穿,cedict
to be brimming over,漫溢,cedict
to be over,下来,cedict
to be won over,心服,cedict
to be very popular,深孚众望,cedict
to be very patient,不厌其烦,cedict
eager to be first,好强,cedict
to be very hungry,饿死,cedict
to be very considerate,知冷知热,cedict
to be after,追捕,cedict
to be eagerly sought after,受追捧,cedict
to slide in and out,抽插,cedict
to be even worse,有过之而无不及,cedict
leaving much to be desired,不如人意,cedict
are bound to be many,少不了,cedict
to be even,两不相欠,cedict
to be even-steven,两不相欠,cedict
to be off duty,休班,cedict
to be absent without leave,擅离职守,cedict
to be wide open,洞开,cedict
to be caught off guard,猝不及防,cedict
to be still angry,余怒未息,cedict
as big as the sky,天大,cedict
be to laid off,下岗,cedict
to be pissed off,生闷气,cedict
to be perched high,雄踞,cedict
to be unusually high,偏高,cedict
to both be willing,你情我愿,cedict
to be too busy,不暇,cedict
the walls have ears,隔墙有耳,cedict
to be present during childbirth,陪产,cedict
to both be disadvantaged,双输,cedict
to be late,姗姗来迟,cedict
to be open,开放,cedict
to be open-minded,开化,cedict
to be  turn,轮到,cedict
to be talented yet self-effacing,锋芒内敛,cedict
never to be forgotten,永志不忘,cedict
to be really busy,忙活,cedict
to take in and retain,吸留,cedict
to be entirely different,泾渭分明,cedict
to be within grasp,在握,cedict
to be clear,澄清,cedict
to be clear-eyed,擦亮眼睛,cedict
to be left speechless,无言以对,cedict
to be able bodied,有手有脚,cedict
to be definitely able,定能,cedict
to be jolted around,颠簸,cedict
to be tossed around,簸荡,cedict
to be full,弥满,cedict
to be far inferior,望尘莫及,cedict
to be law-abiding,不偷不抢,cedict
be better to,宁可,cedict
to be given special treatment,吃小灶,cedict
to be difficult,难过,cedict
to be nothing difficult,不在话下,cedict
to be free,没事,cedict
to be close,沾边,cedict
to be close friends,义结金兰,cedict
to be complete strangers,素未谋面,cedict
be sure to,切切,cedict
to be sure,确信,cedict
likely to be fruitful,有搞头,cedict
to be crowded together,挨肩擦背,cedict
to be linked together,勾连,cedict
to be together constantly,双进双出,cedict
to have a passion for,酷爱,cedict
to be short,缺少,cedict
be smooth and slick,八面玲珑,cedict
to be ever-victorious,百战百胜,cedict
to be among,名列,cedict
to be present,出勤,cedict
to have a fondness for,贪恋,cedict
to have a preference for,看中,cedict
to be past worrying,债多不愁,cedict
to be above,凌驾,cedict
to be total strangers,素不相识,cedict
to be faithful unto death,死节,cedict
to be behind bars,蹲大牢,cedict
to be responsible,负责任,cedict
to be self-reliant,自立自强,cedict
to be quick-witted,灵动,cedict
to be fair,摆平,cedict
to be happy,欢悦,cedict
to be an official,从吏,cedict
to be effective,行之有效,cedict
to be caught red-handed,人赃俱获,cedict
to be aware,憬然,cedict
not expected at the outset,始料未及,cedict
to be worth mentioning,值得一提,cedict
to be fast asleep,沉睡,cedict
to be ready,就绪,cedict
to be alone,孑立,cedict
to be dead,不在了,cedict
to be dead drunk,酣醉,cedict
to be popular,吃得开,cedict
to be dog-tired,累成狗,cedict
to be closed,闭馆,cedict
to be spared worry,省心,cedict
to be duty bound,责无旁贷,cedict
to be perfect,十全十美,cedict
to be pestered beyond endurance,不胜其烦,cedict
fated to be ill-matched,克星,cedict
to be critically ill,病危,cedict
to be ill,有病,cedict
to be terminally ill,病危,cedict
to be sorry,不好意思,cedict
to be having an affair,脚踏两只船,cedict
to be flat,泄气,cedict
to be born,下世,cedict
to be born unlucky,薄命,cedict
to be relevant,沾边,cedict
to be patient,耐心,cedict
to be an irksome presence,碍眼,cedict
to be tight,麻吉,cedict
to be beside oneself,不能自已,cedict
to be willing,心甘,cedict
to be wild,乱搞,cedict
to be an exception,例外,cedict
to be religious,信教,cedict
to be extremely accurate,毫厘不爽,cedict
criminal to be executed,刑人,cedict
to be busy,忙乎,cedict
to be afraid,惧怕,cedict
to be witness,证婚,cedict
to be exam-oriented,应试,cedict
to be honest,说老实话,cedict
to be blind,瞎眼,cedict
lesson to be learned,借镜,cedict
to be officially wed,明媒正娶,cedict
to be loyal,仗义,cedict
to be alive,在世,cedict
to be pregnant,孕育,cedict
to be an unrecognized talent,怀才不遇,cedict
to be oriented towards,导向,cedict
to be anxious,急眼,cedict
to be mortal,不免一死,cedict
to be upset,不是滋味,cedict
to be satisfactory,称意,cedict
to be mobile,走动,cedict
to be generous,高抬贵手,cedict
to be grateful,感恩,cedict
to be dominant,独尊,cedict
to be made redundant,被优化掉,cedict
to be scared stiff,破胆,cedict
to be compatible,投合,cedict
to be brave,有种,cedict
to have one's fill of,受尽,cedict
to be intimate,相好,cedict
to be corrupt,贪污,cedict
to be ridiculous,贻笑,cedict
to be absent,缺席,cedict
to be absent-minded,开小差,cedict
to be alert,警醒,cedict
to be furious,大发雷霆,cedict
to be fined,挨罚,cedict
to be applicable,适用,cedict
a promise must be kept,一言为重,cedict
harmony is to be prized,以和为贵,cedict
to be ambitious,有志,cedict
to be evenly matched,棋逢对手,cedict
to be alike,相像,cedict
to be worthwhile,上算,cedict
to be an ambassador,代言,cedict
to be worm-eaten,蠹蛀,cedict
to be cynical,愤世嫉俗,cedict
to be utterly defeated,败绩,cedict
to be indifferent,无所谓,cedict
to be rude,唐突,cedict
to be idle,游手,cedict
to be lazy,偷惰,cedict
to be humble,放低,cedict
to be unduly humble,妄自菲薄,cedict
to be facing imminent calamity,大难临头,cedict
to be jealous,吃味,cedict
to be tolerant,包荒,cedict
to be imminent,临头,cedict
to be given detention,留堂,cedict
to be pending,待定,cedict
to be deceased,不在,cedict
to be narrowly partisan,党同伐异,cedict
to be stranded,搁浅,cedict
to be moth-eaten,蠹蛀,cedict
to be opportune,正逢其时,cedict
to be fleeting,飞逝,cedict
to be inseparable,双宿双飞,cedict
to be gravely mistaken,大错特错,cedict
to be indebted,承蒙,cedict
to be apprehensive,怵惕,cedict
to be overdue,逾期,cedict
to be totally oblivious,浑然不知,cedict
to be lenient,从轻,cedict
to be taken aback,跌眼镜,cedict
to be kidding,说着玩,cedict
to be rampant,猖獗,cedict
to be tenable,成立,cedict
to be outdated,落伍,cedict
to be superfluous,挨不上,cedict
to be belligerent,好斗,cedict
to be congenial,谈得来,cedict
to be sb's guarantor,作保,cedict
to be envious,妒嫉,cedict
to be interdependent,相依,cedict
to be diffident,发虚,cedict
to be ostentatious,摆谱,cedict
to be conjugate,共轭,cedict
to be fawningly submissive,低首下心,cedict
to be submissive,冲挹,cedict
to be disloyal,失节,cedict
to be entranced,入神,cedict
to be invincible,所向无敌,cedict
to be impassioned,沸腾,cedict
to be impetuous,冲动,cedict
to be delirious,神志不清,cedict
to be promiscuous,乱搞男女关系,cedict
to be rapt,神往,cedict
to be kindred spirits,投缘,cedict
to be manually adroit,手巧,cedict
to be predestined,命定,cedict
to be magnanimous,高抬贵手,cedict
to be sb's concubine,做小,cedict
to be indomitable,百折不挠,cedict
to be forever filial,孝思不匮,cedict
to be bashful,害臊,cedict
to be officious,越帮越忙,cedict
to be preeminent,雄踞,cedict
to be stingy,抠脚,cedict
to be credulous,听风就是雨,cedict
to be savvy,懂局,cedict
to be seaworthy,适航,cedict
be bound to,保险,cedict
be unequal to,不胜,cedict
considered to be,算是,cedict
nowhere to be found,不见了,cedict
to be,存在,cedict
to be aborted prematurely,夭折,cedict
to be accommodating,容让,cedict
to be acquitted,脱罪,cedict
to be addicted,成瘾,cedict
to be addled,秀逗,cedict
to be admired,让人羡慕,cedict
to be advised,待复,cedict
to be agitated,躁动,cedict
to be airworthy,适航,cedict
to be alarmed,怵惕,cedict
to be amazed,吃惊,cedict
to be ambushed,中伏,cedict
to be an eyesore,煞风景,cedict
to be anesthetized,舒眠,cedict
to be annexed,沦亡,cedict
to be annihilated,破灭,cedict
to be annoyed,心烦,cedict
to be anointed,受膏,cedict
to be anti-imperialist,反帝,cedict
to be appalled,惊骇,cedict
to be appointed,受任,cedict
to be approved,获批,cedict
to be aroused,兴起,cedict
to be arrested,被捕,cedict
to be astonished,呆住,cedict
to be astounded,大跌眼镜,cedict
to be awaiting betrothal,待字,cedict
to be awfully,不可开交,cedict
to be baffled,一头雾水,cedict
to be balding,歇顶,cedict
to be baptized,受浸,cedict
to be barefoot,裸脚,cedict
to be beaten,挨揍,cedict
to be beleaguered,交迫,cedict
to be bewildered,挑花眼,cedict
to be bewitched,卡到阴,cedict
to be biased,右袒,cedict
to be blessed,有福,cedict
to be boastful,浮夸,cedict
to be breached,崩决,cedict
to be brewing,酝酿,cedict
to be broken-hearted,伤心,cedict
to be bullied,受气,cedict
to be burglarized,闹贼,cedict
to be buried,葬身,cedict
to be called,即为,cedict
to be canceled,停摆,cedict
to be captivated,着迷,cedict
to be captured,落网,cedict
to be careful,小心,cedict
to be carsick,晕车,cedict
to be caught unprepared,抓瞎,cedict
to be centered,居中,cedict
to be chattersome,叨唠,cedict
to be cheated,受骗,cedict
to be chivalrous,行侠仗义,cedict
to be choosy,挑三拣四,cedict
to be christened,受洗命名,cedict
to be closely related,休戚相关,cedict
to be clueless,没谱,cedict
to be cocky,翘尾巴,cedict
to be collectively called,统称,cedict
to be commissioned,受托,cedict
to be compelled,硬逼,cedict
to be completed,告竣,cedict
to be completely convinced,诚服,cedict
to be completely gone,走光,cedict
to be concerned,劳神,cedict
to be confronted,当事,cedict
to be confused,一头雾水,cedict
to be congested,拥塞,cedict
to be connected,交通,cedict
to be constantly evolving,长江后浪推前浪,cedict
to be constipated,结恭,cedict
to be constrained,受限,cedict
to be contaminated,浸染,cedict
to be continued,待续,cedict
to be controlled,受制,cedict
to be controlling,管东管西,cedict
to be convinced,折服,cedict
to be convulsed,前俯后仰,cedict
to be correlated,有关联,cedict
to be coupled,耦合,cedict
to be crippled,致残,cedict
to be criticized,挨批,cedict
to be dazed,昏头,cedict
to be dazzled,看花眼,cedict
to be deadlocked,僵持,cedict
to be decapitated,身首异处,cedict
to be decommissioned,退役,cedict
to be deeply affected,沦浃,cedict
to be deeply concerned,关切,cedict
to be deeply grieved,哀恸,cedict
to be deeply hidden,深藏,cedict
to be defeated,失手,cedict
to be delisted,退市,cedict
to be demoted,驳落,cedict
to be depressed,想不开,cedict
to be deranged,嗔狂,cedict
to be determined,决意,cedict
to be deterred,望而却步,cedict
to be dignified,自重,cedict
to be disappointing,不争气,cedict
to be discontented,心存不满,cedict
to be discontinued,断线,cedict
to be discouraged,气馁,cedict
to be discovered,案发,cedict
to be discredited,不攻自破,cedict
to be disgraced,现世,cedict
to be dismissed,下课,cedict
to be disorderly,又吵又闹,cedict
to be dissatisfied,带气,cedict
to be distracted,丢魂,cedict
to be distressed,心疼,cedict
to be distributed,分布,cedict
to be divorced,离独,cedict
to be done,成了,cedict
to be drowned,灭顶,cedict
to be dumbfounded,呆住,cedict
to be duped,上当,cedict
to be earthshaking,震古烁今,cedict
to be eclipsed,黯然失色,cedict
to be elated,心花怒放,cedict
to be elected,膺选,cedict
to be embarrassed,下不了台,cedict
to be embittered,愤世嫉俗,cedict
to be emotionally involved,婵媛,cedict
to be emotionally moved,动容,cedict
to be employed,受雇,cedict
to be enchanted,入迷,cedict
to be engrossed,沉迷,cedict
to be enraged,着恼,cedict
to be enthralled,入神,cedict
to be entitled,有资格,cedict
to be entrenched,固守,cedict
to be entrusted,受托,cedict
to be eradicated,绝迹,cedict
to be eroded,流失,cedict
to be established,立足,cedict
to be estranged,形同陌路,cedict
to be everywhere,无处不在,cedict
to be executed,伏法,cedict
to be exhausted,丧失殆尽,cedict
to be expected,可望,cedict
to be expecting,有喜,cedict
to be exposed,掉漆,cedict
to be exterminated,死绝,cedict
to be fascinated,入迷,cedict
to be fearful,狼顾,cedict
to be fiercely competitive,一山不容二虎,cedict
to be finalized,尘埃落定,cedict
to be finished,完了,cedict
to be fired,下课,cedict
to be fixed,发直,cedict
to be flooded,淹水,cedict
to be flustered,心慌,cedict
to be fooled,上当,cedict
to be forgiving,包荒,cedict
to be found throughout,遍布,cedict
to be frank,说老实话,cedict
to be friendly,示好,cedict
to be frightened,吓倒,cedict
to be fulfilled,应验,cedict
to be fully concentrated,目不斜视,cedict
to be fully focused,心神专注,cedict
to be genderswapped,性转,cedict
to be given,获赠,cedict
to be gone forever,杳如黄鹤,cedict
to be gradually influenced,浸染,cedict
to be gratified,欣慰,cedict
to be grouchy,发牢骚,cedict
to be grounded,停飞,cedict
to be hanged,绞缢,cedict
to be harmful,有损,cedict
to be harvested,下来,cedict
to be heard,传来,cedict
to be hearing impaired,耳背,cedict
to be highly principled,深明大义,cedict
to be highly successful,大功告成,cedict
to be hired,受雇,cedict
to be homesick,思乡,cedict
to be homophobic,恐同,cedict
to be hoodwinked,受骗,cedict
to be hospitalized,入院,cedict
to be humiliated,蒙羞,cedict
to be illogical,不通,cedict
to be immortalized,流芳百世,cedict
to be impartial,摆平,cedict
to be impassable,不通,cedict
to be impotent,倒阳,cedict
to be imprisoned,坐牢,cedict
to be inattentive,旁骛,cedict
to be incompetent,吃干饭,cedict
to be inconclusive,流标,cedict
to be incurable,药石无灵,cedict
to be infected,化脓,cedict
to be infertile,不育,cedict
to be influenced,耳濡目染,cedict
to be informed,得悉,cedict
to be inoculated,接种,cedict
to be intensifying,越演越烈,cedict
to be interested,感兴趣,cedict
to be interrelated,牵扯,cedict
to be interviewed,受访,cedict
to be interwoven,婵媛,cedict
to be involved,有份,cedict
to be inwardly terrorized,心战,cedict
to be irrelevant,不相干,cedict
to be jammed,回堵,cedict
to be jittery,风声鹤唳,cedict
to be joyous,欢悦,cedict
to be killed,罹难,cedict
to be kindhearted,心软,cedict
to be knowing,憬然,cedict
to be lacking,亏缺,cedict
to be limited,受限,cedict
to be linked,连锁,cedict
to be located,坐落,cedict
to be located prominently,雄踞,cedict
to be lonely,孤寡,cedict
to be lost,失联,cedict
to be marooned,放逐,cedict
to be married,同床共枕,cedict
to be meddlesome,好事,cedict
to be mentally confused,神志不清,cedict
to be merciful,行善,cedict
to be mindful,留意,cedict
to be mislead,误信,cedict
to be mismatched,错配,cedict
to be missing,不见,cedict
to be mistaken,差远,cedict
to be mistreated,受气,cedict
to be moved,动心,cedict
to be murdered,遇害,cedict
to be named,取名,cedict
to be newly married,初婚,cedict
to be obsessed,鬼迷心窍,cedict
to be obsessive,执念,cedict
to be obstructed,不通,cedict
to be occupied,沦陷,cedict
to be omitted,漏掉,cedict
to be oneself,做自己,cedict
to be operative,起作用,cedict
to be opinionated,自以为是,cedict
to be overshadowed,黯然失色,cedict
to be paralyzed,风瘫,cedict
to be partial,偏心眼,cedict
to be peeved,赌气,cedict
to be peevish,磨人,cedict
to be penniless,一文不名,cedict
to be picky,挑三拣四,cedict
to be piercingly painful,钻心,cedict
to be playful,好玩,cedict
to be pleasantly surprised,蘧然,cedict
to be poisoned,中毒,cedict
to be possessed,卡到阴,cedict
to be posted,派驻,cedict
to be postponed accordingly,顺延,cedict
to be prematurely gray,少白头,cedict
to be preoccupied,魂不守舍,cedict
to be profitable,开红盘,cedict
to be promoted,加官,cedict
to be published,问世,cedict
to be punished,挨罚,cedict
to be purely,纯属,cedict
to be purportedly,号称,cedict
to be puzzled,费解,cedict
to be qualified,有资格,cedict
to be quits,两不相欠,cedict
to be reasonable,讲理,cedict
to be reassured,释念,cedict
to be reborn,再生,cedict
to be rebuked,挨剋,cedict
to be reconciled,复合,cedict
to be reduced,沦落,cedict
to be reincarnated,再世,cedict
to be related,有联系,cedict
to be renowned,享誉,cedict
to be resolved,立志,cedict
to be restless,坐卧不宁,cedict
to be restricted,受限,cedict
to be reunited,重逢,cedict
to be revived,枯木逢春,cedict
to be ridiculed,见笑,cedict
to be routed,披靡,cedict
to be ruined,沦丧,cedict
to be rumored,外传,cedict
to be sacked,落马,cedict
to be satisfied,心甘,cedict
to be saved,得救,cedict
to be scared senseless,吓疯,cedict
to be seated,坐定,cedict
to be secretly delighted,暗爽,cedict
to be settled conclusively,定局,cedict
to be sexually aroused,流鼻血,cedict
to be sexually attracted,走肾,cedict
to be shamed,蒙羞,cedict
to be shameless,赖脸,cedict
to be shattered,破灭,cedict
to be shocked,吃惊,cedict
to be shortsighted,目光短浅,cedict
to be sidelined,坐冷板凳,cedict
to be situated,坐落,cedict
to be softhearted,心软,cedict
to be sold,销行,cedict
to be somebody,混出名堂,cedict
to be spared,免于,cedict
to be speechless,咋舌,cedict
to be spoiled,减色,cedict
to be startled,吃惊,cedict
to be stifling,熏蒸,cedict
to be stuck,卡关,cedict
to be studying,在读,cedict
to be stunned,发呆,cedict
to be surprised,讶异,cedict
to be suspended,停摆,cedict
to be suspicious,信不过,cedict
to be taken prisoner,就擒,cedict
to be tempted,动心,cedict
to be tenderhearted,心软,cedict
to be terrified,不寒而栗,cedict
to be thoroughly discredited,名誉扫地,cedict
to be thrilled,乐歪,cedict
to be thundering,响雷,cedict
to be ticklish,怕痒,cedict
to be totally devoted,掏心掏肺,cedict
to be totally dispersed,散尽,cedict
to be totally shameless,死不要脸,cedict
to be transformed,幻化,cedict
to be trapped,瓮中之鳖,cedict
to be treasured,可贵,cedict
to be trending,上热搜,cedict
to be troubled,张心,cedict
to be trounced,完败,cedict
to be unable,无由,cedict
to be unavoidable,在所难免,cedict
to be unbearable,钻心,cedict
to be uncertain,吃不准,cedict
to be unchanged,依然故我,cedict
to be unconventional,特立独行,cedict
to be underutilized,窝工,cedict
to be unemployed,赋闲,cedict
to be unfair,对不住,cedict
to be unfaithful,偷吃,cedict
to be unfortunate,无禄,cedict
to be ungenerous,有失厚道,cedict
to be ungrateful,忘恩,cedict
to be unintelligible,不知所云,cedict
to be unlucky,命薄,cedict
to be unmentionable,说不得,cedict
to be unpopular,不得人心,cedict
to be unsalaried,无禄,cedict
to be unsure,心中无数,cedict
to be vaccinated,接种,cedict
to be victorious,取得胜利,cedict
to be vigilant,提防,cedict
to be warlike,好斗,cedict
to be watched closely,动见观瞻,cedict
to be weaned,离乳,cedict
to be windy,刮风,cedict
to be worried,忧愁,cedict
to be wounded,挂花,cedict
to be wronged,蒙冤,cedict
being the case that,既是,cedict
that being the case,然则,cedict
to take a daughter-in-law,娶媳妇,cedict
at peace with the world,忘机,cedict
to get in a rage,发喉急,cedict
to get in a huff,赌气,cedict
it may be assumed that,想来,cedict
not the only one,不光,cedict
evidence that reveals the villain,狐狸尾巴,cedict
to work in a profession,执业,cedict
to have no expectation of,不图,cedict
to have no intention of,无意,cedict
for the first time,初次,cedict
to refer in particular to,特指,cedict
but on the contrary,却倒,cedict
as instructed by the physician,遵医嘱,cedict
to act in a play,串戏,cedict
to break in and analyze,侦破,cedict
to live in a place,居住,cedict
to fill in and submit,填报,cedict
to greet and usher in,接引,cedict
you are the one,非你莫属,cedict
the show must go on,救场如救火,cedict
to tie in to,猛干,cedict
on the one hand,一则,cedict
to move in a circle,转动,cedict
to dance in a group,跳集体舞,cedict
to call in a loan,抽贷,cedict
to break  in a fall,摔断,cedict
to continue in a post,蝉联,cedict
to win  in a bid,标得,cedict
to live in a cave,穴居,cedict
to stage a sit-in,静坐,cedict
to grow  in a pot,盆栽,cedict
to result in a stalemate,弄僵,cedict
for the time being,权且,cedict
to break in a horse,驯马,cedict
to have a connection with,沾边,cedict
to sit in a circle,围坐,cedict
to fall in a trap,中圈套,cedict
to have as a subunit,下设,cedict
to snap out of it,回神,cedict
to create a stir in,轰动,cedict
to establish a presence in,进驻,cedict
finally in a position to,得以,cedict
for the most part,大多,cedict
to intervene in a fight,拉架,cedict
horoscope for the year,流年,cedict
to have long experience of,久经,cedict
to fill in a blank,填空,cedict
to journey in a dream,梦游,cedict
to compete in a contest,比武,cedict
to store in a warehouse,仓储,cedict
to rein in a horse,勒马,cedict
to store in a cellar,窖藏,cedict
to gain a foothold in,抢滩,cedict
to compete in a semifinal,复赛,cedict
to ride in a palanquin,步辇,cedict
to engage in a contest,比一比,cedict
to repair in a rush,抢修,cedict
to plug in a component,插件,cedict
to participate in a meeting,与会,cedict
in a hurry to,急于,cedict
to plug in a bulb,管座,cedict
to mediate in a quarrel,劝架,cedict
to have nothing to do,没事,cedict
day care for the elderly,白托,cedict
the one with authority,有权势者,cedict
the japanese word for company,会社,cedict
for the past many years,多年来,cedict
to have peace of mind,踏实,cedict
things change for the better,时来运转,cedict
on the other hand,一边,cedict
for the same reason,同理,cedict
instinctive feel for the language,语感,cedict
to have had enough of,受够,cedict
a crack in a rock,石罅,cedict
to have no time to,不遑,cedict
to have perfect command of,如臂使指,cedict
a bend in a stream,汀曲,cedict
on the up,上风,cedict
feel for the ball,球感,cedict
for the past few days,几天来,cedict
for the past few years,近年来,cedict
to have custody of,监守,cedict
to have a glimpse at,一睹,cedict
for the past several years,几年来,cedict
by the time when,等到,cedict
from all over the place,倾城,cedict
not the only,不单,cedict
the not-very-distant past,近代,cedict
on the same day,同日,cedict
nickname for the city suzhou,人间天堂,cedict
respect for the wise,礼贤下士,cedict
not the same thing,异事,cedict
either one or the other,或是,cedict
inappropriate for the occasion,不入时宜,cedict
appropriate for the times,合时宜,cedict
as the time draws near,临时,cedict
path for the visually impaired,导盲道,cedict
priority seating for the aged,敬老席,cedict
carriage for collecting the bride,喜车,cedict
highway for the emperor,驰道,cedict
almsgiving for the needy,扶贫济困,cedict
the person facing you,前人,cedict
one or the other,非此即彼,cedict
people living on the frontiers,边民,cedict
not the right flavor,不是味儿,cedict
on the way,半路,cedict
on the same level,同级,cedict
on the right track,对头,cedict
not follow the beaten track,不落窠臼,cedict
more flourishing by the day,日盛,cedict
to not use all of,用不了,cedict
not the same,不同,cedict
not the least bit concerned,漠不关心,cedict
not the usual type,异形,cedict
heart set on the mundane,凡心,cedict
person on the sick list,病员,cedict
to have nothing to say,无言,cedict
on the same track,合辙,cedict
not having the face,没脸,cedict
on-the-spot report,现场报道,cedict
on-the-spot live broadcast,现场直播,cedict
small bump on the skin,包包,cedict
the same as before,原样,cedict
credit with the people,威信,cedict
not miss the farming season,不违农时,cedict
feet not touching the ground,脚不沾地,cedict
on the market,市面上,cedict
not worth the trip,冤枉路,cedict
at the same time,一时,cedict
on the street,街上,cedict
grip on the road,抓地,cedict
not expending the slightest effort,毫不费力,cedict
on the previous occasion,头回,cedict
on the body,身上,cedict
on the whole,基本上,cedict
on-the-job training,在职训练,cedict
on the road,路上,cedict
on the hour,正点,cedict
easy on the eyes,养眼,cedict
hard on the eyes,辣眼睛,cedict
dwelling on the past,恋旧情结,cedict
on the ground,地上,cedict
on-the-ground promotion,地推,cedict
on the table,桌面儿上,cedict
depending on the situation,看情况,cedict
not overstepping the prescribed limits,不越雷池,cedict
on-the-spot interview,现场采访,cedict
persistent mold on the wall,壁癌,cedict
rafting on the yellow river,黄漂,cedict
slow on the uptake,鲁钝,cedict
hair on the temples,鬓毛,cedict
to have money and time,有钱有闲,cedict
popular on the internet,网红,cedict
on the floor,地上,cedict
rafting on the yangtze river,长漂,cedict
on the spot,就地,cedict
on the spot calculation,掐算,cedict
on-the-spot inspection,突击检查,cedict
on-the-spot investigation,考察,cedict
on-the-spot meeting,现场会,cedict
peeled on the spot,现剥,cedict
at the present time,目前,cedict
grates on the ear,逆耳,cedict
boil on the toe,趾疔,cedict
stationed on the continent,驻大陆,cedict
clash on the frontier,边衅,cedict
on the contrary,倒反,cedict
coating on the tongue,舌苔,cedict
the dishes from one's hometown,莼羹鲈脍,cedict
on the alert,警悟,cedict
run by the local people,民办,cedict
on the verge,一触即发,cedict
on the aisle,靠走道,cedict
on the brink,濒近,cedict
on the sly,偷偷,cedict
on the pretext,藉口,cedict
calculation on the abacus,归除,cedict
appearing on the outside,外露,cedict
on the cards,保不定,cedict
on the riverbank,岸上,cedict
on the rocks,加冰,cedict
on the waterfront,临海,cedict
writing on the blackboard,板书,cedict
to have a say,置喙,cedict
at the scheduled time,届时,cedict
tossed about by the wind,随风,cedict
is the same as,犹言,cedict
the same as,一样,cedict
by the time,比及,cedict
the other woman or man,第三者,cedict
to talk on and on,数落,cedict
as the name implies,顾名思义,cedict
as the circumstances allow,相机,cedict
to have a great time,开心,cedict
right at the end,临了,cedict
with the current,顺水,cedict
attached with the letter,随信,cedict
be in power,掌权,cedict
according with the times,应景,cedict
provided with the basic necessities,衣食无虞,cedict
as it should be,当然,cedict
as the occasion demands,应运,cedict
gone with the wind,乱世佳人,cedict
luck with the ladies,桃花运,cedict
at the first opportunity,趁早,cedict
collaborator with the enemy,二鬼子,cedict
going with the tide,随大流,cedict
to have a get-together,联欢,cedict
conversant with the confucian classics,通经,cedict
variable with the times,与时消息,cedict
to chatter on and on,刺刺不休,cedict
the time after one's death,身后,cedict
as the proverb says,俗话说,cedict
one leg over the other,二郎腿,cedict
to have a falling out,闹矛盾,cedict
to have a falling-out,闹掰,cedict
to have a hard time,好容易,cedict
at the back,背后,cedict
for a period of time,一气,cedict
run by the state,公营,cedict
by the way,顺带一提,cedict
the point at issue,本题,cedict
at the last moment,临了,cedict
increasing by the day,日增,cedict
to have just started to,刚一,cedict
one after the other,连三并四,cedict
father-in-law  and son-in-law,翁婿,cedict
mother-in-law and daughter-in-law,婆媳,cedict
from the year dot,旷古,cedict
the world is at peace,海晏河清,cedict
looking at the big picture,总体上说,cedict
at the head,前头,cedict
at the present stage,现阶段,cedict
nephew by the male line,堂侄,cedict
at the base,齐根,cedict
the old one-two,左右勾拳,cedict
carry at the waist,佩带,cedict
worker employed by the month,月工,cedict
at the present,而今,cedict
person from the same county,小同乡,cedict
at the opportune moment,相机,cedict
at the moment,当下,cedict
can't get the point,不开窍,cedict
to have a good talk,倾谈,cedict
person from the same province,大同乡,cedict
guest from the same country,内宾,cedict
to have a look,看一看,cedict
do me the honor,赏脸,cedict
from the back,倒数,cedict
by the window,靠窗,cedict
to have room to maneuver,进退自如,cedict
to have a full house,客满,cedict
to have a clear-cut stand,旗帜鲜明,cedict
at the root,齐根,cedict
at the knee,膝下,cedict
at the peak,全盛,cedict
burning at the stake,火刑,cedict
pulse taken at the wrist,寸口脉,cedict
at the summit,顶上,cedict
median neuropathy at the wrist,腕隧道症候群,cedict
joined at the hip,如胶似漆,cedict
at the outset,开初,cedict
at the gallop,飞马,cedict
at the helm,操舵,cedict
at the slightest pretext,动辄,cedict
at the latest,至迟,cedict
movement aimed at the masses,民运,cedict
to vomit and have diarrhea,上吐下泻,cedict
by the wayside,沿途,cedict
compelled by the circumstances,情非得已,cedict
the almagest by ptolemy,天文学大成,cedict
to have a close call,好险,cedict
to have a free hand,放手,cedict
to have a good meal,大饱口福,cedict
to have a sex change,变性,cedict
to have a clear view,摸底,cedict
to have a big head,头大,cedict
one answering the other,一递一声,cedict
one closely following the other,脚跟脚,cedict
to have a high temperature,发热,cedict
to check for receipt of,查收,cedict
to give it a try,试试看,cedict
to have to,不得已,cedict
all the year round,无冬无夏,cedict
far from the city,偏僻,cedict
example from the past,旧例,cedict
all the more,愈加,cedict
all over the place,四处,cedict
flowing all over the place,四溢,cedict
to call it a day,到此为止,cedict
to have a problem arise,出问题,cedict
to have a tough life,命途坎坷,cedict
advancing all the time,推陈布新,cedict
all the time,成天,cedict
all over the world,世界各地,cedict
from the start,从头,cedict
radiance emanating from the head,圆光,cedict
to have a power failure,停电,cedict
to have a transportation service,通车,cedict
to go by way of,转道,cedict
to have a grudge against,斗气,cedict
to have a try,初试身手,cedict
to have a housewarming party,温居,cedict
shaving the head or face,开光,cedict
to have a clear conscience,俯仰无愧,cedict
far from the center,边远,cedict
the japanese side or party,日方,cedict
to have a power shortage,缺电,cedict
to have a taut face,绷着脸,cedict
to have a plan,有谱,cedict
to leave it to nature,任其自然,cedict
to have a few  drinks,小酌,cedict
to have a few drinks,畅饮,cedict
scales fall from the eyes,觉醒,cedict
guy from the north,北方佬,cedict
to have a sprawling business,家大业大,cedict
to have a sleepless night,一夜无眠,cedict
to have a restricted view,管窥,cedict
to hand it  to,递给,cedict
organism from the geological past,古生物,cedict
to have a fungicidal effect,杀真菌,cedict
to have a special fondness,情有独钟,cedict
to have a special liking,偏好,cedict
signs from the past,旧迹,cedict
all over the body,遍体,cedict
to have a big argument,闹翻,cedict
to have a string break,断线,cedict
girl from the mainland,大陆妹,cedict
to have a tone mark,带调,cedict
to have a job,做事,cedict
attack from the rear,尾击,cedict
to have a hard landing,硬陆,cedict
to have a break,歇气,cedict
to have a serious conversation,喝茶,cedict
to think of with respect,思慕,cedict
to have a promising future,前景可期,cedict
animal from the chinese zodiac,生肖,cedict
to have a bad reputation,声名狼藉,cedict
news from the grapevine,小道新闻,cedict
to have a lighthearted air,摇头摆尾,cedict
all the way around,一周,cedict
to have a sale,特卖,cedict
to have a fist fight,殴斗,cedict
to have a bitch fight,撕逼,cedict
to have a snowball fight,打雪仗,cedict
to have a square meal,大啖一番,cedict
from the bottom,倒数,cedict
to have a skill,有一手,cedict
to have a rest,歇息,cedict
to have a narrow escape,好险,cedict
to grin and bear it,忍气吞声,cedict
the way one carries oneself,身姿,cedict
the way one is following,去路,cedict
the way one speaks,口气,cedict
to have a dress rehearsal,彩排,cedict
to have a double meaning,一语双关,cedict
benevolence from the emperor,皇恩,cedict
to withdraw  and retain it,提留,cedict
to leave it to,交由,cedict
firing from the hip,痛痛快快,cedict
to have a pleasant journey,一路平安,cedict
to have a competition,比试,cedict
the one-child policy,一胎制,cedict
to have a rich aftertaste,回味无穷,cedict
from the outset,自始,cedict
to have a corner missing,缺角,cedict
to have a mental lapse,秀逗,cedict
to have a silver tongue,三寸不烂之舌,cedict
from the beginning,自来,cedict
to have a tear,破口,cedict
to have a superstitious belief,迷信,cedict
to have a loose tongue,嘴不严,cedict
to have a guilty conscience,问心有愧,cedict
to have a premature birth,早产,cedict
to have a row,吵架,cedict
to have a conversation,谈话,cedict
to have a meal,吃饭,cedict
to have a sweet aftertaste,回甘,cedict
to have a stuffy nose,鼻塞,cedict
to have a runny nose,流鼻涕,cedict
to have a prior engagement,有约在先,cedict
to have a lucky stroke,撞大运,cedict
to have a stroke,背气,cedict
to have a gnawing regret,抱恨,cedict
to have a glib tongue,满嘴跑火车,cedict
to have a bite,点补,cedict
to have a friendly chat,劈情操,cedict
to have a nightmare,魇寐,cedict
to have a beef,结梁子,cedict
to have a fever reaching,烧到,cedict
to have a shave,修面,cedict
to have a stroll,逛逛,cedict
to have a ripped seam,绽线,cedict
to have a picnic,野餐,cedict
to have a snack,点补,cedict
to have a reunion,团圆,cedict
to have a facial,做脸,cedict
to have a footing,立足,cedict
to have a shampoo,洗头,cedict
to have a tacit understanding,心照,cedict
to have a nap,睡午觉,cedict
to have a graceful demeanor,娉婷,cedict
to have a premonition,预感,cedict
to have a brainstorm,心血来潮,cedict
to have a vasectomy,结扎,cedict
to have a catfight,撕逼,cedict
to have a confrontation,交锋,cedict
to have a disagreement,磕碰,cedict
to have a facelift,拉皮,cedict
to have a haircut,推头,cedict
to have a headache,头痛,cedict
to have a hierarchical  relationship,领属,cedict
to have a luxurious lifestyle,饫甘餍肥,cedict
to have a miscarriage,流产,cedict
to have a recollection,有印象,cedict
to have a splitting headache,头痛欲裂,cedict
to have a stomachache,胃痛,cedict
all through the night,整夜,cedict
the building or room opposite,对门,cedict
when the time comes,届时,cedict
the time just before daybreak,昧旦,cedict
just what the doctor ordered,大补帖,cedict
all the people,万人,cedict
the slightest amount or degree,丝毫,cedict
not to speak of,莫讲,cedict
all the way,一路,cedict
being the motive or purpose,起见,cedict
the three no's,三不,cedict
the nyeva or neva river,涅瓦,cedict
the quick-footed climb up first,捷足先登,cedict
the yuan or mongol dynasty,元代,cedict
to have or have not,有无,cedict
the ryukyu or luchu islands,流球群岛,cedict
not to tire of,不厌,cedict
the next one,下一个,cedict
there is something the matter,有事,cedict
the truth dawns upon one,觉醒,cedict
the time has come,到点,cedict
the year after next,后年,cedict
the year before last,前年,cedict
can stand the test,戳得住,cedict
one ladle  spoils the  pot,一马勺坏一锅,cedict
the first time,头一回,cedict
the monarch's will,天心,cedict
all the best,万事如意,cedict
the honored one himself,本尊,cedict
the new year festival,年节,cedict
the lunar new year,开春,cedict
the chinese new year,旧年,cedict
setting-up exercises during the break,课间操,cedict
as different as can be,大相径庭,cedict
the right time,天时,cedict
the other day,日前,cedict
the whole town turns out,万人空巷,cedict
turn out the lights,熄灯,cedict
suddenly all the rage,窜红,cedict
all the borders,四境,cedict
all the grains,百谷,cedict
all the trades,五行八作,cedict
just before the end,边头,cedict
work within the communist party,党务,cedict
make the country wealthy,富国,cedict
about the same,不相上下,cedict
as a matter of fact,事实上,cedict
during the current year,年内,cedict
the other woman,小三,cedict
serious about the matter,郑重其事,cedict
when the moment comes,到时候,cedict
to have one's hand in,沾边,cedict
the day after tomorrow,后儿,cedict
make the military powerful,强兵,cedict
the whole time,一路上,cedict
to go for a walk,溜达,cedict
change is the only constant,三十年河东，三十年河西,cedict
the corresponding time period,同期,cedict
the other side,反面,cedict
within the year,年中,cedict
the present time,当今,cedict
the next year,翌年,cedict
to have in one's person,怀有,cedict
the way back,归路,cedict
the next work shift,换班,cedict
as a result of,由于,cedict
just before the battle,临阵,cedict
worries about the future consequences,后顾之忧,cedict
just before the contest,临战,cedict
outside the three-point line,外线,cedict
the day before yesterday,前天,cedict
over the last years,年来,cedict
the whole year,全年,cedict
just off the boat,初来乍到,cedict
the right way,正道,cedict
the other list,另册,cedict
over the whole body,遍身,cedict
to not say a word,一声不吭,cedict
just the thing,够味,cedict
the current year,本年度,cedict
the current year's,应届,cedict
to go for a stroll,转转,cedict
intelligence about the enemy,敌情,cedict
to go for a hike,爬山,cedict
suiting the time,合时,cedict
to look for and obtain,求得,cedict
the new world,新大陆,cedict
the day before,前一天,cedict
the same old problem,旧病复发,cedict
fuzzy about the details,概而不论,cedict
it would be better,莫如,cedict
the very end,尾梢,cedict
the world's first,世界第一,cedict
the sixty-year cycle,甲子,cedict
the other shore,彼岸,cedict
favorable climate throughout the year,四季如春,cedict
period during the day,时分,cedict
the year's harvest,年成,cedict
the solar year,回归年,cedict
the change  given back,找零,cedict
to make a beeline for,直奔,cedict
just around the corner,指日可待,cedict
the sidereal year,恒星年,cedict
i would be much obliged,是荷,cedict
the coming year,来年,cedict
the following year,嗣岁,cedict
throughout the year,卒岁,cedict
going the same way,一路,cedict
authority over the household,夫权,cedict
to stay for a time,落脚,cedict
the people holding power,当事者,cedict
without thinking the matter through,随口,cedict
it can clearly be seen,可见,cedict
the folks back home,乡亲,cedict
the same day,当天,cedict
over-the-top praise,彩虹屁,cedict
the two equinoxes,二分点,cedict
the two eyes,双眼,cedict
the two opposing sides,两方,cedict
the two poles,两极,cedict
extending forever into the distance,连绵,cedict
extending into the distance,浩淼,cedict
starving people fill the land,哀鸿遍野,cedict
the wrong way round,倒过儿,cedict
the first half,上半叶,cedict
towering into the sky,摩天,cedict
to get one's share of,也有今天,cedict
into the bargain,外带,cedict
every color under the sun,五颜六色,cedict
internal contradiction among the people,人民内部矛盾,cedict
just the tiniest bit,一星半点,cedict
the next best thing,退而求其次,cedict
fear after the event,后怕,cedict
it could even be said,可谓,cedict
to work for a bit,打短儿,cedict
the next day,来日,cedict
after the war,战后,cedict
the eight-fold noble way,八正道,cedict
during the day,日里,cedict
among the people,民间,cedict
so be it,诚心所愿,cedict
the common people,布衣,cedict
half the day,半响,cedict
the emperor's new clothes,皇帝的新衣,cedict
the whole way,一路上,cedict
the very moment,当儿,cedict
the very front,前列,cedict
the most important,首要,cedict
the same old stuff,一套,cedict
open area outside the city,郊野,cedict
the four great inventions,四大发明,cedict
just below the crutch,齐根,cedict
the whole day,成日,cedict
after the event,事后,cedict
the same old trick,两下子,cedict
within the next few days,不日,cedict
the right social connection,门路,cedict
to care for and educate,调训,cedict
the new moon,朔望,cedict
the same thing applies,莫不然,cedict
over the years,历年,cedict
along the way,一路上,cedict
to act as a go-between,引线穿针,cedict
the old world,旧大陆,cedict
both the same height,齐肩,cedict
through the night,连夜,cedict
just the opposite,恰恰相反,cedict
to take a liking for,看得中,cedict
the same place,一起,cedict
the civil service system,官制,cedict
member of society of jesus,耶稣会士,cedict
the lord's day,瞻礼日,cedict
man behind the mirror,藏镜人,cedict
the previous day,上天,cedict
the mean value theorem,平均值定理,cedict
to find a place for,安置,cedict
the crowd runs after trash,如蚁附膻,cedict
the three judicial chief ministries,三法司,cedict
the first meridian,本初子午线,cedict
the first years,初叶,cedict
far behind the front line,后方,cedict
the night before,前夜,cedict
to work for a living,做活,cedict
the chinese people,中华民族,cedict
the remaining people,余者,cedict
the uzbek people,乌兹别克族,cedict
the last few years,最近几年,cedict
better kept under the table,上不了台面,cedict
the whole wide world,海阔天空,cedict
enduring while the world lasts,天长地久,cedict
after the celebrations,过节,cedict
the three spring months,三春,cedict
to go out of control,失控,cedict
cliff barring the way,崖限,cedict
the best part,戏眼,cedict
to go out of business,停办,cedict
the milky way,天汉,cedict
the true way,真道,cedict
the main part,大头,cedict
before the present,距今,cedict
before the common era,纪元前,cedict
to look for a job,找饭碗,cedict
water under the bridge,珠流璧转,cedict
to not take to heart,想得开,cedict
the real thing,实体,cedict
the three doctrines,三教,cedict
the three earliest dynasties,三代,cedict
the three sacrificial animals,三牲,cedict
the three su's,三苏,cedict
to pretend not to know,放着明白装糊涂,cedict
to pretend to not know,揣着明白装糊涂,cedict
always the same routine,蹈常袭故,cedict
to have water get in,进水,cedict
journey around the world,环球旅行,cedict
the far end,远端,cedict
to look for a draw,求和,cedict
the following day,昱日,cedict
the right season,正当时,cedict
before the event,事先,cedict
within the home,户内,cedict
the same month,当月,cedict
around the world,环球,cedict
the same family,一家,cedict
hot off the press,热腾腾,cedict
the dark ages before civilization,浑茫,cedict
the next life,下辈子,cedict
under the water,水下,cedict
the right track,正轨,cedict
permeating the whole place,四溢,cedict
the most honorable,至尊,cedict
the most respected,至尊,cedict
the most valuable information,敬悉,cedict
territories beyond the great wall,塞外,cedict
the same night,当夜,cedict
the second person,第二个人,cedict
the top four,四强,cedict
still wet behind the ears,白面书生,cedict
the business world,商场,cedict
the man himself,本尊,cedict
within the party,党内,cedict
off the stage,台下,cedict
directly perceived through the senses,直观,cedict
the real world,三次元,cedict
the right flank,右翼,cedict
the subject under discussion,本题,cedict
the right kidney,命门,cedict
going through the motions,表面文章,cedict
the whole world,一世,cedict
to look for a partner,征婚,cedict
the next few days,近日,cedict
disparity between the sexes,两性差距,cedict
between the eyebrows,眉心,cedict
between the fixed stars,恒星际,cedict
critical annotations between the lines,夹批,cedict
equality between the sexes,两性平等,cedict
squeezing the fingers between sticks,拶刑,cedict
the left side,左边,cedict
the reason why,所以,cedict
the reason why n p,之所以,cedict
the great wall,万里长城,cedict
under the foot,脚下,cedict
to hunt for and collect,采访,cedict
the spirit  is still alive,阴魂不散,cedict
the barn door is open,天安门开了,cedict
the old capital,留都,cedict
the current market situation,行情,cedict
under-the-table manipulations,暗箱操作,cedict
the general idea,大略,cedict
the original place,原地,cedict
fill the house,盈门,cedict
leave the past behind,好马不吃回头草,cedict
off the beaten track,奇览,cedict
across the world,满世界,cedict
the second opium war,第二次鸦片战争,cedict
the human world,人间,cedict
the great northern wilderness,北大荒,cedict
the steady-state theory,稳态理论,cedict
the last bus,末车,cedict
during the night,夜里,cedict
let the matter drop,罢休,cedict
to look for a bargain,讨便宜,cedict
the great majority,差不多的,cedict
the whole country,六合,cedict
driving under the influence,酒后驾车,cedict
to take no account of,不计,cedict
to look for a pretext,找借口,cedict
everything under the sun,六合,cedict
under the sun,天底下,cedict
within the body,体内,cedict
smoky-effect makeup around the eyes,烟熏妆,cedict
the greater part,大多,cedict
the lesser part,小半,cedict
the smaller part,小半,cedict
against the current,逆水,cedict
the last straw,导火线,cedict
the last supper,最后晚餐,cedict
to go out of bounds,出界,cedict
call the score,报分,cedict
destroy the four olds,破四旧,cedict
the same evening,当晚,cedict
the last days,日薄崦嵫,cedict
to get out of class,下课,cedict
the whole family,一家,cedict
the whole family is invited,阖第光临,cedict
sound of friction of fabric,綷縩,cedict
off the charts,爆表,cedict
the great seal,大篆,cedict
the slightest thing,秋毫,cedict
the full price,满盘,cedict
the old tricks,套套,cedict
the fish hold,鱼舱,cedict
competition against the clock,计时比赛,cedict
the next stop,下一站,cedict
to go on a tour,出游,cedict
beside the point,文不对题,cedict
success across the board,满堂红,cedict
the permanent five,五常,cedict
the four noble truths,四圣谛,cedict
the past few days,前几天,cedict
the great compassion mantra,大悲咒,cedict
surpassing the physical world,超物理,cedict
the whole night,彻夜,cedict
the yongle great encyclopedia,永乐大典,cedict
under the skin,皮下,cedict
honesty is the best policy,巧诈不如拙诚,cedict
the best policy,上上之策,cedict
around the city,环城,cedict
alexander the great,亚历山大大帝,cedict
the great depression,大萧条,cedict
the great helmsman,大舵手,cedict
the great lakes,五大湖,cedict
the great powers,列强,cedict
the great unwashed,黎民,cedict
to search for and seize,查缉,cedict
tribes under the yellow emperor,黄帝族,cedict
the second sex,第二性,cedict
the silver point,银点,cedict
the objective world,客观世界,cedict
the five senses,感觉器官,cedict
one out of a multitude,之一,cedict
the four cleanups movement,四清,cedict
the four corners,四角,cedict
the four directions,四维,cedict
the four heavenly kings,四大天王,cedict
the four limbs,四维,cedict
the four olds,四旧,cedict
the four rivers,四渎,cedict
the four seasons,春夏秋冬,cedict
the buck stops here,好汉做事好汉当,cedict
cold snap during the spring,倒春寒,cedict
the real body,真身,cedict
to take no notice of,不理,cedict
the late emperor,先君,cedict
director of board of rites,礼部尚书,cedict
the five supernatural powers,五通,cedict
could it be,莫非,cedict
approaching the end,行将结束,cedict
famous throughout the world,蜚声世界,cedict
the five aggregates,五蕴,cedict
the five confucian relationships,五伦,cedict
the five impurities,五浊,cedict
the front side,前边,cedict
the external world,外间,cedict
to go on a trip,转一趟,cedict
the whole body,全身,cedict
the late qing,晚清,cedict
the nuclear problem,核问题,cedict
to go on a diet,节食,cedict
the next step,下一步,cedict
against the wind,顶风,cedict
the feudal system,分封制,cedict
the starting point,肇端,cedict
the previous few days,前几天,cedict
the current month,本月,cedict
to go on a journey,出门,cedict
the entire nation,举国上下,cedict
the local population,当地居民,cedict
without the slightest doubt,毫不怀疑,cedict
the emperor's hand,御手,cedict
the bureaucratic system,官制,cedict
near the mark,挨边,cedict
the mortal world,乱世,cedict
the literary world,文苑,cedict
without the slightest difference,别无二致,cedict
bags under the eyes,眼袋,cedict
puffiness under the eyes,眼袋,cedict
reds under the beds,前怕狼后怕虎,cedict
under the circumstances,事到今日,cedict
the whole class,全班,cedict
the little details,点点滴滴,cedict
the strong force,强作用力,cedict
the full amount,全额,cedict
the far east,亚太区,cedict
the front line,攻击线,cedict
along the line,沿线,cedict
covering the whole land,满山遍野,cedict
the secular world,人世间,cedict
roughly the same,大差不差,cedict
virtually the same,大同小异,cedict
the least bit,一点,cedict
the woman herself,本尊,cedict
the nine top officials,九卿,cedict
the dark side,阴暗面,cedict
the nether world,地府,cedict
the month childbirth is due,临月儿,cedict
the natural world,自然界,cedict
the outside world,外界,cedict
the sporting world,体育界,cedict
the teeming world,花花世界,cedict
the wider world,世面,cedict
throughout the world,普天下,cedict
the full picture,全豹,cedict
the entire country,举国,cedict
to go on a hike,野游,cedict
the property market,房产,cedict
the exam area,考区,cedict
to go on a binge,饮酒作乐,cedict
to get out of danger,脱险,cedict
ring around the moon,月晕,cedict
hair around the anus,肛毛,cedict
the present age,当世,cedict
the wrong side,背面,cedict
against the stream,逆流,cedict
the sex industry,性产业,cedict
mountain of flames of legend,火焰山,cedict
the open ocean,远洋,cedict
the rebel party,乱党,cedict
the large intestine,大肠,cedict
to get out of trouble,出险,cedict
the wheel comes full circle,周而复始,cedict
the human body,形骸,cedict
the real situation,实况,cedict
the result becomes apparent,已见分晓,cedict
the whole front,全线,cedict
the twenty-eight constellations,二十八宿,cedict
knowledge is the best charity,授人以鱼不如授人以渔,cedict
against the bristles,折笔,cedict
against the headwind,戗风,cedict
the mei lanfang school,梅派,cedict
the school authorities,校方,cedict
inside the eye,眼底,cedict
to make full use of,发扬,cedict
the actual situation,三七二十一,cedict
the reformist party,改革派,cedict
the chinese nation,中华民族,cedict
the body shop,美体小铺,cedict
descendant via the female line,外孙,cedict
the next generation,下一代,cedict
the small investor,散户,cedict
below the line,线下,cedict
the whole amount,全数,cedict
worth the money,值得,cedict
the early ming,明初,cedict
the current period,本期,cedict
the current office holder,当世,cedict
around the clock,日夜,cedict
temple of goddess of fertility,娘娘庙,cedict
the cooked duck flew away,煮熟的鸭子飞了,cedict
the whole story,原委,cedict
the international community,国际社会,cedict
affairs within the palace,内务,cedict
the big picture,大局,cedict
god the father,圣父,cedict
the sex trade,性交易,cedict
the local commander,提督,cedict
the insured person,受保人,cedict
the person involved,当事者,cedict
above the common,逸尘,cedict
check the record,检录,cedict
the basque country,巴斯克,cedict
outside the country,域外,cedict
the opposite side,对立面,cedict
the warring states period,战国,cedict
the software industry,软体业,cedict
the negative side,负面,cedict
the reverse side,背面,cedict
the weak force,弱作用力,cedict
the rosicrucian order,蔷薇十字团,cedict
the six directions,六合,cedict
the full moon,望日,cedict
within the bosom,怀抱,cedict
the imperial family,皇族,cedict
within the borders,境内,cedict
within the norms,分寸,cedict
within the rules,规范,cedict
to get out of whack,失序,cedict
drop the subject,别提了,cedict
without the slightest scruple,肆无忌惮,cedict
without the slightest hesitation,毫不犹豫,cedict
the royal society,皇家学会,cedict
the whole length,全线,cedict
the current situation,现况,cedict
the bride's side,女方,cedict
half the sky,半边天,cedict
the lily family,百合科,cedict
across the board,通盘,cedict
lightly touching the water,点水,cedict
the whole earth,寰宇,cedict
inside the city,市内,cedict
the full works,满盘,cedict
the grouper family,鮨科,cedict
the pangolin family,鲮鲤科,cedict
the family's financial circumstances,家景,cedict
the hong family,洪家,cedict
the zhao family,赵家人,cedict
to get on a horse,上马,cedict
the chinese side,中方,cedict
the korean side,韩方,cedict
the losing side,负方,cedict
the prosecuting side,检控方,cedict
god the son,圣子,cedict
the public purse,公家,cedict
the less experienced ones,后进,cedict
the road ahead,前路,cedict
facing the street,当街,cedict
the sun god,日神,cedict
the white race,白种,cedict
behind-the-scenes story,秘辛,cedict
the ancient silk road,丝绸古路,cedict
below the foot,足下,cedict
across the middle,拦腰,cedict
facing the water,临水,cedict
the fair sex,红粉,cedict
the banking business,金融业,cedict
throughout the night,通宵,cedict
the whole audience,全场,cedict
the past is dead,往事已矣,cedict
the upper body,上半身,cedict
the north star,櫆师,cedict
the whole journey,一路,cedict
the character ten,十字,cedict
the catering industry,酒店业,cedict
the starting line,起跑线,cedict
the imperial court,皇朝,cedict
the whole province,全省,cedict
the root cause,业根,cedict
the morning sun,朝阳,cedict
the final bell,终场锣声,cedict
the store front,临街房,cedict
the top margin,上边,cedict
the emperor's body,圣躬,cedict
the red cross,红十字会,cedict
the silk road,丝绸之路,cedict
the doppler effect,多普勒效应,cedict
it may be said,可言,cedict
the real mccoy,本尊,cedict
the real meaning,真谛,cedict
along the river,沿江,cedict
fire beneath the surface,隐燃,cedict
the qing court,清廷,cedict
the class enemy,人民公敌,cedict
the bronze age,青铜器时代,cedict
the pro-war faction,主战派,cedict
the landlord class,地主阶级,cedict
the male sex,男性,cedict
the big dipper,北斗星,cedict
the opium war,鸦片战争,cedict
the crimean war,克里木战争,cedict
the korean war,六二五战争,cedict
the final straw,压死骆驼的最后一根稻草,cedict
outside the body,体外,cedict
the main points,要旨,cedict
the capitalist class,资产阶级,cedict
the earth's magnetic field,地磁场,cedict
the whole neighborhood,四邻八舍,cedict
the west wing,白宫群英,cedict
the eight immortals,八仙,cedict
the eight influential points,八会穴,cedict
the eight precepts,八戒,cedict
the lion's share,大头,cedict
the international media,国际媒体,cedict
double the amount,两倍,cedict
the final years,末年,cedict
outside the door,门外,cedict
the nine-toothed rake,九齿钉耙,cedict
the exam period,考期,cedict
the sky above,上天,cedict
the nine springs,九泉,cedict
the tiniest bit,一分一毫,cedict
the north temperate zone,北温带,cedict
the north frigid zone,北寒带,cedict
the female sex,女性,cedict
the top ranks,前茅,cedict
the global south,全球南方,cedict
along the border,沿边,cedict
the international communist movement,国际共产主义运动,cedict
the catholic church,天主教会,cedict
throughout the land,海内,cedict
the north magnetic pole,北极,cedict
the north pole,北极,cedict
the distant past,上古,cedict
the south magnetic pole,南极,cedict
the south pole,南极,cedict
the die is cast,无可挽回,cedict
to forget for a while,丢开,cedict
the essential character,神髓,cedict
the dead sea,死海,cedict
areas outside the city,野外,cedict
encircling the city,环城,cedict
the forbidden city,故宫,cedict
the monastic community,僧伽,cedict
the situation is tense,风声紧,cedict
the calligraphic community,书坛,cedict
st mark the evangelist,马尔谷,cedict
the current imperial dynasty,圣朝,cedict
the opposite sex,异性,cedict
the northern sea,溟池,cedict
above the fray,忘机,cedict
the exam date,考期,cedict
the pagoda bearing god,托塔天王,cedict
the true god,真神,cedict
the following section,后段,cedict
the critical moment,生死关头,cedict
the current reigning emperor,圣躬,cedict
the minutest detail,秋毫,cedict
the common silkworm,家蚕,cedict
the wrong bus,错车,cedict
the apollo project,太阳神计划,cedict
the southern cross,南十字座,cedict
the situation is grim,形势严峻,cedict
the northern expeditionary army,北伐军,cedict
the current dynasty,国朝,cedict
the lingering death,凌迟,cedict
the middle generation,中生代,cedict
the ten commandments,十戒,cedict
behind the scenes,内幕,cedict
behind-the-scenes supporter,后台,cedict
changes behind the scenes,潜移,cedict
meaning behind the words,口风,cedict
the hausa language,豪萨语,cedict
to work on a train,跑车,cedict
the situation is hopeless,病入膏肓,cedict
beyond the earth,天外,cedict
the communist youth league,共产主义青年团,cedict
the following morning,明朝,cedict
the analytic method,分析法,cedict
the emperor's bed,龙床,cedict
the greater self,大我,cedict
following the model,沿例,cedict
lower the curtain,闭幕,cedict
the sieve method,筛法,cedict
the previous dynasty,前朝,cedict
the axiomatic method,公理法,cedict
the correct path,正道,cedict
the key trick,要诀,cedict
the northern song dynasty,北宋,cedict
the entire sum,全数,cedict
the yellow river basin,黄河流域,cedict
the fourth wall,第四堵墙,cedict
the united states,合众国,cedict
throughout the united states,全美,cedict
the detailed story,根由,cedict
cannot bear the burden,负担不起,cedict
the working poor,穷忙族,cedict
filling the entire sky,弥天,cedict
the heart sutra,心经,cedict
the pan-pearl river delta,泛珠江三角,cedict
hidden beneath the surface,潜藏,cedict
the imperial college,国学,cedict
propitious wind throughout the journey,一帆风顺,cedict
the double ninth festival,重九,cedict
the sun's corona,日冕层,cedict
facing the sun,向阳,cedict
tending towards the sun,喜阳,cedict
the rising sun,旭日,cedict
the setting sun,夕阳,cedict
the sun shines brightly,阳光明媚,cedict
the sun shines fiercely,骄阳似火,cedict
the animal kingdom,后生动物,cedict
the vast majority,绝大多数,cedict
bordering the sea,滨海,cedict
respect the aged,尊老,cedict
the customer reigns supreme,顾客至上,cedict
the damage is done,覆水难收,cedict
the band-tightening spell,紧箍咒,cedict
the capital theater,首都剧场,cedict
the genuine article,本尊,cedict
the autumn wind is soughing,秋风飒飒,cedict
the earth's core,地心,cedict
the cockroach principle,老鼠拖木锨，大头在后头,cedict
the soft knife,软刀子,cedict
the silver screen,银屏,cedict
the breeding season,发情期,cedict
the flowering season,花期,cedict
the fruiting season,果期,cedict
the rutting season,动情期,cedict
the season changes,换季,cedict
the western pacific ocean,西太平洋,cedict
to ask for a beating,招打,cedict
to ask for a favor,求情,cedict
the southern song dynasty,南宋,cedict
to write for a living,摇笔杆,cedict
the teacher's seat,讲筵,cedict
the prime meridian,本初子午线,cedict
the faction seeking peace,鸽派,cedict
the peace faction,主和派,cedict
his excellency the army commander,师座,cedict
the qin army,秦军,cedict
the qing army,清军,cedict
the northern hemisphere,北半球,cedict
burning the midnight oil,聚萤映雪,cedict
the summer solstice,夏至点,cedict
the western hemisphere,西半球,cedict
the cool autumn breeze,秋风送爽,cedict
the northern zhou dynasty,北周,cedict
the western paradise,西天,cedict
the earth's crust,地壳,cedict
the entire internet,全网,cedict
the ordinary daily routine,吃喝拉撒睡,cedict
the earth's axis,地轴,cedict
to make use of,使用,cedict
beyond the topmost clouds,九霄云外,cedict
scratching the surface,不痛不痒,cedict
the direction indicated,指向,cedict
the bright moon,皎月,cedict
the northern warlords,北洋军阀,cedict
the palace guard,禁卫,cedict
the idle rich,有钱有闲,cedict
the vast sky,长空,cedict
following the author's fancy,嬉笑怒骂,cedict
to study for a degree,念学位,cedict
completing the square,配方,cedict
facing the wind,迎风,cedict
the chinese communist regime,兲朝,cedict
throwing the embroidered ball,抛绣球,cedict
the beaten track,成规,cedict
the absolute beginning,太初,cedict
the pages ahead,后文,cedict
the imperial guard,龙韬,cedict
the qinghai-tibet route,青藏线,cedict
the distant sky,远天,cedict
the enemy's rear,敌后,cedict
the crystal palace,水晶宫,cedict
the imperial palace,金阙,cedict
the spring equinox,春分点,cedict
the winter solstice,冬至点,cedict
the vast ocean,烟海,cedict
to contract for a job,包工,cedict
the ramifications are huge,事关重大,cedict
the broken bridge,断桥,cedict
the song dynasty,两宋,cedict
the contemporary era,当代,cedict
the eastern hemisphere,东半球,cedict
the older generation,老辈,cedict
the younger generation,子弟,cedict
the sum owed,欠债,cedict
the holy roman empire,神圣罗马帝国,cedict
the central administration,中枢,cedict
membranes lining the brain,脑膜,cedict
the southern hemisphere,南半球,cedict
the grand canyon,科罗拉多大峡谷,cedict
the wolf prize,沃尔夫奖,cedict
the highest rank,一品,cedict
covering the sky,横空,cedict
reaching the sky,连天,cedict
filling the atmosphere,横空,cedict
the ferghana valley,费尔干纳,cedict
the japanese armed forces,自卫队,cedict
the yellow springs,黄泉,cedict
the higgs mechanism,希格斯机制,cedict
the parallel postulate,平行公设,cedict
the grass roots,草民,cedict
the enemy ranks,敌阵,cedict
the silent treatment,冷暴力,cedict
the imperial throne,龙椅,cedict
magic the gathering,万智牌,cedict
the australian continent,澳大利亚洲,cedict
the dust has settled,已见分晓,cedict
the iwakura mission,岩仓使节团,cedict
the autumn equinox,秋分点,cedict
the us federal government,华府,cedict
the lantern festival,灯节,cedict
willfully slaughter the innocent,滥杀无辜,cedict
the qingming festival,寒食,cedict
the thief cries thief,恶人先告状,cedict
your majesty the emperor,皇上,cedict
the cambrian explosion,寒武爆发,cedict
the curtain drops,落幕,cedict
the curtain falls,闭幕,cedict
heaven helps the worthy,吉人自有天相,cedict
the holy scriptures,圣经,cedict
the bottomless pit,无底坑,cedict
the kuiper belt,库珀带,cedict
the continuum hypothesis,连续统假设,cedict
the jade emperor,玉帝,cedict
the planet mars,荧惑,cedict
the dragon throne,龙椅,cedict
to sell or dispose of,脱手,cedict
the kangxi emperor,康熙,cedict
the qianlong era,乾隆,cedict
the virgin mary,圣母,cedict
the chinese remainder theorem,孙子定理,cedict
the remainder theorem,剩余定理,cedict
using the toilet,大小便,cedict
the aids virus,爱滋病毒,cedict
the implications are profound,事关重大,cedict
the true essence,真谛,cedict
entirely outside the norm,一反常态,cedict
to rest for a bit,小憩,cedict
the rice is cooked,生米煮成熟饭,cedict
the syriac script,叙利亚文,cedict
exotic odors assail the nostrils,异香扑鼻,cedict
cutting the gordian knot,快刀斩乱麻,cedict
the centrist faction,中立派,cedict
the reformist faction,维新派,cedict
the chinese lunar calendar,旧历,cedict
the lunar calendar,农历,cedict
the traditional chinese lunar calendar,夏历,cedict
the earliest ancestor,鼻祖,cedict
the chinese edible frog,田鸡,cedict
the traditional chinese calendar,农历,cedict
the afrotropical realm,埃塞俄比亚界,cedict
the feminine arts,女红,cedict
the jade hare,玉兔,cedict
to start on a new,另开,cedict
whet the appetite,开味,cedict
gilding the lily,多此一举,cedict
the prehistoric shang dynasty,商代,cedict
the tang dynasty,大唐,cedict
the lotus sutra,妙法莲华经,cedict
the nanjing massacre,南京大屠杀,cedict
teaching the ignorant,蒙求,cedict
the han dynasty,汉代,cedict
the later jin dynasty,金国汗,cedict
the ming dynasty,明代,cedict
the antarctic peninsula,南极洲半岛,cedict
the crimean peninsula,克里木,cedict
the iberian peninsula,伊比利亚,cedict
the latin alphabet,罗马字,cedict
blowing the trumpet,吹喇叭,cedict
the prophet muhammad,穆圣,cedict
john the baptist,施洗约翰,cedict
st john the baptist,洗者若翰,cedict
the empress dowager,母后,cedict
the pelvic cavity,盆腔,cedict
the bering strait,白令海峡,cedict
the binomial theorem,二项式定理,cedict
the sage confucius,孔圣人,cedict
the boxer uprising,义和乱,cedict
the lofty heights,险峰,cedict
st luke the evangelist,路加,cedict
st matthew the evangelist,玛窦,cedict
the holocene epoch,全新世,cedict
the nirvana sutra,大本涅槃经,cedict
the opium wars,鸦片战争,cedict
winnie the pooh,维尼熊,cedict
the bubonic plage bacillus,鼠疫杆菌,cedict
the okinawa archipelago,冲绳群岛,cedict
the dalai lama,达赖,cedict
the greenwich meridian,格林尼治本初子午线,cedict
jack the ripper,开膛手杰克,cedict
to switch on and off,开关,cedict
the chartist movement,宪章派,cedict
the hoi polloi,市井小民,cedict
the japanese kana scripts,假名,cedict
appreciating the arts,审美,cedict
assaults the nostrils,扑面,cedict
facing the goalmouth,临门,cedict
filling the eyes,满眼,cedict
fills the eyes,满目,cedict
sacking the worst-performing employee,末位淘汰,cedict
smacking the lips,吧唧吧唧,cedict
the andes mountains,安地斯,cedict
the arabian nights,天方夜谭,cedict
the china seas,中国海,cedict
the confucian classics,圣经,cedict
the countries involved,当事国,cedict
the floating ribs,季肋,cedict
the following pages,后文,cedict
the hindu kush,兴都库什,cedict
the indian subcontinent,天竺,cedict
the isoperimetric inequality,等周不等式,cedict
the lowest professions,下九流,cedict
the madeira islands,马德拉群岛,cedict
the ming tombs,明十三陵,cedict
the objects indicated,所指,cedict
the olden days,旧时,cedict
the preceding statement,前述,cedict
the russian federation,俄联邦,cedict
the ryukyu islands,硫球,cedict
the straits times,海峡时报,cedict
the surrounding words,前后文,cedict
the toiling masses,短衣帮,cedict
throughout the ages,千秋万代,cedict
to stop for a rest,停歇,cedict
to flash on and off,明灭,cedict
to catch and hold on,接着,cedict
to read and pass on,传阅,cedict
not to pay attention to,不去理,cedict
to pray for a son,求子,cedict
to sing for a living,卖唱,cedict
to beg for a loan,乞贷,cedict
to atone for a crime,折罪,cedict
to contend for a mate,夺偶,cedict
not to submit to force,威武不屈,cedict
to hold on to,守住,cedict
next-to-last item on a program,压轴戏,cedict
to put on a play,做戏,cedict
let it be,算了,cedict
to catch and feed on,捕食,cedict
to dote on and trust,宠信,cedict
not to refuse to,在所不辞,cedict
not to object to,不厌,cedict
to work as a doctor,从医,cedict
to keep a hold on,拴住,cedict
to speak out of turn,多嘴,cedict
to use  as a tool,当枪使,cedict
to say nothing of,何况,cedict
to pass on to,转给,cedict
to spit on and curse,唾骂,cedict
not to hesitate to,在所不辞,cedict
to not conform to,不合,cedict
to use as a venue,假座,cedict
to take as a concubine,收房,cedict
to run out of food,断粮,cedict
to take good care of,呵护,cedict
to act out of malice,泄私愤,cedict
to reject out of hand,一笔抹杀,cedict
to do a follow-up,随访,cedict
to drop out of school,辍学,cedict
to have in care,照看,cedict
to aim to get by,浅希近求,cedict
to work as a prostitute,做鸡,cedict
to take a look at,看看,cedict
to suffer all kinds of,受尽,cedict
to work as a foreman,领工,cedict
to hate to part with,舍不得,cedict
to work as a laborer,务工,cedict
to work as a pharmacist,悬壶,cedict
to work as a teacher,任课,cedict
to cling on to,攀附,cedict
to include on a list,列入,cedict
to take an end-of-term exam,大考,cedict
to come as a surprise,出人意表,cedict
a member of one's clique,私人,cedict
to count all of them,尽数,cedict
to step out of line,越轨,cedict
to help out of difficulties,解救,cedict
a tooth for a tooth,以牙还牙,cedict
to give as a present,奉赠,cedict
to start on a story,开讲,cedict
to run out of,断货,cedict
to put a lid on,加盖,cedict
to put on a spurt,猛劲儿,cedict
to investigate and deal with,究办,cedict
a shill for a clinic,医托,cedict
to settle out of court,私了,cedict
to turn on a screen,亮屏,cedict
to play a prank on,整蛊,cedict
to break out of prison,越狱,cedict
to start on a journey,上路,cedict
to get hold of,到手,cedict
to squeeze out of business,挤垮,cedict
to appear out of nowhere,空降,cedict
to leave out of consideration,付之度外,cedict
to pass on a present,转赠,cedict
all members of a group,上下,cedict
distant and out of sight,杳茫,cedict
to have confidence in,信任,cedict
to have confidence in oneself,自信,cedict
to stay out of trouble,躲风,cedict
to have faith in,信服,cedict
to give as a dowry,陪送,cedict
to pass on a story,传话,cedict
to make light of,一笑置之,cedict
to make sure of,认准,cedict
to pass on a task,转托,cedict
to knock on a door,叩门,cedict
to pass on a copy,传写,cedict
to stay out of,躲开,cedict
to get free of,解脱,cedict
to quote out of context,断章取义,cedict
to stand as testament to,诉说,cedict
to pass on a song,传唱,cedict
to get an idea of,探知,cedict
to make sense of,弄懂,cedict
unable to make sense of,弄不懂,cedict
to send  on a mission,派遗,cedict
to dress as a man,女扮男装,cedict
to slip out of gear,跳挡,cedict
to confer a title on,册立,cedict
to refer to oneself as,自喻,cedict
to pop out of gear,跳挡,cedict
to pull on a handle,拉手,cedict
to step on a mine,踩雷,cedict
to make sport of,消遣,cedict
to make fun of,取闹,cedict
to think little of,渺视,cedict
to fly on a crane,乘鹤,cedict
to spur on a horse,跃马,cedict
to default on a debt,拖债,cedict
to cook on a skewer,串烧,cedict
to make nothing of hardships,不辞辛苦,cedict
to renege on a debt,赖账,cedict
to get rid of ice,除冰,cedict
to embark on a journey,成行,cedict
to take care of,张罗,cedict
to take care of matters,理事,cedict
to take care of oneself,保重,cedict
to take loving care of,顾惜,cedict
to overtake on a bend,弯道超车,cedict
to lean on a parapet,凭栏,cedict
to default on a mortgage,断供,cedict
all of a sudden,一下子,cedict
impossible to get rid of,挥之不去,cedict
to get rid of,做掉,cedict
to hoop on a basket,筲箍,cedict
to take leave of,别离,cedict
can be used for,可作,cedict
minister of land and people,司徒,cedict
to take note of,留意,cedict
to play with a ball,打球,cedict
to act as a guardian,监护,cedict
to think better of,转念,cedict
to dress as a woman,男扮女装,cedict
to take charge of,主持,cedict
to act as a matchmaker,说媒,cedict
to act as a middleman,撮合,cedict
to compare a product with,对标,cedict
to take notice of,理会,cedict
to wake with a start,惊醒,cedict
to meet with a rebuff,抹一鼻子灰,cedict
to meet with a mishap,出事,cedict
to meet with a refusal,遭拒,cedict
to take advantage of,利用,cedict
to take advantage of weakness,乘虚,cedict
to take stock of,概观,cedict
to expose with a word,点破,cedict
to live as a widow,寡居,cedict
to live as a bachelor,打光棍,cedict
to come of age,成丁,cedict
to keep as a souvenir,留念,cedict
to leave with a client,出台,cedict
to live as a refugee,流离,cedict
to live as a widower,鳏居,cedict
late season of a year,岁阑,cedict
to take possession of,到手,cedict
to think fondly of,眷念,cedict
to think highly of,推崇,cedict
to think highly of oneself,自鸣得意,cedict
to think of,思念,cedict
to pack it in,收山,cedict
to close with a latch,锁定,cedict
to stand as a goalkeeper,把门,cedict
to go to one's head,冲昏头脑,cedict
if this can be done,倘能如此,cedict
to remain as a garrison,留驻,cedict
not be without some advantage,不无小补,cedict
to present as a gift,赠送,cedict
to give an account of,汇报,cedict
to thank with a gift,酬答,cedict
to rule as a despot,横行霸道,cedict
to shoot with a gun,枪击,cedict
to protect with a password,加密,cedict
to serve as a counselor,持橐簪笔,cedict
to serve as a stopgap,凑数,cedict
to serve as a warning,以示警戒,cedict
to do a good turn,帮忙,cedict
to fight with a bayonet,刺杀,cedict
to dismiss with a laugh,一笑置之,cedict
a period of time,一时,cedict
to benefit thousands of people,造福万民,cedict
to comply with a request,照办,cedict
to ride as a passenger,乘搭,cedict
to go up and down,上下,cedict
a fine work of art,妙品,cedict
to prick with a needle,针刺,cedict
matter of life and death,生死存亡,cedict
to stab with a spear,揘毕,cedict
february of a common year,平月,cedict
to immobilize with a lasso,套牢,cedict
to copulate with a concubine,临幸,cedict
to haggle with a peddler,侃价,cedict
to throw a look at,张望,cedict
to die of old age,寿终,cedict
a time of military urgency,戎事倥偬,cedict
to do a good job,搞好,cedict
to appraise people of talent,甄陶,cedict
inexpensive and of good quality,价廉物美,cedict
right-hand side  of a vehicle,外手,cedict
full of power and grace,鸾翔凤翥,cedict
a new lease of life,更生,cedict
full of power and grandeur,雄壮,cedict
quarter of a year,季度,cedict
place of charm and beauty,别有洞天,cedict
penniless and full of care,穷愁,cedict
back end of a ship,船尾,cedict
way of experiencing a place,玩法,cedict
such a small amount of,这么点,cedict
to undertake to do something,承诺,cedict
beginning of a year,开年,cedict
people of a nation,国民,cedict
to dare to do,敢为,cedict
money and things of value,钱物,cedict
of great erudition and scholarship,学富五车,cedict
to keep control of,收揽,cedict
chain of cause and effect,因缘,cedict
to scramble to do,抓挠,cedict
people of a country,国族,cedict
first third of a month,上旬,cedict
extant work of a calligrapher,书迹,cedict
system of weights and measures,衡量制,cedict
like a wisp of smoke,一溜烟,cedict
mouth of a well,井口,cedict
to go out to meet,出迎,cedict
to become aware of,察觉,cedict
to take a lesson from,引以为鉴,cedict
left-hand side  of a vehicle,里手,cedict
full of trouble and misfortune,坎坷多舛,cedict
to go and come back,往复,cedict
a lot of people,千夫,cedict
in order to do this,为此,cedict
to tell of,诉说,cedict
to show signs of anger,作色,cedict
three generations of a family,三代,cedict
short of food and clothing,缺衣少食,cedict
fifth day of a month,五号,cedict
thirteenth day of a month,十三日,cedict
angry and full of grievances,恼恨,cedict
lively and full of enthusiasm,精神抖擞,cedict
land of fish and rice,鱼米之乡,cedict
full of joy and expectations,兴冲冲,cedict
full of craft and cunning,诡计多端,cedict
university of science and engineering,理工大学,cedict
mixture of love and hate,爱恨交织,cedict
period of peace and prosperity,光风霁月,cedict
ministry of health and welfare,厚生省,cedict
to fall short of,不及,cedict
to become more and more,渐趋,cedict
fractional part of a number,小数,cedict
three of a kind,三条,cedict
a sea of people,人海,cedict
land of milk and honey,鱼米之乡,cedict
end of a show,散戏,cedict
to keep at a distance,远避,cedict
to do a body search,抄靶子,cedict
spirit of loyalty and self-sacrifice,义气,cedict
to do a blood test,验血,cedict
a great number of students,莘莘学子,cedict
dates of birth and death,生卒年,cedict
current state of a country,国情,cedict
to request leave of absence,请假,cedict
to speak ill of,褒贬,cedict
way of writing a character,写法,cedict
to clear oneself of dishonor,攘诟,cedict
wooden and slow of speech,木讷,cedict
to take to one's heels,撒腿,cedict
a tide of people,人潮,cedict
ministry of culture and tourism,文化和旅游部,cedict
department of gynecology and obstetrics,妇产科,cedict
a queue of people,人龙,cedict
to seize control of,攻占,cedict
to do a martial-art squat,蹲马步,cedict
a mob of people,暴民,cedict
a multitude of talented people,杞梓之林,cedict
list of emperors and kings,帝王谱,cedict
list of gods and immortals,神谱,cedict
to wrest control of,夺取,cedict
to go out to sea,下海,cedict
to struggle free of,挣脱,cedict
wife of a gay man,同妻,cedict
to assume office of,担任,cedict
to discuss matters of principle,务虚,cedict
a military show of force,示威,cedict
to do a urine test,尿检,cedict
to lose track of,跟丢,cedict
back of a chair,倚靠,cedict
to sell at a loss,割肉,cedict
to accept delivery of goods,提货,cedict
to hear of,耳闻,cedict
token member of a group,滥竽充数,cedict
to speak highly of,夸赞,cedict
to speak of,言说,cedict
to do a fitness test,体测,cedict
to do a lab test,化验,cedict
mixture of snow and rain,雨夹雪,cedict
to win by a landslide,大获全胜,cedict
a good deal of,好些,cedict
master of pen and sword,文武双全,cedict
old edition of a book,老本,cedict
a man of character,大丈夫,cedict
to turn one's back to,背转,cedict
end of a fixed term,期终,cedict
to fall foul of,蒙难,cedict
official name of a nation,国号,cedict
to do a spot check,抽查,cedict
to give one's body to,委身,cedict
dam of earth and rocks,土坝,cedict
display of fireworks and lanterns,火树银花,cedict
a long period of separation,久别,cedict
way of making a living,饭碗,cedict
old district of a city,老城,cedict
to come to one's attention,映入脑海,cedict
to demand repayment of debt,催讨,cedict
a small amount of money,俩钱,cedict
to combine parts of machine,配合,cedict
follower of wine and women,酒色之徒,cedict
novel of ghosts and goblins,神魔小说,cedict
rank and emolument of nobility,爵禄,cedict
a thousand things to do,百废待兴,cedict
i'll take care of it,包在我身上,cedict
to learn of,得知,cedict
to stop at a hostel,投店,cedict
oneness of heaven and humanity,天人合一,cedict
torrent of mud and stones,泥石流,cedict
to do a security check,安检,cedict
ups and downs of fortune,沉浮,cedict
to sing instead of weep,悲歌当哭,cedict
paragon of virtue and learning,师表,cedict
still a matter of discussion,莫衷一是,cedict
regional office of a company,区处,cedict
feelings of gratitude and loyalty,恩义,cedict
lines of latitude and longitude,经纬线,cedict
to die of an illness,病故,cedict
to die of embarrassment,社死,cedict
to die of illness,病死,cedict
either end of a bridge,桥头,cedict
pedicel and calyx of muskmelon,瓜蒂,cedict
catalog of stars and nebulae,星云表,cedict
governor of guangdong and guangxi,两广总督,cedict
hundreds and thousands of mountains,万峦,cedict
mountains and rivers of sichuan,巴山蜀水,cedict
painting of birds and flowers,花鸟,cedict
tranquillity of trees and valleys,林壑,cedict
a man of merit,贤士,cedict
to dispose of property,脱产,cedict
to do a parachute jump,坐降落伞,cedict
to do a bridge,下腰,cedict
girlfriend of a married man,小蜜,cedict
general history of a county,县志,cedict
four of a kind,四条,cedict
to shoot a glance at,瞄一眼,cedict
to eat at a restaurant,上馆子,cedict
to promote ripening of fruit,催熟,cedict
main points of a case,案由,cedict
to collectivize ownership of property,共产,cedict
to do a sliding tackle,铲球,cedict
to do a circuit,绕一圈,cedict
to finish  at a stroke,一挥而就,cedict
to do a jigsaw puzzle,拼图,cedict
to dispose of stolen goods,销赃,cedict
death of a close friend,人琴俱亡,cedict
residence of a high-ranking official,宅邸,cedict
side room of a hall,堂庑,cedict
to do a crab,下腰,cedict
head of a family,家公,cedict
to do a somersault,折跟头,cedict
lady of a certain age,半老徐娘,cedict
to do a favor,帮帮忙,cedict
to do a flyby,飞掠,cedict
to do a handstand,拿大顶,cedict
to resell at a profit,倒卖,cedict
to warn of,提醒,cedict
to approve of,认同,cedict
to strongly approve of,狂顶,cedict
to toil at a task,吃力,cedict
a large body of,大队,cedict
to dream of,梦到,cedict
a matter of course,天经地义,cedict
person of a jealous nature,醋坛子,cedict
to dance at a disco,蹦迪,cedict
to shed tears of sympathy,一掬同情之泪,cedict
to consist of,包括,cedict
last disciple of a master,关门弟子,cedict
lower course of a river,下流,cedict
to multiply by a factor,倍增,cedict
a type of large ant,蚍蜉,cedict
deserving of a good spanking,欠扁,cedict
to dispose of,出手,cedict
senior member of a profession,祭酒,cedict
to strip of,褫夺,cedict
to strip of everything,扒屋牵牛,cedict
to complain of an injustice,叫屈,cedict
plethora of things to tackle,千头万绪,cedict
to repay debts of gratitude,报德,cedict
half-period of a wave motion,交变,cedict
to rid oneself of,祓除,cedict
customer area of a store,店堂,cedict
to violate debts of gratitude,违恩负义,cedict
member of a society,社员,cedict
name of a book,书名,cedict
price of a person,身价,cedict
a show of strength,奋武扬威,cedict
to give one's virginity to,献处,cedict
to put one's hand to,下手,cedict
to beware of,谨防,cedict
free to come and go,进退自如,cedict
to delineate contours of,勾勒,cedict
to concoct pills of immortality,炼丹,cedict
pretext of needing to urinate,尿遁,cedict
to absolve of,解脱,cedict
to wail at a funeral,哭丧,cedict
to make up to,勾搭,cedict
a world of difference,云泥之别,cedict
a person of short stature,矮个儿,cedict
head of a society,会首,cedict
a place of secret cohabitation,香巢,cedict
original home of a monk,俗家,cedict
initial letter of a word,首字母,cedict
a pile of old books,故纸堆,cedict
to realize at a jolt,惊悟,cedict
height of a house,举架,cedict
a woman of unmatched beauty,绝世佳人,cedict
to work to no avail,徒劳无功,cedict
a company of pilgrims,香会,cedict
clerk of a law court,书记官,cedict
beautiful image of a woman,倩影,cedict
head of a  department,部长,cedict
there will be no peace,永无宁日,cedict
head of a committee,委员长,cedict
registered occupants of a house,花户,cedict
to get up to mischief,做鬼,cedict
hand of a clock,时针,cedict
a show of extravagance,排场,cedict
end of a historical era,季世,cedict
door of a room,房门,cedict
end of a banquet,散席,cedict
end of a vacation,收假,cedict
junior members of a group,下辈,cedict
as can be,不拉叽,cedict
can be counted as,称得上,cedict
can be rated as,堪称,cedict
drunk as drunk can be,泥醉,cedict
main viewpoint of a matter,主流,cedict
inhabitants of a border area,边民,cedict
branch of a school,分校,cedict
script of a play,戏剧,cedict
provisional capital of a country,陪都,cedict
top of a kitchen range,锅台,cedict
a large sum of,大笔,cedict
a group of beggars,丐帮,cedict
leader of a group,老大,cedict
dining area of a restaurant,外场,cedict
report of a victory,捷报,cedict
capital of a country,京兆,cedict
main mountain of a region,镇山,cedict
name of a shop,字号,cedict
salary of a public official,食俸,cedict
page of a book,书页,cedict
a small proportion of,少部分,cedict
to go to any lengths,赴汤蹈火,cedict
complement of a set,补集,cedict
complement of a set s,余集,cedict
luminous eyes of a woman,秋波,cedict
to put one's name to,具名,cedict
a set of measures,组合拳,cedict
a life of strenuous studies,寒窗,cedict
to find to one's taste,相中,cedict
middle third of a month,中旬,cedict
head priest of a temple,庙主,cedict
final sound of a syllable,尾音,cedict
head of a household,家主,cedict
a word of command,口令,cedict
in view of this,有鉴于此,cedict
a full mouth of,满口,cedict
of a similar kind,支与流裔,cedict
function of a real variable,实变函数,cedict
a type of green tea,大方,cedict
manuscript copy of a book,手抄本,cedict
name of a famous opera,二进宫,cedict
a narrow strip of water,一衣带水,cedict
head of a snake,蛇头,cedict
phonetic value of a character,字音,cedict
length of a book,部头,cedict
warm partition of a room,暖阁,cedict
head of a clan,宗主,cedict
head of a turtle,龟头,cedict
birthday of a deceased person,冥寿,cedict
handwritten copy of a book,写本,cedict
head of a delegation,团长,cedict
younger generation of a family,下辈,cedict
in light of this,鉴此,cedict
a person of foresight,先知,cedict
origin of a word,词源,cedict
likeness of a person,人像,cedict
representation of a person,肖像,cedict
to clock in for work,上钟,cedict
to withdraw from a group,退群,cedict
name of a famous necropolis,酆都,cedict
age of a tree,树龄,cedict
to keep to one's word,算数,cedict
without a stitch of clothing,一丝不挂,cedict
name of a tank,全胜,cedict
origin of a name,名源,cedict
to come and go,来往,cedict
odor of a dead body,尸臭,cedict
a pool of stagnant water,一潭死水,cedict
to call a time-out,叫停,cedict
lower margin of a page,地头,cedict
to go to work,上工,cedict
a sum of money,款子,cedict
meaning of a word,词义,cedict
impression of a book,读后感,cedict
foot of a wall,墙根,cedict
screech of a sudden stop,嘎然,cedict
body of a ship,船身,cedict
reputation of a business,招牌,cedict
professional name of a prostitute,花名,cedict
family of a functionary,官宦人家,cedict
eye of a needle,针眼,cedict
section of a retail store,门市部,cedict
son of a king,王子,cedict
round frame of a sieve,罗圈,cedict
to move up and down,起伏,cedict
spine of a book,书脊,cedict
manuscript of a book,书稿,cedict
motion of a simple pendulum,简谐运动,cedict
a line of verse,一句,cedict
extent of a rise,涨幅,cedict
eye of a vortex,涡核,cedict
length of a musical note,音长,cedict
a miraculous column of light,灵光,cedict
continuation of a book,续书,cedict
value of a currency,币值,cedict
a worthless piece of paper,一纸空文,cedict
directrix line of a parabola,准线,cedict
half of a lifetime,半辈子,cedict
jokes of a visceral nature,荤笑话,cedict
width of a room,开间,cedict
south gate of a palace,法门,cedict
to give no thought to,置之度外,cedict
stylus  of a record player,唱针,cedict
a gleam of hope,一线希望,cedict
a breath of fresh air,一股清流,cedict
source of a fire,火种,cedict
price of a slave,身价,cedict
thin section of a specimen,切片,cedict
enceinte of a city gate,瓮城,cedict
direction of a current,流向,cedict
foot of a mountain,山脚,cedict
confidential aspects of a matter,事机,cedict
edge of a field,地头,cedict
stage of a competition,赛段,cedict
to return to one's country,返国,cedict
a kind of cake,云片糕,cedict
remote outskirts of a city,远郊,cedict
corner of a page,书角,cedict
a bit of everything,杂七杂八,cedict
image  of a function,值域,cedict
function of a complex variable,复变函数,cedict
top of a building,楼顶,cedict
mastery of a trade,一手,cedict
to control from a distance,长辔远驭,cedict
subbranch of a bank,支行,cedict
outskirts of a city,城郊,cedict
page of a publication,版面,cedict
margin of a page,切口,cedict
a kind of earthworm,笄蛭,cedict
sound of a crash,哗啦,cedict
scum of a community,败类,cedict
appearance of a city,市容,cedict
outside of a city,城外,cedict
various concubines of a husband,娣姒,cedict
sound of sharpening a knife,霍霍,cedict
a length of hair,发脚,cedict
middle of a river,江心,cedict
length  of a film,片长,cedict
son born of a concubine,庶子,cedict
foot of a utensil,爪儿,cedict
sound of a drum,渊渊,cedict
a suit of clothes,一身,cedict
lacking a sense of perspective,轻重主次,cedict
heart of a flower,花心,cedict
salary of a private tutor,束脩,cedict
anniversary of a death,忌日,cedict
a range of hills,群山,cedict
a moment of enlightenment,顿悟,cedict
to fall from a horse,落马,cedict
weight capacity of a vehicle,载重量,cedict
extent of a drop,跌幅,cedict
sound of striking a gong,铛铛,cedict
to make out a bill,开账,cedict
male of a species,雄体,cedict
original singer of a song,原唱,cedict
dance floor of a ballroom,池子,cedict
surface of a river,河面,cedict
a sense of propriety,进退,cedict
emperor of a former dynasty,先皇,cedict
tone of a character,字调,cedict
a letter of condolence,唁信,cedict
stalk of a bean plant,豆萁,cedict
component of a chinese character,偏旁,cedict
radical of a chinese character,部首,cedict
version of a text,文本,cedict
initial heats of a competition,初赛,cedict
zero of a function,零点,cedict
to remove from a position,革职,cedict
to jump from a car,跳车,cedict
slave of a foreign conqueror,亡国奴,cedict
origin of a character,字源,cedict
female of a species,雌体,cedict
a method of decoration,开光,cedict
a barrage of fire,排射,cedict
to try to find out,探听,cedict
a surface of revolution,旋转曲面,cedict
a piece of cake,拾芥,cedict
administration of a military government,幕府,cedict
a strip of scenic beauty,风景线,cedict
a gasp of surprise,惊叹,cedict
shade of a tree,树荫,cedict
legal representative of a corporation,法定代表人,cedict
a strand of hair,毛根,cedict
a pack of lies,一派谎言,cedict
pulsation of a machine,突突,cedict
draft of a document,稿子,cedict
to resign from a job,辞工,cedict
son of a bitch,狗娘养的,cedict
to report to one's master,回事,cedict
to return to one's job,复岗,cedict
sudden movement of a corpse,诈尸,cedict
counter of a bar,吧台,cedict
title of a daoist priest,尊师爱徒,cedict
governor of a march,都护,cedict
meaning of a character,字义,cedict
strokes of a chinese character,笔画,cedict
item of a clause,款项,cedict
a couple of times,两下子,cedict
photo of a  couple,俪影,cedict
a sea of flames,火海,cedict
to learn from a master,受业,cedict
a series of books,丛书,cedict
a series of tricks,套数,cedict
captain of a boat,老大,cedict
extinction of a race,灭种,cedict
male owner of a brothel,王八,cedict
a collection of choice items,集锦,cedict
to yield to one another,互让,cedict
a variety of chicken,油鸡,cedict
magnitude of a star,星等,cedict
degree of a polynomial,次数,cedict
to play to one's strengths,扬长避短,cedict
incidence of a disease,发病率,cedict
to remove from a list,除名,cedict
neck of a bottle,瓶颈,cedict
meaning of a title,题意,cedict
to bow to one another,交拜,cedict
crown of a tooth,牙冠,cedict
root of a tooth,齿根,cedict
a stroke of luck,大运,cedict
a scene of wholesale slaughter,尸山血海,cedict
headwaters of a river,水源,cedict
application of a hot compress,熨法,cedict
band of a spectrum,谱带,cedict
causing a storm of protest,哗然,cedict
to go back and forth,往来,cedict
founding master of a monastery,开山祖师,cedict
pouch of a female marsupial,育幼袋,cedict
equation of a chemical reaction,反应式,cedict
helm of a ship,船舵,cedict
a rank growth of grass,草莽,cedict
bottom of a  pond,潭底,cedict
topic of a lecture,讲题,cedict
tray of a mill,磨盘,cedict
born of a concubine,庶出,cedict
to cling to one's course,一条路走到黑,cedict
trough of a wave,浪谷,cedict
a mass of flowers,繁花,cedict
a message of condolence,唁函,cedict
written confirmation of a debt,借单,cedict
punctuation of a sentence,句逗,cedict
delivery mechanism of a medicine,剂型,cedict
leader of a criminal gang,老大,cedict
supervisor of a phd candidate,博导,cedict
tiller of a boat,舵把,cedict
barrel of a gun,枪筒,cedict
tip of a needle,针头,cedict
to pay one's respects to,参谒,cedict
topography of a mountain,山势,cedict
features of a mountain,山势,cedict
butt of a gun,枪托,cedict
to report to one's superiors,上报,cedict
muzzle of a gun,枪口,cedict
player of a stringed instrument,琴师,cedict
cabin of a plane,机舱,cedict
bore of a gun,枪膛,cedict
hub of a wheel,轮毂,cedict
to fall to one's death,坠亡,cedict
beginning of a decade,年代初,cedict
idol of a fan,正主,cedict
a vast expanse of whiteness,白茫茫,cedict
a pot of porridge,一锅粥,cedict
fuselage of a plane,机身,cedict
penetration of a cutting tool,吃刀,cedict
fan of a singer,歌迷,cedict
sidewalls of a palace,掖垣,cedict
center of a lake,湖心,cedict
follower of a religion,教徒,cedict
written summary of a meeting,纪要,cedict
foundation of a building,地盘,cedict
governor of a province,太守,cedict
uppers of a shoe,鞋帮,cedict
a galaxy of talent,人才济济,cedict
robe of a buddhist priest,法衣,cedict
peak of a pagoda,塔尖,cedict
to dismiss from a post,革退,cedict
mechanics of a continuous medium,连续介质力学,cedict
dimension of a painting,画幅,cedict
a pile of junk,废铜烂铁,cedict
landlord of a building,楼主,cedict
a changeover of personnel,瓜代,cedict
a flash of realization,顿悟,cedict
a flash of understanding,豁然,cedict
premiere of a movie,首映式,cedict
a bunch of nonsense,一派胡言,cedict
a mess of bookkeeping,糊涂账,cedict
bow of a warship,舰首,cedict
residence of a noble,甲第,cedict
location of a grave,穴位,cedict
chastity of a widow,嫠节,cedict
hem of a skirt,下摆,cedict
to return to one's unit,归队,cedict
denominator of a fraction,分母,cedict
wings of a sanitary pad,护翼,cedict
numerator of a fraction,分子,cedict
subdivision of a rhyming dictionary,韵目,cedict
a gang of rogues,狐群狗党,cedict
width of a flag,旗幅,cedict
patron of a brothel,嫖客,cedict
waistband of a skirt,裙带,cedict
features of a palm,手相,cedict
blade of a propeller,桨板,cedict
loop of a necktie,领结,cedict
a thread of,一股子,cedict
pillar of a vault,拱墩,cedict
birds of a feather,臭味相投,cedict
proprietor of a mine,矿主,cedict
rung of a ladder,梯级,cedict
prong of a fork,叉头,cedict
to make up a deficiency,补足,cedict
digestive tract of a shrimp,虾线,cedict
railings of a balcony,轩槛,cedict
to make up a prescription,抓药,cedict
hump of a camel,驼峰,cedict
bleating of a deer,呦呦,cedict
turtle-shaped plinth of a stele,龟趺,cedict
combined branches of a clan,联宗,cedict
miraculous hands of a healer,妙手,cedict
a maze of doubts,疑团,cedict
founder of a buddhist sect,佛祖,cedict
a telegram of condolence,唁电,cedict
a taint of,一股子,cedict
to investigate and find out,查明,cedict
leader of a theatrical troupe,班主,cedict
a whiff of,一股子,cedict
a deluge of heavenly flowers,天花乱坠,cedict
a clique of traitors,奸党,cedict
dregs of a decoction,药渣,cedict
a blacklist of undesirables,另册,cedict
a collection of books,丛书,cedict
a combination of punches,组合拳,cedict
a follower of daoism,道教徒,cedict
a meeting of heroes,群英会,cedict
a meeting of minds,兰交,cedict
bob of a plumbline,铅锤,cedict
breakup of a relationship,情变,cedict
pipes of a panpipe,笙管,cedict
reeds of a panpipe,笙簧,cedict
to go back to sleep,睡回笼觉,cedict
to add to one's possessions,添置,cedict
to lean to one side,倾侧,cedict
to return to one's seat,归位,cedict
to save from a calamity,解厄,cedict
to withdraw from a competition,退赛,cedict
to suffer from a plague,遭瘟,cedict
to flick to one side,扒拉,cedict
to dismount from a horse,下马,cedict
to cling to one's view,一口咬定,cedict
to emerge from a pupa,破蛹,cedict
to awaken from a dream,惊梦,cedict
to escape from a famine,逃荒,cedict
to take up a job,上岗,cedict
to jump from a building,跳楼,cedict
to go off to war,出战,cedict
to get people to laugh,搞笑,cedict
to jump to one's death,堕楼,cedict
to commit one's energy to,献身,cedict
to look up to,景仰,cedict
to pay no attention to,不予理会,cedict
to go head to head,一较高下,cedict
ready to give and take,大丈夫能屈能伸,cedict
to send one's regards to,问好,cedict
to put  to good use,善用,cedict
to put to good use,派上用场,cedict
to go round and round,团团转,cedict
to build up and train,整训,cedict
to take up a challenge,应战,cedict
to pay no heed to,置之不理,cedict
to make a new start,更始,cedict
to stick to one's statement,一口咬定,cedict
to stick to one's ways,一条道走到黑,cedict
to say hello to,问好,cedict
to say goodbye to,挥别,cedict
to try to figure out,揣摩,cedict
to sink to one's knees,跪倒,cedict
to go into a huff,耍脾气,cedict
to confine to one location,禁足,cedict
to say to oneself,默念,cedict
to put out to contract,发包,cedict
to make every effort to,力求,cedict
to come back to life,复活,cedict
to fail to show up,黄牛,cedict
to try to cover up,藏掖,cedict
to roll over and over,翻涌,cedict
to take off and land,起降,cedict
to look after and train,调驯,cedict
to hand in for cancellation,缴销,cedict
to turn out to vote,参选,cedict
to go to school,上学,cedict
unable to go to school,失学,cedict
one and a half,一个半,cedict
to approve and carry out,批办,cedict
to get into a habit,上瘾,cedict
to call out to,招呼,cedict
to get into a mess,受瘪,cedict
to hand over face-to-face,面交,cedict
to observe and make sure,看准,cedict
to fail to live up,辜负,cedict
to let go to waste,荒弃,cedict
to differ to some extent,有所不同,cedict
not be capable,不行,cedict
to go cold and hungry,挨饿受冻,cedict
to allow  to go,放走,cedict
as should be,分当,cedict
as things should be,论理,cedict
to lie in wait for,埋伏,cedict
to go to war,参战,cedict
to live up to,不负,cedict
to live up to expectations,不负众望,cedict
to go and inspect,踏勘,cedict
to go to class,上课,cedict
to give a thumbs-up,比赞,cedict
to toil to no avail,劳而无功,cedict
light and easy to use,轻巧,cedict
to go down a hill,下山,cedict
to make a first sketch,打底,cedict
to make to order,订做,cedict
to hold out a hand,伸手,cedict
to shy to speak out,碍口,cedict
to go to town,进城,cedict
to fight a one-sided battle,胜之不武,cedict
to pull a fast one,取巧,cedict
to set up a home,安家,cedict
to go to press,付印,cedict
to go to bed,上床,cedict
to get worse and worse,有增无减,cedict
to stand up to,抵拒,cedict
to make convenient and fast,便捷化,cedict
to gang up and beat,围殴,cedict
to start and finish work,上下班,cedict
to go to prison,身陷牢狱,cedict
to go to sleep,就寝,cedict
to go straight to,直奔,cedict
to put to use,施展,cedict
to arrest and take away,抓去,cedict
to get red and swollen,紫胀,cedict
to make such a diagnosis,脉诊,cedict
not to give in,争持,cedict
to get near to,近前,cedict
to go to pot,下水,cedict
to follow up a study,查究,cedict
to get close to,一亲芳泽,cedict
to go to jail,入狱,cedict
to whisper to each other,耦语,cedict
to get in touch with,接洽,cedict
to make threats and promises,威逼利诱,cedict
a slave to one's mortgage,房奴,cedict
to go to beijing,进京,cedict
to go to extremes,做绝,cedict
to go to pieces,自乱阵脚,cedict
to go to taiwan,去台,cedict
hard to get to,闭塞,cedict
convenient and easy to use,顺手儿,cedict
to leave work and rest,离休,cedict
to try to win over,攻心,cedict
to begin to take shape,有眉目,cedict
to get drunk and quarrel,酗酒滋事,cedict
to put out a fire,救火,cedict
to jump into a well,跳井,cedict
to put to work,役使,cedict
to put up a front,撑门面,cedict
to get through a crisis,逃过一劫,cedict
to have what it takes,有本事,cedict
to open up a road,凿空,cedict
to make good a deficit,扭亏,cedict
to sum up to,共计,cedict
to shilly-shally and waste time,泡蘑菇,cedict
to lengthen out to,长达,cedict
to make a telephone call,打电话,cedict
to make good a deficiency,找齐,cedict
to make a bad move,出臭子儿,cedict
to wake up to reality,省悟,cedict
to kiss up to,趋奉,cedict
to find a way through,钻谋,cedict
to continue to use,沿用,cedict
to get to sleep,合眼,cedict
to choose and use,采择,cedict
to select and use,选用,cedict
to make  a short-term loan,拆借,cedict
to put out a loan,出借,cedict
to snuggle up to,依偎,cedict
to make customary deferences to,朝拜,cedict
to make offensive reference to,问候,cedict
to make offerings to,供养,cedict
to make offerings to buddha,赕佛,cedict
to nuzzle up to,挨擦,cedict
to take a fierce look,虎起脸,cedict
to take  after a meal,饭后服用,cedict
to get a bird's-eye view,鸟瞰,cedict
to go a step further,进一步,cedict
to copy and use,搬用,cedict
to put up a bridge,架桥,cedict
to look face to face,对视,cedict
to decrease and then grow,消长,cedict
to put up a guest,留宿,cedict
again and again and again,又双叒叕,cedict
to go around a corner,转弯,cedict
to use such a voucher,凭单,cedict
to work to support oneself,谋生,cedict
to get off a plane,下飞机,cedict
to come to an end,到头,cedict
to move back and forward,捣弄,cedict
to yearn to get married,恨嫁,cedict
to make a sudden turn,急转弯,cedict
to follow up a victory,乘胜,cedict
to give aid and support,输血,cedict
to take to court,状告,cedict
to set up a constitution,立宪,cedict
to take tea and chat,茶叙,cedict
to bring back to life,救活,cedict
to write out a receipt,开票,cedict
to make a trip home,探家,cedict
to make a move,出招,cedict
to make a clarion call,登高一呼,cedict
to make a phone call,摇电话,cedict
to write out a prescription,处方,cedict
to set a time limit,限时,cedict
to become man and wife,配合,cedict
to take measurements and calculate,测算,cedict
to work and rest,作息,cedict
to open up a path,开路,cedict
to change over to,改用,cedict
to come to sb's help,相助,cedict
to set up a stall,摆摊子,cedict
to go round a curve,拐弯,cedict
to make a complaint against,控诉,cedict
to set up a teammate,做球,cedict
to make a sound effect,拟音,cedict
to build up a sequence,接龙,cedict
to return to work,复工,cedict
to select and send over,选送,cedict
to make a supplementary report,补报,cedict
to make a public appeal,登高一呼,cedict
to take upon oneself to,为己任,cedict
to move back and forth,摆动,cedict
to open up a siege,解免,cedict
to make a general reference,泛指,cedict
to hand over  to,交由,cedict
to hand over to,上交,cedict
to make a u turn,调转,cedict
to start up a furnace,开炉,cedict
to come to power,当政,cedict
to make a false start,抢跑,cedict
to let out a secret,露底,cedict
to take down a confession,录供,cedict
to transfer to other tasks,复转,cedict
to pick up a car,提车,cedict
to take to heart,放在心上,cedict
to wind up a business,出盘,cedict
to carry out a  sentence,行刑,cedict
to make a special effort,较劲,cedict
to work oneself to death,累死累活,cedict
to come thick and fast,纷至沓来,cedict
to carry out a raid,进袭,cedict
to make a name,蜚声,cedict
to travel day and night,日夜兼程,cedict
to make a round trip,来回,cedict
to order again and again,三令五申,cedict
to take exception to,不以为然,cedict
to pick up a girl,把妹,cedict
to make a return trip,往复,cedict
to set a time frame,克日,cedict
to transfer to civilian work,转业,cedict
to divert  to other uses,抽动,cedict
to give and accept,授受,cedict
to mold and educate people,陶甄,cedict
to come to understand,觉悟,cedict
to come to light,暴露无遗,cedict
to come to mind,映入脑海,cedict
to neglect to take precautions,疏于防范,cedict
to come to sb's door,找上门,cedict
to make a big fuss,大呼小叫,cedict
to make a surprise attack,掩杀,cedict
to give birth to young,分娩,cedict
to make a strange sound,异响,cedict
to give support to,摇旗呐喊,cedict
to take to,带给,cedict
to bark out a sound,叫唤,cedict
be honored with,荣获,cedict
to make a claim,提赔,cedict
to take a different position,唱反调,cedict
to look after a baby,育婴,cedict
to make a fair copy,誊写,cedict
to make a capital loss,亏折,cedict
to turn a hand over,反手,cedict
to get a slender figure,纤体,cedict
to take a different approach,另辟蹊径,cedict
to glance left and right,睃巡,cedict
to make a considered decision,酌夺,cedict
to make a decision,定夺,cedict
to make a serious mistake,铸成大错,cedict
to take a wrong turn,出漏子,cedict
to lay out a defense,布防,cedict
to make a mournful sound,哀鸣,cedict
to take a degree course,念学位,cedict
to make a sound,出声,cedict
to make a clean copy,缮清,cedict
to strike up a conversation,搭讪,cedict
to think to oneself,心说,cedict
to get a job,就业,cedict
to make a conscious effort,刻意为之,cedict
to take a curtain call,谢幕,cedict
to make a v sign,比耶,cedict
to make a firm resolution,下定决心,cedict
to walk back and forth,转来转去,cedict
to make a list,列出,cedict
to make a contract,立约,cedict
to make a production contract,包产,cedict
to give free reins to,放任自流,cedict
to criticize right and left,横挑鼻子竖挑眼,cedict
to make a wish,许愿,cedict
to make a fire,拢火,cedict
to make a bed,铺床,cedict
to like to lecture others,好为人师,cedict
to make a formal request,声请,cedict
to make a fermented drink,酿酒,cedict
to make a cross,画十字,cedict
to give to higher authority,上交,cedict
to pick up a fare,拉活,cedict
to develop and change,衍化,cedict
to take a case,接案,cedict
to audit and write off,核销,cedict
to make a supreme effort,极力,cedict
to take a group photo,合影,cedict
to give rise to,发祥,cedict
to break into a run,拔腿,cedict
to make a match,作合,cedict
to hang down and cover,披垂,cedict
to cry out a grievance,喊冤,cedict
to make a loss,亏本,cedict
to make a key,配钥匙,cedict
to make a profit,创利,cedict
to take a number,抽号,cedict
to extend a time limit,展限,cedict
to get a girl,把妹,cedict
to blurt out a secret,失口,cedict
to drag out a lesson,拖堂,cedict
to make a thorough search,翻箱倒柜,cedict
to make a preliminary estimate,初估,cedict
to make a determined effort,发愤,cedict
to touch up a painting,点厾,cedict
to come to flower,着花,cedict
to dig out a cave,挖穴,cedict
inevitably there will be,总有,cedict
to take a customer's order,接单,cedict
to make a wild guess,瞎猜,cedict
to make a pinky promise,拉钩,cedict
to make a promise,许下,cedict
to cut a way through,凿空,cedict
to make a copy,抄送,cedict
to take a course,修课,cedict
to take a refresher course,进修,cedict
to stir up a row,捣乱,cedict
to compare long and short,较短絜长,cedict
to make a scene,大吵大闹,cedict
to bowl a batsman out,投杀,cedict
to make a speech,发言,cedict
to get oneself a wife,娶媳妇,cedict
to make a pair,作对,cedict
to use a word flexibly,活用,cedict
to make a  mistake,疏失,cedict
to make a careless mistake,失错,cedict
to make a mistake,出错,cedict
to give material assistance to,接济,cedict
to make a definite diagnosis,确诊,cedict
to get a hair transplant,植发,cedict
to meet face to face,逢迎,cedict
to meet face-to-face,照面,cedict
to make a map,制图,cedict
to make a plate,制版,cedict
to make a noise,喧闹,cedict
to look and admire,披览,cedict
to eke out a living,维持生活,cedict
to kick up a racket,大喊大叫,cedict
to make a guest appearance,客串,cedict
to set a new record,刷新纪录,cedict
to get a flat tire,爆胎,cedict
to come to grief,吃亏,cedict
to make a draft,起稿,cedict
to act like a snob,狗眼看人低,cedict
to repeat again and again,磨破嘴皮子,cedict
to come to prominence,凸现,cedict
to make a humble apology,肉袒,cedict
in front of one's eyes,眼底下,cedict
to come to fruition,修成正果,cedict
to come to,映入,cedict
to come to an agreement,说好,cedict
to come to blows,剋架,cedict
to come to china,来华,cedict
to come to hong kong,来港,cedict
to come to nothing,化为泡影,cedict
to come to oneself,省悟,cedict
to come to realize,感悟,cedict
to come to taiwan,来台,cedict
to make a bet,打赌,cedict
to make a catalogue,编目,cedict
to make a fortune,发横财,cedict
to make a mess,乱搞,cedict
to make a movie,拍电影,cedict
to hush up a scandal,遮羞,cedict
to make a tender,投标,cedict
to make a concession,容让,cedict
to take a step toward,迈向,cedict
to make a digest,文摘,cedict
to make a solemn vow,信誓旦旦,cedict
to rock back and forth,前仰后合,cedict
to make a fist,握拳,cedict
to make a vow,宣誓,cedict
to knock down and kill,撞死,cedict
to read through to evaluate,批阅,cedict
to pretend to look happy,强颜欢笑,cedict
to make a definitive judgment,论定,cedict
to cut into a line,夹塞儿,cedict
to make a racket,吵吵,cedict
to get a lift,搭车,cedict
to make a blueprint,晒图,cedict
to make a din,闹腾,cedict
to give to poorer relative,周济,cedict
to move to another post,调任,cedict
to make a detour,绕圈子,cedict
to make a pun,一语双关,cedict
to make a tumult,喧腾,cedict
to make a cocoon,作茧,cedict
to make a faux pas,得罪,cedict
to make a typo,打错,cedict
impossible to make a living,活不下去,cedict
to make a breakthrough,攻破,cedict
to make a comeback,再起,cedict
to make a comparison,比一比,cedict
to make a confession,供称,cedict
to make a contribution,建树,cedict
to make a correction,更正,cedict
to make a detailed inquiry,叮问,cedict
to make a distinction,区别,cedict
to make a false countercharge,反咬一口,cedict
to make a living,吃饭,cedict
to make a pilgrimage,巡礼,cedict
to make a proposal,提案,cedict
to make a suggestion,建言,cedict
to sit down to eat,上桌,cedict
to grow strong and large,壮大,cedict
to get a flight upgrade,升舱,cedict
to fight hand to hand,交手,cedict
to fight hand-to-hand,肉搏,cedict
to give sufficient consideration to,充分考虑,cedict
to look forward to,向往,cedict
to confuse right and wrong,混淆是非,cedict
to take a name,寄名,cedict
to distinguish right and wrong,明辨是非,cedict
to live like a prince,养尊处优,cedict
to pace back and forth,徘徊,cedict
to exhort again and again,叮嘱,cedict
to act according to plan,依计行事,cedict
to get a boost,升温,cedict
to give relief to widows,恤嫠,cedict
to turn into a disaster,成灾,cedict
to give birth to,生下,cedict
to talk face-to-face,面叙,cedict
to use a fair wind,乘风,cedict
to give unequal emphasis to,偏废,cedict
to glance through and check,翻拣,cedict
to track down and arrest,搜捕,cedict
to put an end to,废止,cedict
to give vent to anger,泄怒,cedict
to give generously to charity,慷慨解囊,cedict
to give to charity,散钱,cedict
to shuttle back and forth,穿梭,cedict
to get a footing,下脚,cedict
to write a new page,刷新,cedict
to speak face to face,晤谈,cedict
to get a headache,头大,cedict
to get a promotion,高升,cedict
to turn over a table,翻桌,cedict
to invert right and wrong,颠倒黑白,cedict
to close in on,紧逼,cedict
to give publicity to,宣传,cedict
to turn into a chrysalis,化蛹,cedict
to track down and seize,查获,cedict
to take a screen test,试镜,cedict
to give vent to,发泄,cedict
to take a material shape,示现,cedict
to give prominence to,突出,cedict
to sit in on,旁听,cedict
to give careful consideration to,顾全,cedict
to give oneself wholly to,委身,cedict
to give regards to,问安,cedict
to give to,带给,cedict
to take a fall,摔跌,cedict
to cut off and capture,截获,cedict
to search high and low,找遍,cedict
to broadcast a time signal,授时,cedict
to scowl and stare down,横眉立目,cedict
to consult and act upon,商办,cedict
to tear down and reuse,拆用,cedict
to take a walk,逛街,cedict
to use a credit card,刷卡,cedict
to sit upright and still,正襟危坐,cedict
to fix a time,定时,cedict
to base a work,依傍,cedict
to take a break,休憩,cedict
to take a leading position,出山,cedict
to break into a smile,破颜,cedict
to toady to influential people,走门路,cedict
to take a breathalyzer test,酒测,cedict
to take a pregnancy test,验孕,cedict
to call to pay respects,拜见,cedict
to pay particular attention to,讲究,cedict
simple and easy to understand,深入浅出,cedict
to start to develop,发芽,cedict
to start to develop rapidly,起飞,cedict
to record and play,录放,cedict
to pay lip service to,挂在嘴上,cedict
to give a lead,提头儿,cedict
to take a letter,捎信,cedict
to lose power and influence,失势,cedict
to take a rain check,改天,cedict
to restore to good condition,整治,cedict
to take a leading role,称霸,cedict
to attach most importance to,为主,cedict
to take a  step,跨步,cedict
to take a wife,娶妻,cedict
to fall into a trap,陷入牢笼,cedict
to take a picture,拍照,cedict
to trace back to,推溯,cedict
to take a wrong turning,出岔子,cedict
to cut into a mountain,开山,cedict
to take a risk,对赌,cedict
to cut into a conversation,插嘴,cedict
to return to normal life,还俗,cedict
to take a rest,偃息,cedict
to rise and set,出没,cedict
to give a dinner party,请客,cedict
to roll on in waves,奔腾,cedict
to give a return present,回奉,cedict
to play hide-and-seek,捉迷藏,cedict
to take a seat,就座,cedict
to open and close,翕动,cedict
to start to write,提笔,cedict
to bring to an end,收尾,cedict
to take a photograph,摄影,cedict
to take a staged photograph,摆拍,cedict
to plan and consider,谋虑,cedict
to break open and capture,破获,cedict
to take a summer vacation,消夏,cedict
to feel cold and numb,麻嗖嗖,cedict
to live off a woman,吃软饭,cedict
to walk into a scam,入局,cedict
to take a copy,描摹,cedict
to return to old ways,复古,cedict
to acquiesce to old age,服老,cedict
to win success and recognition,功成名就,cedict
to use a crutch,架拐,cedict
to use a pretext,假托,cedict
to use a stopwatch,掐表,cedict
to cut a mine into,挖开,cedict
to start to run rampant,越演越烈,cedict
to jump a year,跳级,cedict
to take a sample,取样,cedict
to take a circuitous route,宛转,cedict
to take a circular  route,绕行,cedict
to take a loan,借账,cedict
to restrict to even tone,押平声韵,cedict
to develop and print,冲印,cedict
to pay close attention to,抓紧,cedict
to develop and promote,发扬光大,cedict
to move and appeal,感召,cedict
place to return to,归宿,cedict
to take a breath,换气,cedict
to give a start,惊起,cedict
to take a plane,乘机,cedict
to sink down to,沦为,cedict
to run away to,逃奔,cedict
to investigate and plan forward,研拟,cedict
to separate and live apart,分家,cedict
to flow and change,流变,cedict
to write and direct,编导,cedict
to read and understand,读懂,cedict
to bring  to life,演活,cedict
to change and wash,换洗,cedict
to bow down to,顶礼膜拜,cedict
to seem to grow younger,逆生长,cedict
to spread far and wide,遐布,cedict
to take a dive,一落千丈,cedict
to take a dump,撇大条,cedict
to take a shower,冲凉,cedict
to take a taxi,打的,cedict
to bargain face-to-face,面议,cedict
to take a tumble,栽筋斗,cedict
to act according to convention,循规蹈矩,cedict
to grow to full size,成材,cedict
to call to mind,勾起,cedict
to pay back a score,报怨,cedict
to take a stroll,游玩,cedict
to feel remorse and shame,悔恨交加,cedict
to agree to pay compensation,认赔,cedict
to take a tonic,进补,cedict
to take a nap,假寐,cedict
to take a detour,绕行,cedict
to take a breather,喘息,cedict
to take a concubine,纳妾,cedict
to take a shortcut,抄近,cedict
to take a drubbing,挨揍,cedict
to take a hammering,挨板子,cedict
to take a percentage,提成,cedict
to pore over a book,披览,cedict
to work a shift,值班,cedict
new addition to a family,新丁,cedict
to help and encourage,诱掖,cedict
to feel powerless and incompetent,望洋兴叹,cedict
to put pen to paper,下笔,cedict
to inherit and develop,纂修,cedict
to become strained and tense,闹僵,cedict
to sing and play,弹唱,cedict
to fly into a rage,暴怒,cedict
to call to account,问罪,cedict
to return to civilian life,解甲,cedict
to reverse cause and effect,倒果为因,cedict
to need to,务必,cedict
to keep fit and healthy,强身健体,cedict
a long and difficult road,万水千山,cedict
to act in concert with,配合,cedict
to move and inspire,感发,cedict
to settle into a relationship,对亲,cedict
to start to talk,开口,cedict
to roam far and wide,浪迹天涯,cedict
to have no time for,无暇,cedict
to plan and prepare,筹划,cedict
to transfer to another club,转会,cedict
to want to,想要,cedict
to keep in step with,合拍,cedict
to put to death,弄死,cedict
to start to speak,开言,cedict
to play such a flute,横吹,cedict
to study and explain,阐发,cedict
to ask to buy,申购,cedict
to shake like a leaf,颤抖不已,cedict
to fall ill and die,病死,cedict
to become fainter and fainter,渐稀,cedict
to return to school,复学,cedict
in all parts of,各地,cedict
to consider and discuss,酌议,cedict
to add water  to,冲泡,cedict
to put down a revolt,平叛,cedict
to manage to sell,出脱,cedict
to learn and apply pragmatically,活学活用,cedict
to dry over a fire,焙干,cedict
to hear and decide,听断,cedict
to reform and start afresh,咸与维新,cedict
to bring to room temperature,退冰,cedict
to consider and decide,研定,cedict
to fall in love with,倾心,cedict
to put down a rebellion,靖乱,cedict
to rise and fall,抑扬,cedict
to hesitate to move forward,踌躇不前,cedict
to collect and organize,汇整,cedict
to keep close to,寸步不离,cedict
to stick to old ways,泥古,cedict
to try hard to,力图,cedict
to behave like a fool,乱弹琴,cedict
to confuse black and white,混淆黑白,cedict
to cast  into a mold,灌制,cedict
to dissolve into a liquid,化开,cedict
to relieve and help,济助,cedict
to add oil and vinegar,添油加醋,cedict
to lure into a trap,诱陷,cedict
to accede to every plea,有求必应,cedict
to raise and train,驯养,cedict
to pour  into a mold,浇注,cedict
to try and punish,审处,cedict
to gain knowledge and experience,长见识,cedict
to observe and study,考察,cedict
to give a straightforward account,直陈,cedict
to stand tall and rock-solid,巍然屹立,cedict
to hear a case again,再审,cedict
to buy and sell,倒腾,cedict
to flip a table over,翻桌,cedict
to twist and turn,缠络,cedict
to provide alms and rice,施粥舍饭,cedict
to increase luck and longevity,添福添寿,cedict
to pay a house-warming visit,暖房,cedict
to sign and issue officially,签发,cedict
to rise to power,上台,cedict
to call attention to,提醒,cedict
to stink to high heaven,臭不可闻,cedict
to visit and discuss,访谈,cedict
to toss and turn,反侧,cedict
to toss and turn restlessly,辗转反侧,cedict
to set fire to,火烧,cedict
to prevent and control,防控,cedict
to bring to court,吊审,cedict
to give a mark,打分,cedict
to give a present,赠予,cedict
to love and protect,爱护,cedict
to remain honest and poor,守拙,cedict
to pay scant regard to,不管不顾,cedict
to bring to light,抖搂,cedict
to try to improve oneself,向上,cedict
to bring to mind,追怀,cedict
to dig a well,打井,cedict
to accept and maintain faith,受持,cedict
to sit and wait,坐等,cedict
to revert to old ways,故态复萌,cedict
to try to please,取悦,cedict
to continue to fall,续跌,cedict
to feel inferior to others,自愧不如,cedict
to start to air,开播,cedict
to feel deeply attached to,爱恋,cedict
to inspect and study,研考,cedict
to pay respect to,参见,cedict
to receive and send,收发,cedict
to drink and drive,酒驾,cedict
to arrange to meet,约会,cedict
to love and respect,爱戴,cedict
to join head to tail,首尾相接,cedict
to learn to read,认字,cedict
to give a warning sign,亮黄灯,cedict
to emerge and grow,生发,cedict
to bring to account,质问,cedict
to advise and teach,劝教,cedict
to pay attention to,措意,cedict
to broadcast over a network,联播,cedict
to act a part,假充,cedict
to research and examine,研求,cedict
to resume  after a break,开戒,cedict
to refuse to pay,拒付,cedict
to refuse to pay taxes,抗捐,cedict
to grow and spread,滋蔓,cedict
to hold fast to,坚守,cedict
to read and appraise,评阅,cedict
to continue to exist,存续,cedict
to lead directly to,直通,cedict
to lead to,引向,cedict
to issue and deliver,发交,cedict
to promise to pay,承付,cedict
to win a court case,胜诉,cedict
to try to obtain,求得,cedict
to dry over a stove,烘干,cedict
to put to,付诸,cedict
to run through a checklist,排查,cedict
to come a cropper,栽跟头,cedict
to detain and question,扣查,cedict
to try to survive,图存,cedict
to read carefully and thoroughly,精读,cedict
to read extensively and thoroughly,读破,cedict
to draw near to,走近,cedict
to investigate and research,调研,cedict
a strong and determined man,铮铮铁汉,cedict
to check and research,考究,cedict
a weathered and worn look,沧桑感,cedict
to fail to win anything,空手而归,cedict
to try to score,临门一脚,cedict
to sentence  to pay compensation,判赔,cedict
to gain fame and success,叫响,cedict
to appear and disappear unpredictably,出没无常,cedict
to show off a feat,卖本事,cedict
to settle and account,还账,cedict
to move to,移师,cedict
to move to tears,催泪,cedict
to move troops to,移师,cedict
to pull a long face,哭丧着脸,cedict
to drop and break,摔坏,cedict
to investigate and accept,察纳,cedict
to gather and process,采制,cedict
iron-willed and ready to die,铁血,cedict
to study and impart,传习,cedict
to study and expound,推阐,cedict
to study assiduously and tirelessly,悬梁刺股,cedict
to record and preserve,罗缕纪存,cedict
to survey and draw,测绘,cedict
to weigh and consider,衡酌,cedict
to give a hollow laugh,干笑,cedict
to talk cheerfully and wittily,谈笑风生,cedict
to turn to secret activities,转入地下,cedict
to draw close to,靠拢,cedict
to manage to suppress,镇得住,cedict
to slip and fall,摔倒,cedict
to trip and fall,摔跤,cedict
to open to traffic,通车,cedict
to comment and explain,诠释,cedict
to try to defend oneself,辩白,cedict
to play a part,饰演,cedict
to measure and select talents,铨衡,cedict
to mourn and offer prayers,祭吊,cedict
to break through a wall,破壁,cedict
to manufacture and sell,制售,cedict
to compile and record,撰录,cedict
to cause  to rise,推升,cedict
to promote sex and violence,诲淫诲盗,cedict
to display and sell,展销,cedict
to try to persuade,攻心,cedict
to give a speech,发表演讲,cedict
to apply  creatively and flexibly,活用,cedict
to inspect and accept,验收,cedict
to attack and kill,击杀,cedict
to pay tribute to,致敬,cedict
to neglect sleep and food,废寝食,cedict
to protect and maintain,维修,cedict
to watch and listen attentively,拭目倾耳,cedict
to lower oneself to  level,一般见识,cedict
to run counter to,有违,cedict
to stay  and eat meals,吃住,cedict
to bear and raise children,生儿育女,cedict
to blaze a new trail,另辟蹊径,cedict
to divide and rule,分而治之,cedict
to give a farewell dinner,饯别,cedict
to help oneself to,自取,cedict
to pay homage to,凭吊,cedict
having enough and to spare,富富有余,cedict
to pay respects to,奉祀,cedict
to learn to walk,学步,cedict
to relate to,有关,cedict
to give a sidelong glance,眄视,cedict
to stumble and fall,跌扑,cedict
to fall and fracture,跌断,cedict
to bring to sb's attention,提及,cedict
to eat and drink,吃喝,cedict
to eat and drink extravagantly,大吃二喝,cedict
to eat and drink gluttonously,胡吃海喝,cedict
to eat and drink unreasonably,暴饮暴食,cedict
to play a small role,跑龙套,cedict
to try to emulate,你追我赶,cedict
to fall and wither,飘零,cedict
to wither and fall,开败,cedict
to pick and choose,挑拣,cedict
to provide to,带给,cedict
to give a lecture,主讲,cedict
to understand and sympathize,体惜,cedict
to leave a question open,存疑,cedict
to try to evade,耍滑,cedict
to start to boil,开锅,cedict
to force oneself to smile,强颜欢笑,cedict
to fall deeper and deeper,越陷越深,cedict
to try to fathom,揣摩,cedict
to transfer to full membership,转正,cedict
to try to,试着,cedict
to try to demoralize,攻心,cedict
to return to normal,恢复常态,cedict
to test and evaluate,测评,cedict
not a soul in sight,空无一人,cedict
to pick and eat,采食,cedict
to create and practice,创练,cedict
to give a discount,打折,cedict
to blow hot and cold,出尔反尔,cedict
to begin to stir,蠢蠢欲动,cedict
to lock down a city,封城,cedict
to begin to dawn,麻麻亮,cedict
to disobey and cause delays,违误,cedict
to survey and determine,勘定,cedict
to ebb and rise,消长,cedict
to charge to an account,记账,cedict
to collapse and lie flat,倒伏,cedict
to restore  to  former condition,复原,cedict
to discuss and deliberate,商兑,cedict
to issue  to lower levels,下发,cedict
to lead a group,带队,cedict
to start going to kindergarten,入园,cedict
to visit friends and relations,访亲问友,cedict
to share joys and sorrows,同甘苦,cedict
to exhibit and compare,展评,cedict
to bring to justice,捉拿归案,cedict
to draw a line under,销帐,cedict
to bring to trial,吊审,cedict
to receive and transmit,收发,cedict
to allow to fly,放飞,cedict
to deliberate and decide,审处,cedict
to press close to,贴近,cedict
to give a detailed exposition,申论,cedict
to trust and appoint,信用,cedict
to give a gratuity,打赏,cedict
to give a blowjob,吹喇叭,cedict
to give a favor,开恩,cedict
to give a forced interpretation,穿凿,cedict
to give a presentation,介绍,cedict
to select and edit,编选,cedict
to select and purchase,选购,cedict
to borrow books to read,借阅,cedict
to fail to understand,不明,cedict
to kidnap and sell,拐卖,cedict
to approve and forward,批转,cedict
to demand a high price,扳价,cedict
to examine and approve,审批,cedict
to diagnose and treat,诊治,cedict
to seize and send,揪送,cedict
to surround and protect,拱卫,cedict
to hunt and kill,捕杀,cedict
to abduct and sell,拐卖,cedict
to promote and appoint,提任,cedict
to add insult to injury,雪上加霜,cedict
to check and review,审酌,cedict
to quote chapter and verse,引经据典,cedict
to appraise and decide,核定,cedict
to couple strength and gentleness,刚柔并济,cedict
to check and balance,制衡,cedict
to analyze and treat,分析处理,cedict
to advise and encourage,规勉,cedict
to examine and fix,检修,cedict
to smuggle and evade tax,走漏,cedict
to cause to smile,逗笑,cedict
to lead a solitary life,闲居,cedict
to add flowers to brocade,锦上添花,cedict
to add to,另加,cedict
to push and pull,推挽,cedict
to screen and select,甄审,cedict
to check and correct,考订,cedict
to print and distribute,印发,cedict
to mix and match,混搭,cedict
to search heaven and earth,上天入地,cedict
to bring disaster to,殃及,cedict
to seek fame and wealth,追名逐利,cedict
to review and approve,核可,cedict
to attack and destroy,击毁,cedict
to attack and defend,攻防,cedict
to pursue and kill,追歼,cedict
to open a law court,开堂,cedict
to shake heaven and earth,震天动地,cedict
to follow a bad example,效尤,cedict
to audit and determine,核定,cedict
to check and restrict,检束,cedict
to become a general trend,蔚然成风,cedict
to investigate and handle,查处,cedict
to offer to undertake,自告奋勇,cedict
to cease to operate,收山,cedict
to count and check,点数,cedict
a way to survive,生路,cedict
to have it both ways,两全其美,cedict
to rob and kill,劫杀,cedict
to bring shame to,往脸上抹黑,cedict
to attack and sink,击沉,cedict
to pursue and attack,追击,cedict
to spread wings and fly,奋飞,cedict
to leave a good reputation,流芳,cedict
to bless and protect,保佑,cedict
to build a house,盖房,cedict
to select and recruit,拔取,cedict
to bring to negotiated surrender,招抚,cedict
to drive a wedge between,离间,cedict
to rectify and improve,整改,cedict
to pay a farewell call,道别,cedict
to examine and admire,展玩,cedict
to instruct and guide,训育,cedict
to select and assign,提调,cedict
to appoint and dismiss,任免,cedict
to stick close to,紧贴,cedict
to blossom and bear fruit,开花结果,cedict
to draw attention to,彰显,cedict
to bring to deadlock,弄僵,cedict
to examine and revise,审订,cedict
to attack and seize,攻取,cedict
to dismiss and replace,撤换,cedict
to investigate and arrest,侦缉,cedict
to bring to,带给,cedict
to divide and confer,分封,cedict
to compete to buy,竞购,cedict
to put a team together,组队,cedict
to kill and banish,诛流,cedict
to yield to force,服硬,cedict
to investigate and evaluate,考评,cedict
to continue a family line,继嗣,cedict
to admire and respect,钦仰,cedict
to sing and dance,踏歌,cedict
to supervise and construct,督建,cedict
to fall off a horse,坠马,cedict
to refuse to accept,拒收,cedict
to refuse to accept orders,抗命,cedict
to gather and store,收存,cedict
to comprehensively appraise and select,甄综,cedict
to intercept and attack,堵击,cedict
to pay a return visit,回拜,cedict
to write a play,编剧,cedict
to investigate  and prosecute,侦办,cedict
to lie rigid and motionless,僵卧,cedict
to fall victim to misfortune,罹祸,cedict
to talk to oneself,自语,cedict
to observe and emulate,观摩,cedict
to browse and select,翻拣,cedict
to admit responsibility and resign,引咎辞职,cedict
to become a member,加入,cedict
to scrimp and save,缩衣节食,cedict
to sit knee to knee,促膝,cedict
to bill and coo,卿卿我我,cedict
to kick and beat,连踢带打,cedict
to select and edict,编录,cedict
to assess and classify,评价分类,cedict
to reward and promote,奖挹,cedict
to collate and examine critically,参详,cedict
to bear shame and humiliation,含垢忍辱,cedict
to pass through a doorway,过门,cedict
to check and revise,审改,cedict
to expect  to depreciate,看贬,cedict
to grow to adulthood,成年,cedict
to lay down a burden,卸肩儿,cedict
to start a print run,开印,cedict
to drop and smash,碎掉,cedict
to search and enquire,缉访,cedict
to return to port,回航,cedict
to worship heaven and earth,拜天地,cedict
to trust and obey,信从,cedict
to print and circulate,刊行,cedict
to force to capitulate,收服,cedict
to lean close to,凑近,cedict
to rest and reorganize,休整,cedict
to listen and obey,听从,cedict
to force oneself to,硬着头皮,cedict
ability to survive and reproduce,适存度,cedict
to corner and arrest,兜捕,cedict
to offer sacrifices to confucius,祭孔,cedict
to translate and edit,编译,cedict
to prevent and cure,防治,cedict
to suffer bullying and beating,挨打受气,cedict
to remove makeup and costume,卸装,cedict
to compile and print,编印,cedict
to conceal and avoid,隐避,cedict
conservative and unable to adapt,泥古不化,cedict
to condescend to allow,恩准,cedict
to attract bees and butterflies,招蜂引蝶,cedict
to enter and garrison,进驻,cedict
to seek to protect,力保,cedict
to fit in with,切合,cedict
to sink and emerge,浮沉,cedict
to chase and beat,追打,cedict
to apply to,付诸,cedict
to hunt and arrest,搜捕,cedict
to intercept and investigate,侦听,cedict
to fly hither and thither,飞来飞去,cedict
to check and ratify,核定,cedict
to open a closed country,开国,cedict
to store and retrieve,存取,cedict
to persuade and instruct,劝教,cedict
to search and seize,抄获,cedict
to chat and laugh,说笑,cedict
to dress and groom oneself,梳妆,cedict
to combine education and entertainment,寓教于乐,cedict
to compile and edit,编修,cedict
to cause  to collapse,冲塌,cedict
to rape and murder,奸杀,cedict
to stone to death,乱石砸死,cedict
to find oneself a partner,脱光,cedict
to refute and correct,驳正,cedict
a way to retreat,退路,cedict
to guide patiently and systematically,循循善诱,cedict
to push and shove,推推搡搡,cedict
to correct and criticize,批改,cedict
to proofread and correct,刊正,cedict
to wash and filter,淘析,cedict
to mix and stir,拌和,cedict
to beat to death,打死,cedict
to relax and expand,舒张,cedict
to beat and scold,打骂,cedict
to compete to answer questions,竞答,cedict
to search and confiscate,抄查,cedict
to edit and rectify,校正,cedict
to reform habits and customs,移风易俗,cedict
to return to,回到,cedict
to return to allah,归真,cedict
to return to hong kong,返港,cedict
to return to sender,退件,cedict
to return to taiwan,返台,cedict
to drink through a straw,吸食,cedict
to wipe and wash,擦洗,cedict
to register and confiscate,籍没,cedict
to count and verify,点视,cedict
to host such a banquet,公宴,cedict
to drive to revolt,逼上梁山,cedict
to fall to,跌至,cedict
to wine and dine,宴饮,cedict
dumbstruck and unable to reply,哑口无言,cedict
to lend and borrow books,出纳,cedict
to shout and scream,吵闹,cedict
to surround and seize,围捕,cedict
to cause to explode,燃爆,cedict
to lose to theft,失盗,cedict
to win without a fight,有征无战,cedict
to change a name,改称,cedict
to feed and clothe,养活,cedict
a life and death struggle,鱼死网破,cedict
to happen to,正好,cedict
to burn to death,烧死,cedict
to everyone's delight and satisfaction,皆大欢喜,cedict
to multiply and divide,乘除,cedict
to possess assurance and composure,侃侃,cedict
to rob and steal,寇攘,cedict
to rise to fame,声名大噪,cedict
to inspect and verify,验证,cedict
be headed by,为首,cedict
to puff and blow,吭哧,cedict
child in need of help,心影儿,cedict
to cause to perish,消灭,cedict
to invade and occupy,侵占,cedict
to expose to strong sunlight,曝晒,cedict
to wash and starch,浆洗,cedict
to express a different view,唱反调,cedict
enigmatic and impossible to predict,深不可测,cedict
to live a hermit's life,枕石漱流,cedict
to unpick and wash,拆洗,cedict
to refer broadly to,泛称,cedict
to refer obliquely to,影射,cedict
to refer to,借指,cedict
to refer to disparagingly,贬称,cedict
to occupy a high position,居位,cedict
to retreat and defend,退守,cedict
to live a frugal life,疏水箪瓢,cedict
to right a wrong,申理,cedict
to transfer to hospital,转院,cedict
to congratulate and celebrate,弹冠相庆,cedict
to lose to,输给,cedict
to accumulate merit and virtue,积德累功,cedict
to pursue and eliminate,追剿,cedict
to hate and resent,恼恨,cedict
to rise to,铆上,cedict
to dazzle and confuse,荧惑,cedict
to surround and annihilate,包剿,cedict
to explore  and unearth findings,开掘,cedict
to storm and capture,攻略,cedict
to shout and quarrel,大呼小叫,cedict
to fly wing to wing,比翼齐飞,cedict
to limit oneself to,自封,cedict
to limit to,约束,cedict
to marry off a daughter,嫁女,cedict
to fail to gain,痛失,cedict
to draw to,引向,cedict
to find a path,探路,cedict
to crush and bury,压埋,cedict
to arrest and shackle,械系,cedict
to deign to accept,俯就,cedict
to run a school,办学,cedict
to hug and kiss,拥吻,cedict
to invent and innovate,发明创造,cedict
to expose and criticize,揭批,cedict
to whisper and chat,开小会,cedict
to attempt to convince,劝导,cedict
to carve and polish,琢磨,cedict
to compile and revise,纂修,cedict
to polish and rub,磋磨,cedict
to smelt and cast,冶铸,cedict
to reach a set standard,达标,cedict
to handle in accordance with,遵办,cedict
to swear to god,赌咒,cedict
to freeze to death,冻死,cedict
able to keep a secret,嘴稳,cedict
to revise and enlarge,增订,cedict
to wander without a home,浪迹,cedict
to carry a child,有了胎,cedict
to capsize and sink,翻沉,cedict
to consolidate and clarify,坚明,cedict
to reduce to submission,收服,cedict
to rape and insult,淫辱,cedict
to dine and dash,吃霸王餐,cedict
to twist and sway,扭摆,cedict
to retreat and scatter,退散,cedict
to intercept and rob,拦劫,cedict
to wail and scream loudly,鬼哭狼嚎,cedict
to commit to memory,暗记,cedict
to bewitch and trap,迷魂阵,cedict
to filter and purify,滤清,cedict
to bow and scrape,卑躬屈节,cedict
to sell to faraway lands,远销,cedict
to kneel and bow,下拜,cedict
to present  to,馈赠,cedict
to gently caress and stroke,抚摸,cedict
to waylay and rob,剪径,cedict
to merge and reorganize,合编,cedict
to refuse to listen,掩耳,cedict
to kneel and beg forgiveness,跪地求饶,cedict
to kneel and worship,跪拜,cedict
to whip and insult,笞辱,cedict
to refuse to comment,未置可否,cedict
to reduce to essentials,简省,cedict
to flourish and decay,兴亡,cedict
to turn a vehicle around,回车,cedict
to pass to,传给,cedict
to lick and suck,舔吮,cedict
to assemble and disassemble,装卸,cedict
to assemble  and dispatch,集散,cedict
to boast and flatter,吹吹拍拍,cedict
to bump and shove,挤轧,cedict
to run a red light,闯红灯,cedict
to invade and harass,侵扰,cedict
to brighten and fade,明灭,cedict
to bully and insult,侮弄,cedict
to coax and plead,三催四请,cedict
to differentiate and analyze,辨析,cedict
to crush to death,压死,cedict
to enshrine and worship,供奉,cedict
to bully and humiliate,欺凌,cedict
to meet a person,接人,cedict
to urge to stay,挽留,cedict
to send to,送去,cedict
to starve to death,饿死,cedict
to refuse to admit,抵赖,cedict
to mock and scold,嬉笑怒骂,cedict
to whip and revile,笞骂,cedict
to bleach and dye,漂染,cedict
to sew and mend,缝补,cedict
to stab to death,刺死,cedict
to mock and ridicule,嘲谑,cedict
to choke to death,哽死,cedict
to gossip and meddle,多嘴多舌,cedict
to obstruct and procrastinate,违误,cedict
to buy a house,买房,cedict
to hack to death,砍死,cedict
to interrogate and refute,盘驳,cedict
to huff and puff,气喘如牛,cedict
to grieve and lament,痛心疾首,cedict
to wail and whine,哭天抹泪,cedict
to defame and persecute,谗害,cedict
to rant and rave,发毛,cedict
to strangle to death,缢杀,cedict
to sob and sniffle,抽抽噎噎,cedict
to grieve to death,伤心致死,cedict
to simplify and condense,删简压缩,cedict
to hear a case,听讼,cedict
to drink to excess,酗酒,cedict
to wail loudly and mournfully,大放悲声,cedict
to hem and haw,哼儿哈儿,cedict
to write a word incorrectly,误植,cedict
to-and-fro tussle,拉锯战,cedict
to collate and annotate,校释,cedict
to coax and pester,软磨硬泡,cedict
to hoard and profiteer,囤积居奇,cedict
to bludgeon to death,棒杀,cedict
to and fro,来回,cedict
to disconnect and reconnect,重插,cedict
to set a shining example,垂范,cedict
to vanquish dragons and tigers,降龙伏虎,cedict
to lengthen and shorten,伸缩,cedict
to overturn trunks and boxes,翻箱倒柜,cedict
to desire to beat others,争强好胜,cedict
to chase to kill,追杀,cedict
to seek to recruit,诚聘,cedict
to feel a strong urge,心里痒痒,cedict
to refuse to insure,拒保,cedict
to seek to solve,求解,cedict
to crash through a barrier,闯关,cedict
to compile in collaboration with,合编,cedict
both parties to a deal,两头,cedict
to decline to attend,退席,cedict
to compare to,比作,cedict
to challenge to battle,搦战,cedict
to accept a job offer,应聘,cedict
to amount to,折合,cedict
to damage a good relationship,伤和气,cedict
to hold a court audience,临朝,cedict
to chime in with others,听见风就是雨,cedict
to turn a blind eye,睁一眼闭一眼,cedict
to crawl through a tunnel,钻洞,cedict
to fail to accomplish,未遂,cedict
to bring a lawsuit against,起诉,cedict
to state a view,建白,cedict
to devote attention to,致意,cedict
pleasant to listen to,动听,cedict
to refuse to acknowledge,不理,cedict
to claim a credit against,抵减,cedict
to write a book,著书,cedict
to pay a formal visit,拜见,cedict
to fail to materialize,不遂,cedict
to reconcile oneself to loss,死心,cedict
to run a street stall,摆地摊,cedict
to close a case,销案,cedict
to fail to eventuate,未果,cedict
to fail to,未能,cedict
to react to an emergency,抢险,cedict
to face a difficult choice,两难,cedict
a remote and desolate place,穷乡僻壤,cedict
to travel to,亲赴,cedict
to chance to,正好,cedict
to eat to satiety,尽饱,cedict
to set a record,创记录,cedict
to attach importance to,放在眼里,cedict
to raise a child,拉扯,cedict
to rush to purchase,争购,cedict
to contribute to,造就,cedict
to dedicate oneself to progress,精进,cedict
to invite to dinner,宴请,cedict
to aim to,旨在,cedict
to pay a secret visit,密访,cedict
to hesitate to advance,趑趄,cedict
to hold a whip-round,出份子,cedict
to kneel as in prayer,长跪,cedict
to open a book,开卷,cedict
to let a witness live,留活口,cedict
to open a business,开张,cedict
to adjust to sharp changes,缓冲,cedict
to refuse to concede,争持,cedict
to waive a right,弃权,cedict
to complete a hand,和牌,cedict
to appropriate to oneself,占为己有,cedict
to accord importance to,推崇,cedict
to struggle to cope,穷于应付,cedict
to hit a pressure point,点穴,cedict
to connect directly to,直连,cedict
to connect to,连接至,cedict
to need a spanking,欠揍,cedict
to listen to,收听,cedict
to listen to an audiobook,听书,cedict
to listen to information,听信,cedict
to lull to sleep,催眠,cedict
to respond to an emergency,应急,cedict
to lead a team,带队,cedict
to progress to,升入,cedict
specific to a particular stage,阶段性,cedict
to transfer  to higher authorities,上缴,cedict
to begin a  court session,开庭,cedict
to attend to,张罗,cedict
to attend to everything personally,事必躬亲,cedict
to attend to personally,躬亲,cedict
to attend to sb's needs,侍奉,cedict
to adapt to sb's taste,投其所好,cedict
to set a price,定价,cedict
to pull off a coup,爆冷,cedict
to intend to,意欲,cedict
to extend to,扩及,cedict
to stop performing a play,辍演,cedict
to tell a lie,扯谎,cedict
to deliver to,送去,cedict
to stick closely to,粘缠,cedict
to stick to,坚守,cedict
a case to treat separately,另案,cedict
to reply to an invitation,回帖,cedict
to ask a price,索价,cedict
to conspire to murder,谋害,cedict
to commit a violent act,行凶,cedict
to restrict to,限定,cedict
to flee to escape punishment,畏罪潜逃,cedict
to pull off a comeback,反超,cedict
to burn to charcoal,焦炙,cedict
to support a family,养家,cedict
to complete a course,结业,cedict
to seal off a network,封网,cedict
to respond accordingly to,因应,cedict
to respond to,受访,cedict
to spread to,波及,cedict
to perform a play,演剧,cedict
to tear to pieces,撕烂,cedict
to tear to shreds,撕碎,cedict
to shift to,移师,cedict
to pay a visit,来访,cedict
to jump to,跳转,cedict
to switch to,改用,cedict
to abandon oneself to despair,自暴自弃,cedict
to point a brick wall,勾缝,cedict
to open a door,开门,cedict
to bid farewell to,挥别,cedict
to beg to differ,不敢苟同,cedict
to add a friend,扩列,cedict
to accommodate to circumstances,变通,cedict
to belong to,归属,cedict
to hold a fortified position,据守,cedict
to hold a position passively,做一天和尚撞一天钟,cedict
to hold a teaching position,任教,cedict
to attach oneself to,依附,cedict
to acknowledge allegiance to,臣服,cedict
to resign oneself to,甘心,cedict
to resign oneself to extinction,束手待毙,cedict
to start a war,开仗,cedict
to adjust oneself to,吻合,cedict
to watch a play,看戏,cedict
to pray to buddha,念佛,cedict
to correspond to,照应,cedict
to succeed to,继承,cedict
a soldier's pay and provisions,军饷,cedict
to convert to,归依,cedict
to adapt to,因应,cedict
to adapt to circumstances,识时务,cedict
to put forward a suggestion,进言,cedict
to leave a country,离境,cedict
to presume to,不揣冒昧,cedict
to preach to deaf ears,对牛弹琴,cedict
to start a construction job,开工,cedict
to rush to,奔赴,cedict
to read a book,读书,cedict
to meet a minimum standard,及格,cedict
to seal off a port,封港,cedict
to devote oneself to,献身,cedict
to yield to,俯就,cedict
to resort to petty tricks,耍小聪明,cedict
to raise a hand,举手,cedict
to submit  to higher authorities,上行,cedict
to submit to,俯就,cedict
to hurry to,奔赴,cedict
to play a transvestite role,反串,cedict
to judge a case,定谳,cedict
to venture to,不揣冒昧,cedict
to set a date,克日,cedict
to play a drinking game,行酒令,cedict
to play a game,打游戏,cedict
to plot to assassinate,谋刺,cedict
to dial a telephone number,拨号,cedict
a role to play,一席之地,cedict
to play a critical role,举足轻重,cedict
to play a leading role,挑大梁,cedict
to play a role,起作用,cedict
to swear to quit,誓绝,cedict
to confine to,定格,cedict
to dare to,勇于,cedict
unable to discipline a child,管教无方,cedict
to resort to devious means,走偏锋,cedict
to hold a pass,扼守,cedict
to undertake a great mission,扬帆远航,cedict
to cater to,投合,cedict
to resort to,玩弄,cedict
to resort to demagogy,蛊惑人心,cedict
to resort to tricks,耍滑,cedict
kind of work in production,工种,cedict
to reset to zero,归零,cedict
to start a ball game,开球,cedict
to bow to,屈体,cedict
to leap to,跃升,cedict
to rouse to vigorous action,奋发,cedict
to conform to,相合,cedict
to subscribe to,订阅,cedict
to incline to,倾向于,cedict
to to repay,反哺,cedict
to flee to hong kong,逃港,cedict
to smash to bits,砸碎,cedict
to smash to pieces,击碎,cedict
to mutter to oneself,嘟嘟哝哝,cedict
to mutter to oneself irresolutely,沉吟,cedict
to swell to bursting,饱绽,cedict
to receive a report,获报,cedict
to crush to pieces,压碎,cedict
to manage a situation badly,以汤沃沸,cedict
to cling to,固执,cedict
to adhere rigidly to regulations,雷打不动,cedict
to adhere to,持守,cedict
to rigidly adhere to,拘泥,cedict
to tolerate is to abet,姑息遗患,cedict
to defer to,冲挹,cedict
to navigate to,点选,cedict
to imitate to perfection,惟妙惟肖,cedict
to banish to penal servitude,充发,cedict
to strive to,力图,cedict
to increase a price,加价,cedict
to hack  to pieces,千刀万剐,cedict
to prove a point,论证,cedict
to revert to,转归,cedict
to apply a skin-smoothing effect,磨皮,cedict
to mumble to oneself,喃喃自语,cedict
to extradite to mainland china,送中,cedict
to liken oneself to,自比,cedict
to liken to,比作,cedict
to divulge to an outsider,外传,cedict
to pander to,献媚,cedict
to pander to men,媚男,cedict
to pander to sb's whims,阿其所好,cedict
to entrust to,付托,cedict
to terminate a telephone service,拆机,cedict
to write a letter,上书,cedict
to dial a wrong number,打错,cedict
to establish a political party,建党,cedict
to interrupt a stage run,辍演,cedict
to suffer under a yoke,受制,cedict
to play a fish,放线,cedict
to follow a narrow path,由径,cedict
to hold a clearance sale,出清,cedict
to hold a concurrent post,兼任,cedict
a person cut to pieces,肉酱,cedict
to investigate a case,探案,cedict
to choose a home,卜宅,cedict
to turn a page,翻篇儿,cedict
to become a mere formality,流于形式,cedict
unable to conceive a child,不孕,cedict
to cut a sorry figure,狼狈,cedict
to rule a country,治国,cedict
to play a practical joke,恶作剧,cedict
to score a point,得分,cedict
a clear and boundless sky,晴空万里,cedict
to attend a religious service,礼拜,cedict
to lose a family fortune,倾家荡产,cedict
a deaf and mute person,聋哑人,cedict
to enter a big city,进城,cedict
to save a life,救生,cedict
to gain a small advantage,沾染,cedict
to obtain a heavenly hand,天和,cedict
to resolve a difficult issue,解疑释惑,cedict
to solve a criminal case,破案,cedict
according to a report,据报道,cedict
to pay a bill,批价,cedict
to feel a chill,发冷,cedict
to conduct a dry run,沙盘推演,cedict
to enter a meditative state,入定,cedict
to file a case,立案,cedict
to place a ward,插眼,cedict
a patient and his family,病家,cedict
to become a recognized expert,成家,cedict
to put aside a portion,留底,cedict
to put a roof,封顶,cedict
to handle a  case,办案,cedict
to place a bet,对赌,cedict
to withdraw a move,悔棋,cedict
to loot a burning house,趁火打劫,cedict
to follow a winding path,左弯右拐,cedict
to offer a return banquet,还席,cedict
to become a citizen,入籍,cedict
to join a political party,入党,cedict
to perform a self-test,自检,cedict
to learn without a teacher,无师自通,cedict
to start a prairie fire,燎原,cedict
entering and leaving a country,进出境,cedict
to establish a brand name,创牌子,cedict
to tackle a difficult job,勉为其难,cedict
to start a story,起讲,cedict
to start a fight,大打出手,cedict
to raise a tough question,出难题,cedict
to lead a chorus,领唱,cedict
to conclude a case,结案,cedict
to force a door,撬门,cedict
to follow a proven formula,率由旧章,cedict
to appoint a general,点将,cedict
to write a rough draft,打草,cedict
to support a student's education,助学,cedict
to write a score,记谱,cedict
to develop a photo,显像,cedict
to lead a government,主政,cedict
to become a ghost,做鬼,cedict
to start a match,开赛,cedict
to draw a line,划线,cedict
to write a blog article,博文,cedict
to force a draw,逼和,cedict
to answer a question,答问,cedict
to share a room,同屋,cedict
to end a lockdown,解封,cedict
to end a relationship,断交,cedict
to reach a specific standard,上线,cedict
to lend a hand,帮忙,cedict
to lend a helping hand,助一臂之力,cedict
to call a cab,叫车,cedict
to drive a car,开车,cedict
to open a river,开河,cedict
to meet a challenge,迎接挑战,cedict
to keep a seed stock,留种,cedict
to become a cadre,转干,cedict
to become a chrysalis,成蛹,cedict
to score a try,触地得分,cedict
to become a buddha,成佛,cedict
to become a daoist,入道,cedict
to become a daoist immortal,跨鹤扬州,cedict
to become a government employee,做官,cedict
to raise a question,发问,cedict
to win a match,赢球,cedict
to manage a household,管家,cedict
to play a tune,奏乐,cedict
to leave a position vacant,虚位以待,cedict
to close a road,封路,cedict
to create a big disturbance,闹翻天,cedict
to set a broken bone,接骨,cedict
to hold a conversation,通话,cedict
to play a drum,打鼓,cedict
to break a record,破纪录,cedict
to bring a stable income,旱涝保收,cedict
to surrender without a fight,束手就擒,cedict
to close a door,闭门,cedict
to protest against a verdict,抗诉,cedict
to raise a family,养家,cedict
to reexamine a case,甄别,cedict
to establish a base,植根,cedict
to leave a deep impression,刻印,cedict
to labor under a delusion,痴心妄想,cedict
to lose a war,战败,cedict
to set a trap,设圈套,cedict
to turn a corner,拐弯,cedict
to pay a fee,交费,cedict
to return a visit,答拜,cedict
to keep a promise,履约,cedict
to win a gold medal,摘金,cedict
to report a victory,告捷,cedict
to proposition a woman,求欢,cedict
to keep a copy,留底,cedict
to provide a safety net,兜底,cedict
to enter a country,入境,cedict
to provide a loan,贷款,cedict
to leave a lasting mark,烙印,cedict
to book a table,订位,cedict
to a small extent,轻微,cedict
to pull a face,做鬼脸,cedict
title granted to a person,封号,cedict
to pioneer a frontier area,开疆,cedict
to solve a problem,解疑释惑,cedict
to accept a delivery job,接单,cedict
to hold a knife,持刀,cedict
to close a position,平仓,cedict
to hold a funeral procession,出丧,cedict
to hold a surgery,应诊,cedict
to run a flight,执飞,cedict
to score a convincing win,完胜,cedict
to found a state,开国,cedict
to hold a funeral,发丧,cedict
to hold a lamp,掌灯,cedict
to kick a ball around,踢皮球,cedict
to start a trading session,开拍,cedict
to report a virus,报毒,cedict
to augment a purchase order,增订,cedict
to harbor a grudge against,怨恨,cedict
to hold a grudge,挟怨,cedict
to hold a banquet,办桌,cedict
to ask a favor,求人,cedict
to report a heroic deed,报功,cedict
to reach a deal,成交,cedict
to hold a sinecure,尸位素餐,cedict
to hold a  meeting,开议,cedict
to hold a conference,会商,cedict
to hold a meeting,碰头,cedict
to retake a failed course,重修,cedict
to visit a doctor,看病,cedict
to second a motion,附议,cedict
to break a rule,违纪,cedict
to build a framework,搭架子,cedict
to a certain extent,相当,cedict
to read a score,读谱,cedict
to open a monastery,开山,cedict
to open a seam,开矿,cedict
to deal a heavy blow,痛击,cedict
to carry a heavy load,负重,cedict
to begin a lecture,开讲,cedict
to disappear without a trace,杳如黄鹤,cedict
to force a smile,干笑,cedict
to open a tab,开单,cedict
to open a furnace,开炉,cedict
to win a bid,得标,cedict
to complete a construction project,落成,cedict
to complete a project,完工,cedict
to start showing a movie,开映,cedict
to open a practice,开业,cedict
to meet a contingency,应急,cedict
to found a school,开学,cedict
to turn a somersault,打跟头,cedict
to turn a millstone,拉磨,cedict
to complete a prison sentence,刑满,cedict
to run a protection racket,开黑店,cedict
to run a blockade,偷渡,cedict
to win a prize,中奖,cedict
to insert a page break,分页,cedict
to order a meal,点餐,cedict
to deny without a hearing,一笔抹杀,cedict
to live a solitary existence,独居,cedict
to secure a position,居官,cedict
to send a private message,私讯,cedict
to keep a vigil,守夜,cedict
to start a feud,结仇,cedict
to grant a special pardon,特赦,cedict
to build a personal fiefdom,称霸,cedict
to start a clique,拉山头,cedict
to light a fire,引火,cedict
to start a rumor,造谣,cedict
a scholarly and inquisitive individual,载酒问字,cedict
to keep a lookout,检点,cedict
to cleanse away a stain,涤瑕,cedict
to apply a cold compress,冷敷,cedict
to complete a contract,成交,cedict
to watch a football game,看球,cedict
to pass a test,中试,cedict
to carry a story,刊登,cedict
to carry a heavy burden,负重,cedict
to wipe away a humiliation,一雪前耻,cedict
to sever a head,馘首,cedict
to devise a plan,起意,cedict
to carve a face,开脸,cedict
to lay a road,铺路,cedict
to answer a voice,应声,cedict
to miss a line,串行,cedict
to arrange a deal,说合,cedict
to assault a police officer,袭警,cedict
to withdraw a product,退货,cedict
to win a championship,折桂,cedict
to accept a contract,承办,cedict
to spend a summer holiday,消暑,cedict
to cause a serious setback,重挫,cedict
to require a solution,求解,cedict
to apply a hot compress,热敷,cedict
to found a country,建国,cedict
to travel along a route,行驶,cedict
to cover a fire,封火,cedict
to drive a horse-drawn cart,赶车,cedict
to issue a document,发文,cedict
to utter a word,吭声,cedict
to enter a body,附身,cedict
to construct a road,开路,cedict
to wait a moment,且慢,cedict
to lose a match,输球,cedict
to send a letter,致函,cedict
to send us a letter,来信,cedict
to serve a prison sentence,服刑,cedict
to settle a matter,了了,cedict
to fill a job vacancy,填空,cedict
to settle a claim,理赔,cedict
to commit a foot fault,踩线,cedict
to squander a family fortune,败家,cedict
to reserve a room,订房,cedict
to enter a door,入门,cedict
to force a lock,撬锁,cedict
a magnificent and unprecedented event,盛况空前,cedict
to inspect a room,查房,cedict
to employ a stratagem,用计,cedict
to ruin a family,倾家,cedict
to issue a card,发卡,cedict
to leave a message,留白,cedict
to attain a higher level,升堂入室,cedict
to lose a relative,丧亲,cedict
to send a text message,发短信,cedict
to steal a base,盗垒,cedict
to claim a title,自称,cedict
to express a wish,许下愿心,cedict
to effect a radical cure,根治,cedict
to construct a rammed-earth wall,版筑,cedict
to walk a dog,遛狗,cedict
to monopolize a market,独揽市场,cedict
to fail a test,考砸,cedict
to suspend a phone line,停机,cedict
to offer a reward,悬赏,cedict
to bring a lawsuit,告状,cedict
to close a facility,关厂,cedict
to attend a class,听课,cedict
to paper a wall,糊墙,cedict
to receive a cold reception,坐冷板凳,cedict
to conduct a bed check,查铺,cedict
to offer a cigarette,敬烟,cedict
to negotiate a price,议价,cedict
to produce a draft manuscript,打稿子,cedict
to choose a project,选项,cedict
to post a letter,发信,cedict
to fix a price,定价,cedict
supporting a wife and children,拖儿带女,cedict
to receive a radio signal,收音,cedict
to rent a car,租车,cedict
to amend a law,修法,cedict
to deal a shock,撼动,cedict
to lock a computer file,锁定,cedict
to grow a beard,蓄须,cedict
to undergo a rough experience,颠簸,cedict
to break a fast,开斋,cedict
to enforce a law,执法,cedict
close to a mountain,靠山,cedict
to make one's home in,寓居,cedict
to break a promise,失信,cedict
to carry a gun,持枪,cedict
to establish a capital,建都,cedict
to enter a pass,入关,cedict
to propose a bill,提案,cedict
to assume a position,当上,cedict
to effect a miracle cure,妙手回春,cedict
to drive a vehicle,行车,cedict
to perform a drop shot,吊球,cedict
to draw a mental sketch,构思,cedict
to lock a door,上门,cedict
to pass a review,过审,cedict
to wear a watch,戴表,cedict
to offer a bribe,行贿,cedict
to stand a siege,困守,cedict
will be very grateful,必有重谢,cedict
to borrow a light,借火,cedict
to occupy a dominant position,占优势,cedict
to quote a price,报价,cedict
to return a ticket,退票,cedict
to receive a task,受事,cedict
to copy a voice,应声,cedict
to offer a libation,祭酒,cedict
to conduct a missile test,试射,cedict
to carry a passenger,载人,cedict
to effect a junction,会师,cedict
to draw a circle,圈圈,cedict
to perform a lion dance,耍狮子,cedict
staking a claim to territory,圈地,cedict
to apply a chokehold,锁喉,cedict
to repair a road,修路,cedict
to perform a drainage procedure,引流,cedict
to convey a strong message,喊话,cedict
to perform a sword-dance,舞剑,cedict
to leave a banquet,逃席,cedict
to light a cigarette,点烟,cedict
to issue a visa,签证,cedict
to enter a profession,入行,cedict
to issue a directive,谕示,cedict
to light a lamp,挑灯,cedict
to stage a denunciation campaign,点名羞辱,cedict
to send a reply,回耗,cedict
to court a rebuff,自讨没趣,cedict
to construct a model,建模,cedict
a hard nut to crack,硬骨头,cedict
to return a compliment,回奉,cedict
to stake a claim,要求,cedict
to return a courtesy,答礼,cedict
to receive a served ball,接球,cedict
to break a ban,犯戒,cedict
to draw a winning ticket,得中,cedict
to accept a gift,受礼,cedict
to pass a message,递条子,cedict
to draw a prize,抽奖,cedict
to resign a position,逊位,cedict
to create a sensation,声名大震,cedict
to draw a lesson,吸取教训,cedict
to select a suitable site,选址,cedict
to draw a parallel,比拟,cedict
to send a message,发报,cedict
according to a pattern,规整,cedict
to return a favor,反哺,cedict
to return a greeting,回礼,cedict
to return a politeness,还礼,cedict
to suffer a serious setback,中箭落马,cedict
to lose a fortune,倾家,cedict
to fix a date,择日,cedict
to cause a sensation,轰动,cedict
to create a fuss,造舆论,cedict
to throw a game,做球,cedict
to launch a project,立项,cedict
to visit a grave,上坟,cedict
to mount a joint attack,合击,cedict
to confer a benefit,施恩,cedict
to deliver a letter,送信,cedict
to create a diversion,声东击西,cedict
to miss a step,打趔趄,cedict
to perform a song,献唱,cedict
to accept a compromise,委曲求全,cedict
to lose a packet,丢包,cedict
to accept a booking,接单,cedict
to present a treasure,献宝,cedict
to reverse a desperate situation,回天,cedict
to remain a layman,在家,cedict
to establish a factory,设厂,cedict
to assault a fortified position,攻坚,cedict
to create a disturbance,放火,cedict
to create a precedent,开例,cedict
to draw a tile,摸牌,cedict
to fill a blank space,垫档,cedict
to strike a severe blow,严厉打击,cedict
barbican entrance to a city,瓮城,cedict
to contract a disease,得病,cedict
to stop screening a movie,下片,cedict
to guard a pass,把关,cedict
to confer a beneficial influence,贯气,cedict
to hit a wall,碰壁,cedict
to visit a prostitute,叫鸡,cedict
to cause a commotion,骚扰,cedict
to suffer a financial loss,见红,cedict
to assume a post,就任,cedict
to destroy a computer virus,杀毒,cedict
to seek a marriage partner,找对象,cedict
to draw a rectangular grid,打格子,cedict
to finish shooting a film,关机,cedict
to draw a forced analogy,生拉硬拽,cedict
to charge a fee,收费,cedict
to lose a lawsuit,败诉,cedict
to walk a tightrope,走钢丝,cedict
to throw a fit,使性,cedict
to reschedule a class,补课,cedict
to serve a meal,开饭,cedict
to shoot a film,拍片,cedict
to raise a cry,高喊,cedict
to visit a brothel,冶游,cedict
to conduct a background check,背调,cedict
to receive a prize,受赏,cedict
to accept a bribe,受贿,cedict
to pass a resolution,决议,cedict
to visit a prisoner,探监,cedict
to visit a website,进站,cedict
to strike a balance,冲账,cedict
to break a siege,突围,cedict
to board a ship,登轮,cedict
to cross a river,渡河,cedict
to draw a distinction,区分,cedict
to storm a strategic pass,攻关,cedict
to bear a heavy responsibility,挑大梁,cedict
to accept a marriage proposal,许亲,cedict
to gain a firm foothold,站稳脚步,cedict
to enter a station,进站,cedict
to preserve a correct attitude,目不斜视,cedict
to present a petition,上书,cedict
to deliver a punishing attack,痛击,cedict
to prepare a crib sheet,做小抄,cedict
to raise a loan,举债,cedict
to sound a bell,敲钟,cedict
to cut a woodblock,钻版,cedict
to await a decision,待定,cedict
to prepare a meal,做饭,cedict
to fight a decisive battle,决战,cedict
to die a hero,结缨,cedict
to reduce a fever,退热,cedict
to select a scene,取景,cedict
to occupy a post currently,现任,cedict
to emit a sound,鸣叫,cedict
to present a memorial,陈奏,cedict
to climb a wall,爬墙,cedict
to receive a telegraph,收报,cedict
to utter a sound,吭气,cedict
to reach a consensus,取得一致,cedict
to levy a tax,抽税,cedict
to fight a battle,打仗,cedict
to reach a verdict,定案,cedict
to explain a sutra,谈经,cedict
to watch a movie,看片,cedict
to prepare a lesson,预习,cedict
to shoot a bird,打鸟,cedict
to fire a gun,打枪,cedict
to establish a government,建政,cedict
to raise a storm,掀风鼓浪,cedict
to reach a climax,白热化,cedict
to resign a government post,辞官,cedict
to confer a posthumous title,追封,cedict
to evade a tax,逃税,cedict
to award a prize,授奖,cedict
to send a telegram,拍电,cedict
to receive a scolding,挨骂,cedict
to receive a visitor,会客,cedict
to confer a title,封爵,cedict
to inhabit a region,聚居,cedict
to send a dispatch,发稿,cedict
to send a greeting,问候,cedict
to rebut a charge,申辩,cedict
to resolve a doubt,析疑,cedict
to board a plane,登机,cedict
to raise a tremendous stink,甚嚣尘上,cedict
to promote a martial spirit,尚武,cedict
to betroth a girl,许配,cedict
to mount a sneak attack,偷袭,cedict
to cross a border,出界,cedict
answer to a riddle,谜底,cedict
to answer a riddle,猜谜,cedict
to conduct a tour,导游,cedict
to die a martyr,就义,cedict
to commit a crime,作案,cedict
to raise a flag,升旗,cedict
to settle a debt,还债,cedict
to ride a horse,骑马,cedict
to pick a lock,撬锁,cedict
to raise a whip,扬鞭,cedict
to mount a psychological attack,攻心,cedict
to mount a secondary attack,助攻,cedict
to die a pauper,死无葬身之地,cedict
to attack a camp,斫营,cedict
to remove a block,打通,cedict
to park a vehicle,泊车,cedict
to cancel a contract,解约,cedict
to exert a gradual influence,熏染,cedict
to lay a foundation,奠基,cedict
to delete a forum post,删帖,cedict
to join a religion,入教,cedict
to prepare a soup,氽汤,cedict
to mount a picture,裱背,cedict
to pick a karaoke song,点歌,cedict
to eat a vegetarian diet,素食,cedict
to eat a meal,用餐,cedict
to eat a satisfying meal,美餐,cedict
to investigate a crime,侦察,cedict
a ruler and his ministers,君臣,cedict
to prepare a feast,办酒席,cedict
to launch a punitive campaign,大兴问罪之师,cedict
to attempt a comeback,重整旗鼓,cedict
to assume a haughty attitude,居高临下,cedict
to score a goal,入球,cedict
reluctant to admit a mistake,嘴硬,cedict
to bear a load,承重,cedict
to award a bonus,分红,cedict
to hit a ball,击球,cedict
to catch a criminal,捉拿,cedict
to communicate a message,传话,cedict
to supply a deficiency,补缺,cedict
to raise a lantern,挑灯,cedict
to fix a photographic image,定影,cedict
respectful closing to a letter,敬启,cedict
to resume a post,复职,cedict
to edit a text,点窜,cedict
to adopt a false attitude,假招子,cedict
to shoot a gun,放枪,cedict
to generate a profit,殖利,cedict
to press a button,按下,cedict
to suffer a crushing defeat,人仰马翻,cedict
to suffer a defeat,落败,cedict
to lay a bet,下注,cedict
to fight a flood,抗洪,cedict
to reserve a seat,虚位以待,cedict
to seek a marriage alliance,求亲,cedict
to park a plane,停机,cedict
to kick a drug habit,戒毒,cedict
to communicate a moral,载道,cedict
to reverse a loss,扭亏,cedict
to cross a barrier,过关,cedict
to interpret a dream,解梦,cedict
to settle a dispute,息争,cedict
unable to restrain a smile,忍俊不禁,cedict
to request a transfer,请调,cedict
to conceive a scheme,起意,cedict
to undertake a task,出手,cedict
to kill a hostage,撕票,cedict
to wear a hat,戴帽子,cedict
parties to a contract,合同各方,cedict
to renew a contract,续签,cedict
to enjoy a reputation,享名,cedict
to obtain a license plate,上牌,cedict
to reveal a secret,揭秘,cedict
to protect a croney,偏护,cedict
to post a sentry,设岗,cedict
to suffer a disaster,罹祸,cedict
to strike a coquettish pose,搔首弄姿,cedict
to strike a pose,亮相,cedict
to match a bet,跟注,cedict
to deliver a speech,演说,cedict
to broadcast a film,播映,cedict
to extinguish a fire,灭火,cedict
to drink a toast,干杯,cedict
to submit a written piece,投书,cedict
to fire a salvo,排炮,cedict
to lower a flag,降旗,cedict
to conduct a witch hunt,猎巫,cedict
to choose a spouse,择偶,cedict
to miss a meal,吃不上,cedict
troops attached to a unit,配属,cedict
to throw a net,撒网,cedict
to whitewash a wall,粉墙,cedict
to suffer a paralyzing stroke,中风,cedict
to obtain a residence permit,入户,cedict
to climb a hill,上山,cedict
to determine a location,定点,cedict
to conduct a media blitz,爆炒,cedict
to repeat a disastrous mistake,重蹈覆辙,cedict
to fight a duel,单挑,cedict
to request a ride,叫车,cedict
to examine a ballot,检票,cedict
to breach a principle,违纪,cedict
to shoot a movie,拍戏,cedict
to choose a location,采景,cedict
to ring a bell,打铃,cedict
to dismantle a machine,拆机,cedict
to score a victory,取胜,cedict
to attend a lecture,听讲,cedict
to fill a gap,填补,cedict
to catch a thief,抓贼,cedict
to withdraw a remark,翻嘴,cedict
to connect a wire,接线,cedict
to enter a contest,打擂台,cedict
to miss a plane,误机,cedict
to alter a text indiscriminately,妄下雌黄,cedict
to strike a reef,触礁,cedict
to strike a posture,作势,cedict
to pick a quarrel,寻衅,cedict
to maintain a youthful appearance,冻龄,cedict
to register a birth,报户口,cedict
to sing a song,唱曲,cedict
to pull a carriage,驾辕,cedict
in addition to this,除此之外,cedict
to wear a condom,戴套,cedict
to afford a magnificent sight,蔚为大观,cedict
to scale a peak,登峰,cedict
to blow a brass instrument,吹号,cedict
to suffer a fracture,骨折,cedict
to entertain a customer,迎宾,cedict
to enjoy a comfortable retirement,纳福,cedict
to promise a reward,许愿,cedict
to wear a mournful expression,哭丧着脸,cedict
to flaunt a skill,卖本事,cedict
to touch a nerve,戳痛点,cedict
to lift a ban,解封,cedict
to welcome a guest,迎宾,cedict
a sudden rags-to-riches celebrity,灰姑娘,cedict
to practice a skill,练手,cedict
to bestow a noble title,赐爵,cedict
to transmit a document,承转,cedict
heir apparent to a throne,储君,cedict
to taste a patient's excrement,尝粪,cedict
to bear a litter,产仔,cedict
to suffer a relapse,再发,cedict
to repeat a recorded phrase,复读,cedict
to suffer a rebuke,挨呲儿,cedict
to suffer a snub,抹一鼻子灰,cedict
to climb a mountain,登山,cedict
to respect a deity,敬神,cedict
to pull a lever,扳动,cedict
to file a complaint,申诉,cedict
to suffer a calamity,受难,cedict
rights to a trademark,名称权,cedict
to inspect a vehicle,车检,cedict
to suffer a humiliation,吃瘪,cedict
to suffer a setback,落马,cedict
to burn a disc,刻录,cedict
to row a boat,划船,cedict
to pilot a ship,引水,cedict
to appreciate a subtle taste,体味,cedict
to commit a gaffe,口无遮拦,cedict
to commit a robbery,行窃,cedict
to pocket a lost article,拾遗,cedict
to construct a building,盖楼,cedict
to settle a marriage,定亲,cedict
to exceed a production goal,超产,cedict
to attend a funeral,执绋,cedict
to affect a youthful appearance,装嫩,cedict
to adopt a lighthearted perspective,想得开,cedict
to fill a slot,垫档,cedict
to attend a ritual,观礼,cedict
to pull a tendon,抽筋,cedict
to remove a mole,点痣,cedict
to polish a text,文饰,cedict
to editorially revise a text,参校,cedict
to throw a punch,出拳,cedict
to load a gun,上膛,cedict
to found a capital,奠都,cedict
to push a button,按钮,cedict
to drop a lawsuit,撤诉,cedict
to score a bargain,捡漏,cedict
to push a cart,推车,cedict
to acknowledge a debt,认账,cedict
to harness a horse,套马,cedict
to fill a prescription,调剂,cedict
to deliver a frontal assault,迎头痛击,cedict
to charter a ship,包船,cedict
to beat a drum,打鼓,cedict
to sail a boat,行船,cedict
to fill a vacancy,补缺,cedict
to gather a crowd,纠众,cedict
to season a wok,开锅,cedict
to dress a corpse,装裹,cedict
to bury a crime,吃案,cedict
to avoid a taboo,避讳,cedict
to blow a kiss,飞吻,cedict
to release a statement,放告,cedict
to owe a debt,欠债,cedict
to assume a fighting stance,拉开架势,cedict
to lasso a horse,套马,cedict
to miss a deadline,愆期,cedict
to hit a snag,触礁,cedict
to drown a newborn baby,溺婴,cedict
to duplicate a document,复印,cedict
to ride a bike,骑车,cedict
to push  onto a stack,进栈,cedict
to attend a banquet,吃席,cedict
to inspect a ticket,检票,cedict
to cast a fishing net,下网,cedict
to acknowledge a mistake,服软,cedict
to survive a calamity,逃过一劫,cedict
to transfer a dossier,调档,cedict
to earn a fortune,赚大钱,cedict
to splash onto a surface,溅落,cedict
to pilot a boat,驾艇,cedict
to reverse a vehicle,倒开,cedict
to gain a foothold,站稳脚跟,cedict
to attend a burial,送葬,cedict
to attend a meeting,听会,cedict
to shoulder a burden,担荷,cedict
to throw a tantrum,撒娇,cedict
to reveal a spoiler,破梗,cedict
to correct  a translation,改译,cedict
to steal a glance,偷看,cedict
to thumb a lift,拦车,cedict
to dig a hole,打洞,cedict
to explore a mystery,探秘,cedict
to smash a ball,扣击,cedict
to beat a gong,敲锣,cedict
to conclude a treaty,定约,cedict
to utter a mournful cry,悲鸣,cedict
to beat a prisoner,拷打,cedict
to extract a cube root,开三次方,cedict
to grout a tiled surface,勾缝,cedict
to outfit a ship,舾装,cedict
to consult a dossier,调档,cedict
to ride a crane,骑鹤,cedict
to earn a packet,赚取,cedict
to launch a satellite,放卫星,cedict
to fulfill a promise,还愿,cedict
stigma attached to a disease,病耻感,cedict
to juggle a soccer ball,颠球,cedict
to guarantee a minimum,保底,cedict
to consult a reference,参照,cedict
to climb a slope,上坡,cedict
to lift a siege,解围,cedict
to repay a debt,偿债,cedict
to score a touchdown,触地得分,cedict
to screen a movie,映演,cedict
to hitch a ride,搭便车,cedict
to compose a poem,填词,cedict
to hitch a lift,打车,cedict
to file a lawsuit,打官司,cedict
to shed a tear,淌泪,cedict
to punch a hole,打孔,cedict
to drill a hole,打洞,cedict
to pole a boat,撑船,cedict
to lift a curfew,开禁,cedict
to chant a magic spell,念咒,cedict
to entertain a guest,飨客,cedict
to detect a scent,闻出,cedict
path leading to a grave,墓道,cedict
to lift a prohibition,解禁,cedict
to solve a dispute,解扣,cedict
to extract a root,求根,cedict
to recharge a card,充值卡,cedict
to execute a criminal,刑人,cedict
to a limited extent,小范围,cedict
to repair a leaky roof,捡漏,cedict
to celebrate a festival,过节,cedict
to leak a secret,宣泄,cedict
to steer a boat,操舟,cedict
to tie a knot,打结,cedict
to sing a cappella,清唱,cedict
to nurse a grievance,饮恨,cedict
to extract a tooth,拔牙,cedict
to weave a net,结网,cedict
to repair a tire,补胎,cedict
accessory to a crime,从犯,cedict
to blow a whistle,吹哨,cedict
to earn a living,营生,cedict
to redeem a debt,还清,cedict
to block a shot,盖帽儿,cedict
to invite a snub,自讨没趣,cedict
message dedicated to a deity,赞飨,cedict
to repay a loan,还贷,cedict
to charter a plane,包机,cedict
to jump a queue,插队,cedict
to inherit a rank,承籍,cedict
to emulate a classic,拟古,cedict
to conclude a bargain,约定,cedict
to provoke a dispute,滋事,cedict
to tow a boat,拖船,cedict
to crack a joke,逗哈哈,cedict
to violate a religious precept,破戒,cedict
to retain a portion,留成,cedict
to polish a phrase,炼句,cedict
to spread a smokescreen,放烟幕弹,cedict
to lodge a complaint,投诉,cedict
to climb a rockface,攀岩,cedict
to bore a hole,穿凿,cedict
to divulge a secret,露风,cedict
to install a  suspended ceiling,吊顶,cedict
to seize a camp,劫营,cedict
to execute a lightning raid,杀进杀出,cedict
to induce a draft,抽风,cedict
to celebrate a heroic deed,庆功,cedict
to pet a cat,撸猫,cedict
to compose a preface,题序,cedict
to mediate a dispute,解纷,cedict
to weather a drought,抗旱,cedict
to sweep a grave,扫墓,cedict
to violate a ban,犯禁,cedict
to heal a wound,养伤,cedict
to dispatch a vehicle,出车,cedict
to harbor a complaint,抱怨,cedict
to jump a turnstile,跳闸,cedict
to repair a bike,修车,cedict
to hazard a guess,盲猜,cedict
to practice a faith,信教,cedict
to preach a religion,宣教,cedict
to satisfy a craving,过瘾,cedict
to detain a guest,留客,cedict
to reverse a verdict,翻案,cedict
to split a bonus,分成,cedict
to mooch a meal,蹭饭,cedict
cloth to wrap a corpse,裹尸布,cedict
to cadge a meal,蹭吃蹭喝,cedict
to expose a malefactor,引蛇出洞,cedict
to factory-reset a phone,格机,cedict
to dig a grave,挖坟,cedict
to celebrate a birthday,做寿,cedict
to celebrate a wedding,男婚女嫁,cedict
to defend a championship,蝉联,cedict
to carve a seal,篆刻,cedict
to dig a canal,开河,cedict
to accompany a singer,伴唱,cedict
to frame a shot,采景,cedict
to insert a coin,投硬币,cedict
to conclude a judgment,定案,cedict
to conclude a marriage,下聘,cedict
to bury a corpse,葬身,cedict
to toll a bell,鸣钟,cedict
affiliated to a ministry,部属,cedict
to host a banquet,宴客,cedict
to skip a grade,越级,cedict
to bestow a reward,赏赐,cedict
reduced to a shadow,不成样子,cedict
adherent to a religion,教民,cedict
to revise a manuscript,改稿,cedict
to overcome a deficiency,填补,cedict
to hire a prostitute,召妓,cedict
to demarcate a boundary,标界,cedict
to suppress a riot,防暴,cedict
to rob a tomb,盗墓,cedict
to broker a compromise,圆场,cedict
to wield a writing brush,挥毫洒墨,cedict
to swear a sacred oath,歃血为盟,cedict
to engrave a seal,刻印,cedict
to devaluate a currency,货币贬值,cedict
memorandum to a superior,条陈,cedict
to renew a certificate,换证,cedict
to thread a needle,引线穿针,cedict
to heave a sigh,叹气,cedict
to spin a web,结网,cedict
to render a verdict,定谳,cedict
to affix a seal,打印,cedict
polished to a shine,亮锃锃,cedict
to plot a rebellion,谋反,cedict
to hire a hitman,雇凶,cedict
to snap a twig,折枝,cedict
to favor a junior,偏疼,cedict
to sharpen a knife,杠刀,cedict
to renew a lease,续租,cedict
to relieve a garrison,换防,cedict
to widen a tube,扩孔,cedict
to harbor a grudge,怀恨,cedict
to contest a lawsuit,诤讼,cedict
to provoke a disturbance,肇事,cedict
to induce a confession,骗供,cedict
to relieve a sentry,换岗,cedict
to seize a stronghold,劫寨,cedict
to insert a urinary catheter,导尿,cedict
to stitch a hem,缭边儿,cedict
donations to a temple,香火钱,cedict
to seize a beachhead,抢滩,cedict
to hoist a flag,升旗,cedict
to boycott a levy,抗捐,cedict
to undergo a transformation,改头换面,cedict
to perpetrate a fraud,偷梁换柱,cedict
to untie a mooring rope,解缆,cedict
to repay a favor,回馈,cedict
to repay a kindness,报恩,cedict
to reap a bumper harvest,丰收,cedict
to endure a misfortune,遭瘟,cedict
to deflower a virgin,破瓜,cedict
to resume a meeting,复会,cedict
to violate a taboo,犯忌,cedict
to subdue a tiger,伏虎,cedict
postscript to a biography,传赞,cedict
to redeem a vow,还愿,cedict
to sharpen a pencil,削铅笔,cedict
to disperse a meeting,散会,cedict
to handmake a wooden barrel,箍桶,cedict
to postpone a meeting,延会,cedict
shrine to a sage,圣庙,cedict
to exert a magnetic attraction,磁吸,cedict
to flog a corpse,鞭尸,cedict
payment to a porter,力钱,cedict
to dismember a corpse,分尸,cedict
to solicit a bribe,卖关节,cedict
to tame a camel,驯驼,cedict
to strum a chord,刷扣,cedict
to verify a calculation,验算,cedict
to scrape a living,活命,cedict
to scrape a meager living,糊口,cedict
to deflorate a prostitute,梳弄,cedict
thickened to a glutinous consistency,烂糊,cedict
to redouble a siege,重围,cedict
to brandish a spear,挥戈,cedict
to bestow a surname,赐姓,cedict
to stifle a guffaw,憋笑,cedict
to found a dynasty,定鼎,cedict
to dodge a creditor,躲债,cedict
to dissect a sparrow,解剖麻雀,cedict
to idolize a celebrity,追星,cedict
to refute a rumor,辟谣,cedict
to extort a confession,迫供,cedict
to reassign a cadre,调干,cedict
to loosen a yoke,卸套,cedict
to pacify a rebellion,平叛,cedict
to overstep a bound,越界,cedict
to honor a commitment,兑现,cedict
to renew a subscription,续费,cedict
to have no regard for,置之度外,cedict
to stand by in attendance,侍立,cedict
it goes to show that,足见,cedict
will never be forgotten,永垂不朽,cedict
to take no part in,撒手不管,cedict
a grade a war criminal,甲级战犯,cedict
a dam across a river,拦河坝,cedict
in place of sb's parents,代替父母,cedict
be no good,不行,cedict
to lose no time in,抓紧,cedict
name of disease in tcm,少阳病,cedict
unit in charge of construction,施工单位,cedict
in front of everybody,当众,cedict
in imitation of ancient style,师古,cedict
in danger of collapse,倾危,cedict
drop of height in waterway,跌水,cedict
vigor of style in writing,笔锋,cedict
on top of that,加上,cedict
layer of tissue in embryology,胚层,cedict
cycle of reincarnation in buddhism,转轮,cedict
in spite of everything,竟然,cedict
in floods of tears,泪水涟涟,cedict
to have one's eyes on,着眼,cedict
would be better,不香吗,cedict
to hold in one's hand,手拿,cedict
to get caught up in,陷入,cedict
things can be double-edged,水能载舟，亦能覆舟,cedict
to keep  in one's pay,豢养,cedict
to take it out on,煞气,cedict
can be compared,有得一比,cedict
can be divided,可分,cedict
can be expected,可望,cedict
can be found everywhere,比比皆是,cedict
can be seen everywhere,随处可见,cedict
can be trusted,算话,cedict
can't be avoided,免不了,cedict
nothing can be done,无法可施,cedict
to look in all directions,东张西望,cedict
to put one's trust in,亲信,cedict
to gather in one place,齐聚,cedict
to crush  in one's hand,捏碎,cedict
to hold in one's arms,搂住,cedict
to hold in one's hands,在握,cedict
to calculate in one's head,心算,cedict
to go down in price,落价,cedict
to talk in one's sleep,呓语,cedict
to go hand in hand,相随,cedict
cannot be more,不过,cedict
couldn't be more,满点,cedict
in hundred and one ways,百般,cedict
to draw in one's claws,收敛锋芒,cedict
to search in one's heart,扪心自问,cedict
to not have had time,未及,cedict
to excel in one's field,当行出色,cedict
to engrave in one's memory,铭记,cedict
to melt in one's mouth,入口就化,cedict
to hang in there,强撑,cedict
not to have any meaning,没有意义,cedict
to have no contact with,绝缘,cedict
to meet up in person,面基,cedict
to persist in one's views,固执己见,cedict
to swallow in one gulp,囫囵吞枣,cedict
to excel in some field,擅场,cedict
to go in person,临幸,cedict
a built-in wardrobe or cupboard,壁橱,cedict
to spread in all directions,奔窜,cedict
to mix in some sand,掺沙子,cedict
to go around in circles,绕圈子,cedict
innocent acts may be misconstrued,瓜田不纳履，李下不整冠,cedict
to get it over with,了了,cedict
to scatter in all directions,四散,cedict
to flee in all directions,如鸟兽散,cedict
to spray in all directions,飞沫四溅,cedict
a thorn in one's side,眼中钉,cedict
a thorn in one's eye,眼中刺,cedict
to get in hand,弄到手,cedict
to have importance for,事关,cedict
to have tender affection for,怜爱,cedict
to have tender feelings for,恋慕,cedict
to have contempt for,小觑,cedict
to have consideration for,设想,cedict
one in a hundred,百里挑一,cedict
to cry out in fear,惊叫,cedict
a senior in one's household,家老,cedict
to break up in discord,不欢而散,cedict
to go pale in panic,惊慌失色,cedict
to go in reverse,倒退,cedict
to put back in place,放还,cedict
to go in,进去,cedict
to confide in each other,互诉衷肠,cedict
a thorn in one's flesh,肉中刺,cedict
to get in condition,热身,cedict
to cry out in distress,呼嚎,cedict
to cry out in ecstasy,叫床,cedict
to use in cyclic order,循环使用,cedict
promises must be kept,说话要算数,cedict
to get payment in advance,预支,cedict
to exist in name only,形同虚设,cedict
to get involved in,插手,cedict
sorry to have bothered you,叨扰,cedict
to toss about in bed,辗转,cedict
to use in common,合用,cedict
to pay back in full,还清,cedict
easy to take in,平易,cedict
to know in advance,早知,cedict
to get away with it,得逞,cedict
let bygones be bygones,不咎既往,cedict
couldn't be better,再好不过,cedict
to use in medicine,入药,cedict
to govern in humanitarian way,仁术,cedict
to take medicine in solution,冲服,cedict
to experience it for oneself,身临其境,cedict
be sure,保险,cedict
to use in payment,抵充,cedict
to help people in distress,济危,cedict
to take root in,植根于,cedict
to take pleasure in,乐于,cedict
please don't be upset,请别见怪,cedict
to have not yet,未及,cedict
to take holidays in rotation,轮休,cedict
to take in,吸纳,cedict
to come in quick succession,联翩,cedict
to think in silence,默想,cedict
to fold in two,对折,cedict
to work in vain,枉劳,cedict
to work in turns,倒班,cedict
to put down in writing,笔录,cedict
in a few days time,不日,cedict
to give in return,报以,cedict
be plainly visible,一览无遗,cedict
be upset,不是味儿,cedict
don't be impatient,少安毋躁,cedict
not to have access,无从,cedict
be noncommittal,不置可否,cedict
be indisposed,不得劲,cedict
be ineffective,不灵,cedict
be unpopular,吃不开,cedict
be unspeakable,说不得,cedict
cannot be accomplished,下不来,cedict
cannot be avoided,少不得,cedict
cannot be deemed,不谓,cedict
cannot be doubted,无可置疑,cedict
cannot be justified,说不过去,cedict
cannot be seen,看不见,cedict
cannot be used,使不得,cedict
couldn't be,没法儿,cedict
to walk hand in hand,携手同行,cedict
to hold in high regard,抬爱,cedict
to come in handy,派上用场,cedict
to control in every detail,管手管脚,cedict
to come in,进来,cedict
to come in useful,用得上,cedict
to come pouring in,涌入,cedict
in a short time,一旦,cedict
ruined in a short time,毁于一旦,cedict
to show in full light,表露无遗,cedict
does not have to,不必,cedict
not to have,不带,cedict
to not have,没有,cedict
to keep in good repair,保全,cedict
alive and in good health,健在,cedict
to put in place,施行,cedict
to give in charity,施舍,cedict
to hold in high esteem,钦羡,cedict
to give in,低头,cedict
to maintain in good health,保健,cedict
to set rigidly in place,固定,cedict
to show an interest in,过问,cedict
to join in such fighting,混战,cedict
to have pity on,可怜,cedict
to grow in open ground,地栽,cedict
to put in order,打理,cedict
to write in simple language,简写,cedict
to study in great depth,钻营,cedict
to run aground in mid-course,中途搁浅,cedict
to stand in great numbers,林立,cedict
to find relief in,聊以自慰,cedict
to appear in sb's show,跨刀,cedict
to die off in winter,冻死,cedict
to meet in person,相见,cedict
separated in life and death,生离死别,cedict
in every nook and cranny,满坑满谷,cedict
to find oneself in,身处,cedict
to pour down in torrents,倾泻,cedict
to grow in number,增多,cedict
to pay in full,付清,cedict
to engage in small talk,扯家常,cedict
to tell in detail,细说,cedict
to run around in circles,转来转去,cedict
to speak in general terms,泛泛而谈,cedict
to put in extra effort,给力,cedict
to contain in great quantities,富含,cedict
to keep  in cold environment,冷藏,cedict
second-eldest child in a family,老二,cedict
to place in safe keeping,寄顿,cedict
best not to mention it,不提也罢,cedict
to pay taxes in kind,纳粮,cedict
to set foot in,涉足,cedict
to keep in mind,谨记,cedict
to keep in mind constantly,念念不忘,cedict
to state in detail,申论,cedict
to live together in harmony,相安无事,cedict
to increase in value,增值,cedict
to walk in small steps,蹀躞,cedict
to relate in detail,缕述,cedict
to discuss in general terms,泛论,cedict
to increase in price,涨价,cedict
to leave in sb's care,存放,cedict
in black and white,白纸黑字,cedict
to close in around,合围,cedict
to end in mutual destruction,同归于尽,cedict
person in a high-ranking position,上位,cedict
to state in advance,给定,cedict
to appear in court,出庭,cedict
to set in print,刊印,cedict
to act in collusion,串通一气,cedict
to continue in  office,连任,cedict
to hold in store,蕴藏,cedict
to pay in advance,预付,cedict
to place  in,寄托,cedict
to put in detention,关禁闭,cedict
to ask  in reply,反问,cedict
to put in,加上,cedict
to put in an appearance,赏光,cedict
to live in fear,一夕数惊,cedict
to fall in love,动情,cedict
to study in detail,推详,cedict
to cut in line,插队,cedict
to pay in cash,付现,cedict
in a big way,大事,cedict
to emerge in large numbers,涌现,cedict
to allow in fresh air,放风,cedict
to move in,迁入,cedict
to call in,惠临,cedict
to set in motion,启动,cedict
to arrange  in serial order,序次,cedict
to fall in price,跌价,cedict
to rise in value,升值,cedict
to keep in store,保藏,cedict
to arrange  in order,排班,cedict
to arrange in order,排列,cedict
to succeed in life,成龙,cedict
to follow in sb's steps,继承衣钵,cedict
to follow in someone's footsteps,步武,cedict
worker in science and technology,科技工作者,cedict
to hand in,递交,cedict
to explain in simple terms,要言不烦,cedict
to state explicitly in writing,载明,cedict
to state in writing,明文,cedict
to help those in distress,扶危,cedict
handed down in a family,家传,cedict
similar in shape and appearance,形似,cedict
in order to avoid,以免,cedict
to bring it on oneself,自找,cedict
to hold in custody,扣押,cedict
to hold in contempt,不齿,cedict
to talk in official jargon,打官腔,cedict
to do as you bid,遵命,cedict
to run in reverse,倒转,cedict
similar in expression and spirit,神似,cedict
to hold in esteem,崇尚,cedict
to unite in common effort,协力,cedict
to hold in storage,存有,cedict
to pay in installments,分期付款,cedict
in love and inseparable,缱绻,cedict
excellent in voice and expression,声情并茂,cedict
to try in vain,妄图,cedict
to attack in force,力攻,cedict
to live in abject poverty,饭糗茹草,cedict
to meet in passing,倾盖,cedict
to live in luxury,乘坚策肥,cedict
to turn oneself in,投案,cedict
to live in harmony,和睦相处,cedict
to live in exile,流居,cedict
to live in paradise,往生,cedict
you and i,你我,cedict
to have as its purpose,旨在,cedict
to result in failure,吹台,cedict
to keep listeners in suspense,卖关子,cedict
to live in,栖身,cedict
to live in banishment,谪居,cedict
to live in seclusion,蛰居,cedict
to live in widowhood,孀居,cedict
to keep in confinement,幽囹,cedict
first prize in a lottery,头彩,cedict
to read in silence,默读,cedict
to explain in detail,详解,cedict
to explain in detail personally,面罄,cedict
to sustain loss in trade,倒赔,cedict
to settle in court,公了,cedict
to have secret ties with,私通,cedict
to add in,加入,cedict
to bear in mind,服膺,cedict
to have an audience with,晋见,cedict
in order to,以便,cedict
to speculate in real estate,炒房,cedict
to arrive in an account,到账,cedict
thick and heavy in colors,浓墨重彩,cedict
to result in,致使,cedict
to lie in total disorder,枕藉,cedict
to bring in,调入,cedict
to bring in troops,搬兵,cedict
slovenly in dress and manner,不修边幅,cedict
conservative and dull in conversation,迂讷,cedict
to soak in water,泡水,cedict
to have dealings with,来往,cedict
to have friendly relations with,交接,cedict
to have relations with,过从,cedict
to talk in riddles,打哑谜,cedict
resolute and upright in character,刚烈,cedict
to engage in war,参战,cedict
coarse in speech and manner,野调无腔,cedict
to sell in advance,预售,cedict
to speak in unison,异口同声,cedict
to rake in money,搂钱,cedict
i beg to disturb you,讨扰,cedict
to investigate in detail,追问,cedict
to lie in wait,打埋伏,cedict
eldest child in a family,老大,cedict
to conduct oneself in society,处世,cedict
to stand in isolation,孑立,cedict
about this and that,天南地北,cedict
to respond in kind,来而不往非礼也,cedict
to drive in reverse,开倒车,cedict
to appear in,见诸,cedict
to appear in an excavation,出土,cedict
to apply in practice,实用,cedict
success in a single move,旗开得胜,cedict
to return in triumph,班师,cedict
to leave in stealth,开溜,cedict
vying in beauty and glamor,争妍斗艳,cedict
to believe in,信仰,cedict
to believe in buddhism,信佛,cedict
martyrdom in a good cause,结缨,cedict
to produce in abundance,盛产,cedict
to lie in bed,卧床,cedict
to stay in contact,联络,cedict
to buy in bulk,批量购买,cedict
talent in a particular area,偏才,cedict
in a roundabout way,曲线,cedict
to fire  in rapid succession,连发,cedict
to fall in,崩陷,cedict
to die in an accident,死难,cedict
to speculate in building land,炒地皮,cedict
to communicate in private,密语,cedict
to remain in existence,留有,cedict
to buy in,买进,cedict
to rise in revolt,发难,cedict
to die in battle,战死沙场,cedict
uninterested in wealth and glory,恬退,cedict
to engage in physical exercise,锻炼,cedict
to mix in fake material,掺假,cedict
to sit in contemplation,坐关,cedict
to sit in meditation,参禅,cedict
to invest in stock,股票投资,cedict
to lose oneself in,沉迷,cedict
to walk in someone's steps,步武,cedict
to rise in masses,蜂起,cedict
person in a vegetative state,植物人,cedict
to visit in passing,顺访,cedict
to sleep in separate rooms,分房,cedict
to draw in,吸附,cedict
to pass in an instant,转眼即逝,cedict
to land in,陷入,cedict
to major in,主攻,cedict
to break in,撬门,cedict
to die in violence,凶死,cedict
sweet and boyish in appearance,奶帅,cedict
to perform in opera,唱戏,cedict
to connect  in series,串联,cedict
to announce in advance,事先通知,cedict
interest in a third person,外心,cedict
to march straight in unchallenged,长驱直入,cedict
to narrate in detail,铺陈,cedict
to rest in peace,安息,cedict
to discuss in whispered tones,私语,cedict
to explain in layperson's terms,科普,cedict
to speculate in foreign currency,炒汇,cedict
to arrive in huge numbers,蜂拥而至,cedict
everything broken and in disorder,七零八落,cedict
to perform an in-depth investigation,深究,cedict
to die in combat,战死,cedict
ruthless and lacking in conscience,黑心,cedict
to enumerate in detail,悉数,cedict
to analyze in detail,厘析,cedict
to charge in,闯入,cedict
to obtain  in exchange,换取,cedict
to die in tragic circumstances,枉死,cedict
enveloped in clouds and mist,云山雾罩,cedict
to arrange in incorrect sequence,排错,cedict
to arrange things in sequence,编次,cedict
to drink in excess,贪杯,cedict
to watch in anticipation,眼成穿,cedict
exhausted and in disarray,横躺竖卧,cedict
noisy and in disarray,乱哄哄,cedict
malnourished and sickly in appearance,面黄肌瘦,cedict
perspicacious and impartial in judgment,明镜高悬,cedict
in twos and threes,三三两两,cedict
in-laws and friends,婚友,cedict
to proceed in advance,先行,cedict
to investigate in secret,暗访,cedict
to sign in,签到,cedict
to step in,出面,cedict
to kill in revenge,仇杀,cedict
to invest in,投入,cedict
to fire in bursts,点射,cedict
to join in charitable deeds,随喜,cedict
to fit in,合群,cedict
to press in,迫临,cedict
to dawdle in bed,赖床,cedict
once in a while,偶一,cedict
to schedule in advance,预定,cedict
to lay in supplies,囤积,cedict
to advance in rank,晋级,cedict
to expand in scale,扩容,cedict
to arrive in china,抵华,cedict
to tremble in fear,惊栗,cedict
to negotiate in secret,密商,cedict
to arrange in pairs,搭配,cedict
to outline in gold,描金,cedict
to lie in disarray,横陈,cedict
to lie fallow in rotation,轮休,cedict
to wear in,磨合,cedict
to quake in fear,惊颤,cedict
to eat in,内用,cedict
to key in,敲入,cedict
to engage in battle,接战,cedict
to drop in,上门,cedict
to proceed in parallel,并行,cedict
to celebrate in song,讴歌,cedict
to listen in,听事,cedict
to check in,值机,cedict
to check in items,寄物,cedict
to assist in managing,协理,cedict
to forget oneself in extravagance,烧包,cedict
to sleep in,睡回笼觉,cedict
unable to sing in tune,五音不全,cedict
to cast in metal,铸成,cedict
to hunt in autumn,秋狝,cedict
to throw in,投放,cedict
to incorporate in,并入,cedict
to reside in,寓居,cedict
to purchase in addition,追购,cedict
to stick in,插上,cedict
to edge in,插脚,cedict
to sing in unison,齐唱,cedict
to whisper in sb's ear,咬耳朵,cedict
to destroy in an explosion,炸碎,cedict
to feed in,加料,cedict
to participate in funeral procession,送葬,cedict
to engage in petty theft,小偷小摸,cedict
to sow in spring,春播,cedict
in a short while,一下子,cedict
to engage in corrupt practices,作弊,cedict
to stare in awe,看呆,cedict
to mix in,加进,cedict
to engage in combat,战斗,cedict
in a good mood,高高兴兴,cedict
to flow in torrents,倾泄,cedict
in contrast to,哪像,cedict
to engage in fraud,舞弊,cedict
to flee in defeat,落荒而逃,cedict
to retreat in defeat,败退,cedict
to stare in rapture,看呆,cedict
to rendezvous in secret,幽会,cedict
to weep in silence,饮泣,cedict
to engage in graft,营私,cedict
to engage in fraudulent activities,偷天换日,cedict
to gather in crops,收割,cedict
to engage in,从事,cedict
to engage in advanced studies,研修,cedict
to engage in archaeological studies,考古,cedict
to engage in prostitution,卖春,cedict
to engage in speculative trading,投机买卖,cedict
to engage in talks,商谈,cedict
to participate in,加入,cedict
to participate in an ipo,打新,cedict
to memorize in silence,默记,cedict
to glare in anger,睚眦,cedict
to sigh in despair,唉声叹气,cedict
to flee in disorder,溃逃,cedict
all of it,一股脑,cedict
to breathe in,吸入,cedict
to submit in writing,函送,cedict
to rear  in an enclosure,圈养,cedict
to persist in,坚持,cedict
to speculate in stocks,炒股,cedict
to dig in,开动,cedict
to drag in,拉扯,cedict
to curse in rage,嗔诟,cedict
to dip in sauce,蘸酱,cedict
to flood in,长驱直入,cedict
to blush in shame,愧赧,cedict
to burst in,闯进,cedict
to convey in words,言传,cedict
to bow in thanks,顶谢,cedict
to fence in,围起,cedict
to weave in,收编,cedict
to log in,登入,cedict
to log in remotely,远程登录,cedict
to prostrate oneself in worship,顶礼膜拜,cedict
to fade in,淡入,cedict
to flee in disarray,乱窜,cedict
situation in a state,国势,cedict
to rope in,拉拢,cedict
to weep in sorrow,哀哭,cedict
to squeeze in,插足,cedict
to cave in,塌陷,cedict
to weep in solitude,向隅而泣,cedict
to indulge in wishful thinking,白日做梦,cedict
to originate in,来源于,cedict
to plug in,外插,cedict
to congregate in masses,蜂聚,cedict
to indulge in,淫逸,cedict
to indulge in debauchery,纵欲,cedict
to indulge in histrionics,做张做势,cedict
to suck in,吸入,cedict
to tuck in,开动,cedict
to disperse in confusion,一哄而散,cedict
to gasp in admiration,咨嗟,cedict
to gasp in amazement,叹为观止,cedict
to shrink in,缩紧,cedict
to portray vividly in painting,传真,cedict
a turnout in full force,倾巢,cedict
to exclaim in admiration,赞叹,cedict
to exclaim in astonishment,惊叹不已,cedict
to kneel in prayer,跪祷,cedict
to shove in,插脚,cedict
caught in a dead end,无路可退,cedict
to reel in,收线,cedict
to clap in irons,械系,cedict
to rejoice in grandiose deeds,好大喜功,cedict
to butt in,打横炮,cedict
to confide in,推心,cedict
to sneak in,潜进,cedict
to kowtow in salute,叩见,cedict
to cram in,塞满,cedict
to mumble in whispers,嘟嘟哝哝,cedict
to usher in,迎来,cedict
to immerse oneself in,埋头,cedict
to hem in,围堵,cedict
to seep in,熏陶,cedict
to swarm in,一拥而入,cedict
to chime in,帮腔,cedict
to chime in easily,一拍即合,cedict
to chime in rapidly,急嘴急舌,cedict
in a bad state,糟透,cedict
to wallow in,耽溺,cedict
to drool in anticipation,齿颊生香,cedict
difficulty in adapting to changes,恋旧情结,cedict
to analyze in depth,透析,cedict
to package in smaller quantities,分装,cedict
to specialize in,主攻,cedict
person skilled in a trade,把式,cedict
to have no way out,万般无奈,cedict
expert in a certain field,大方之家,cedict
in a great rush,慌忙,cedict
room charge in a hotel,店钱,cedict
in a great hurry,着紧,cedict
in a great mess,乱成一团,cedict
skill in a specialized area,一技之长,cedict
proficiency in a particular field,一技之长,cedict
a book already in circulation,成书,cedict
number in a sequence,号数,cedict
in a single month,单月,cedict
in a difficult position,巴巴结结,cedict
stuck in a difficult position,进退不得,cedict
a rank in government service,荣禄大夫,cedict
large pool in a bathhouse,池汤,cedict
written in a forceful hand,入木三分,cedict
in a tragic state,涕泗横流,cedict
to have all one needs,应有尽有,cedict
to have all one's wishes,万事如意,cedict
in a parlous state,倾危,cedict
in a critical state,间不容发,cedict
in a dangerous state,危如累卵,cedict
in a panicked state,惊魂,cedict
in a pitiful state,人仰马翻,cedict
in a difficult situation,狼狈,cedict
in a split second,霎时,cedict
once in a blue moon,千载难逢,cedict
a person in distress,受难者,cedict
plot shift in a book,转折,cedict
in a low voice,低低切切,cedict
in a few days,日内,cedict
bend in a street,转角,cedict
in a word,总之,cedict
involved in a love affair,烟花债,cedict
heavyweight operator in a market,操盘手,cedict
annotations made in a book,圈圈点点,cedict
explanatory section in a document,条文,cedict
in a complete mess,人仰马翻,cedict
fork in a road,歧途,cedict
in a similar fashion,以此类推,cedict
in a close neighborhood,就近,cedict
step in a procedure,手脚,cedict
in a loud voice,大声,cedict
position in a hierarchy,交椅,cedict
position in a seating arrangement,座次,cedict
trapped in a besieged city,困守,cedict
speaking in a tearful voice,声泪俱下,cedict
in a critical condition,危殆,cedict
in a desperate situation,釜底游鱼,cedict
reflection in a deep pond,潭影,cedict
in a moment,一会,cedict
opportunity in a battle,战机,cedict
in a bad mood,不爽,cedict
in a happy mood,喜冲冲,cedict
infected computer in a botnet,肉鸡,cedict
a partner in crime,同谋,cedict
in a hopeless situation,进退失据,cedict
in a humiliating situation,夹起尾巴,cedict
a cicada in cold weather,寒蝉,cedict
a match made in heaven,天作之合,cedict
meal in a partitioned box,盒饭,cedict
drink in a carton,纸包饮品,cedict
error in a text,讹误,cedict
in a tight spot,走投无路,cedict
message in a bottle,漂流瓶,cedict
third in a race,季军,cedict
landscape in a pot,盆景,cedict
in a dream,梦中,cedict
stream in a valley,涧流,cedict
in a terrible mess,凌乱不堪,cedict
in a row,一连,cedict
sides in a dispute,阵营,cedict
linked in a chain,结连,cedict
linked in a unbroken chain,盘亘,cedict
in a tremendous mess,横三竖四,cedict
opening in a roof,天井,cedict
in a spectacular mess,翻江倒海,cedict
slide used in a presentation,投影片,cedict
a sheep in wolf's clothing,色厉内荏,cedict
a wolf in sheep's clothing,绵里藏针,cedict
islet in a stream,汀洲,cedict
in a cheerful mood,高兴,cedict
in a whisper,低声细语,cedict
in a hurry,匆促,cedict
a bundle wrapped in cloth,包袱,cedict
in a hideous mess,乌七八糟,cedict
a fortune in misfortune,不幸之幸,cedict
a marriage made in heaven,蓝田种玉,cedict
in a flash,一刹那,cedict
in a mess,七上八下,cedict
in a tangled mess,参差错落,cedict
in a faint,头昏眼晕,cedict
in a tremendous muddle,乱麻,cedict
toy in a capsule,扭蛋,cedict
in a panic,仓皇,cedict
veinlet in a leaf,细叶脉,cedict
in a towering rage,发指眦裂,cedict
a composition in verse,诗篇,cedict
in a haste,行色匆匆,cedict
in a loop,滚动,cedict
a blessing in disguise,因祸得福,cedict
in a slump,不景气,cedict
in a dilemma,左右两难,cedict
stuck in a dilemma,狼狈不堪,cedict
in a fog,如堕五里雾中,cedict
in a fury,一气之下,cedict
in a drunken stupor,醉生梦死,cedict
performed in a standing posture,立式,cedict
in a wink,一眨眼,cedict
in a muddle,夹七夹八,cedict
in a jumble,杂乱,cedict
in a turmoil,乌烟瘴气,cedict
in a frenzy,慌得,cedict
in a predicament,窘迫,cedict
in a daze,怔怔,cedict
bailiff in a yamen,公差,cedict
in a flurry,慌忙,cedict
in a coma,不省人事,cedict
in a trance,神思恍惚,cedict
locked in a stalemate,相持,cedict
in a rut,停滞不前,cedict
in a pique,负气,cedict
in a jiffy,须臾,cedict
a faulty expression in writing,败笔,cedict
in a nutshell,一言以蔽之,cedict
to have fun by oneself,自嗨,cedict
to have difficulty getting by,苦哈哈,cedict
to have served one's time,服满,cedict
of course have,自有,cedict
to have one's own way,自行其是,cedict
to have one's back against,背倚,cedict
to play it by ear,看着办,cedict
to make it one's business,为己任,cedict
to have no time,不暇,cedict
to have no other choice,不得已而为之,cedict
to have some other,另有,cedict
to have resigned from office,赋闲,cedict
have plenty of,有的是,cedict
to have one's way,得逞,cedict
to have one's back towards,背对,cedict
it's none of my business,打酱油,cedict
it's none of your business,雨女无瓜,cedict
with all of one's heart,尽心,cedict
to have one's job cut,削职,cedict
to have one's life shortened,折寿,cedict
that so-and-so,那厮,cedict
to have one's head shaved,剃头,cedict
to have no right,无权,cedict
to have one's fortune read,批八字,cedict
to have one's hands full,忙不过来,cedict
to make it so,使然,cedict
to have lost one's mind,脑子进水,cedict
george i of great brittain,乔治一世,cedict
not to go along with,不依,cedict
that kind of,那种,cedict
to have one's wish fulfilled,如愿以偿,cedict
to have one's blood tested,验血,cedict
to have one's property stolen,失窃,cedict
to have one's status lowered,掉价,cedict
to have no plan,没谱,cedict
to have one's ambitions elsewhere,志不在此,cedict
to have one's hands tied,束手,cedict
to have one's tubes tied,结扎,cedict
to have one's wishes fulfilled,如愿,cedict
so as not to,以免,cedict
not to do one's best,不力,cedict
to have no effect,毫无效果,cedict
to give it your all,浑身解数,cedict
to have no idea,心中无数,cedict
to have no authority,无权,cedict
to pass on for perusal,传阅,cedict
to not contend for,不争,cedict
to not strive for,不争,cedict
i would like to ask,试问,cedict
to have no opportunity,无缘,cedict
to have no news whatever,杳无音信,cedict
to have no choice,不得已,cedict
to have no alternative,无奈,cedict
to have no strength,没劲,cedict
to have no weight,不算,cedict
to have no solution,无解,cedict
not to try at all,不给力,cedict
to whine on for days,叫苦连天,cedict
to have no substance,言之无物,cedict
to have no harvest,绝收,cedict
to have no appetite,茶饭不思,cedict
to have no offspring,不育,cedict
to have no absentees,全勤,cedict
to have no aspirations,胸无大志,cedict
to have no regrets,无怨无悔,cedict
to get on with,契合,cedict
to think about it,想想看,cedict
to get over it,想通,cedict
to have an acrimonious falling-out,撕破脸,cedict
to have an easy time,好过,cedict
unable to make it through,过不去,cedict
to have complete control over,统辖,cedict
and that will suffice,即可,cedict
all of you,各位,cedict
to have spare time,没事儿,cedict
not to stand on ceremony,抗礼,cedict
to have leisure time,得空,cedict
to have time,有空,cedict
that is to say,也就是说,cedict
it's all greek to me,一窍不通,cedict
to carry on as before,沿袭,cedict
to live it up,享受,cedict
to do as one likes,任便,cedict
to do as one pleases,从心所欲,cedict
to take it lying down,示弱,cedict
on and on,亹亹不倦,cedict
to have an insight into,洞穿,cedict
to have just cause,师出有名,cedict
to go it alone,自谋出路,cedict
to only have,徒具,cedict
to get on or into,上车,cedict
reluctant to speak about it,三缄其口,cedict
to brave it out,拼到底,cedict
to have just attained maturity,笄冠,cedict
to get it straight,开窍,cedict
to make it,混出名堂,cedict
up to it,戳得住,cedict
when it comes to,要说,cedict
to take it easy,悠着,cedict
to have died long ago,宿草,cedict
to have been through,历尽,cedict
to have good taste,有眼光,cedict
to carry on intimately with,打得火热,cedict
to have much,颇具,cedict
to have become common practice,蔚然成风,cedict
to have money left,剩钱,cedict
to have good acoustics,收音,cedict
to have good eyes,眼尖,cedict
to have good intentions,安好心,cedict
to have good prospects,大有作为,cedict
to have group sex,群交,cedict
to make do with,凑付,cedict
to have high ambitions,力争上游,cedict
to have high expectations,眼高,cedict
to have great vitality,精神奕奕,cedict
with no hope of reprieve,万劫不复,cedict
to have both,兼具,cedict
not to get one's way,不遂,cedict
it takes two to tango,一个巴掌拍不响,cedict
to extend as long as,长达,cedict
to do all one can,倾尽,cedict
to have social contact,交流,cedict
to whom it may concern,敬启者,cedict
to have car sex,车震,cedict
to have never met,素未谋面,cedict
to have eye trouble,害眼,cedict
to have real skill,有两下子,cedict
to have second thoughts,犯嘀咕,cedict
to have overall control,统揽,cedict
to have passed away,不在了,cedict
to get by with difficulty,糊口,cedict
not regard as a matter,不当一回事,cedict
to have always had,素有,cedict
to have low self-esteem,自卑,cedict
to have running water,通水,cedict
term of abuse for westerners,洋鬼子,cedict
to have met once,一面之交,cedict
to have an effect,起作用,cedict
to have free rein,放开手脚,cedict
to have authority,有权,cedict
to have an outstanding account,赊账,cedict
to have bad luck,倒运,cedict
to have stage fright,怯场,cedict
to have anal sex,走后门,cedict
to have sex,上床,cedict
to have bad consequences,贻害,cedict
to have bad intentions,不安好心,cedict
to have exclusive selling rights,包销,cedict
to have sluggish blood circulation,血郁,cedict
to have poor eyesight,眼神不好,cedict
to have an extra meal,加餐,cedict
to have character,带种,cedict
to have universal appeal,人见人爱,cedict
to have contact,交往,cedict
to have regular features,五官端正,cedict
to have been dead,早死,cedict
title of respect for taoists,太上,cedict
to have an illicit affair,走私,cedict
to have an extramarital affair,出轨,cedict
to have an affair,偷腥,cedict
to have fun,企投,cedict
to have an accident,出事,cedict
to have writer's block,江郎才尽,cedict
to have moral integrity,作风正派,cedict
to have frequent dealings,常来常往,cedict
to have rotten luck,倒血霉,cedict
going as far as to,甚且,cedict
to have bright prospects,前景可期,cedict
to have secret motives,心里有鬼,cedict
to have impact,有作用,cedict
out of touch with reality,闭目塞听,cedict
to have an audience,朝见,cedict
to have an ulterior motive,别有用心,cedict
to have unique,独具,cedict
to have significance,有意义,cedict
to have loose lips,嘴快,cedict
to have an urge,冲动,cedict
to have an undeserved reputation,浪得虚名,cedict
tongue-tied for fear of embarrassment,碍口识羞,cedict
to have substance,掷地有声,cedict
to have an informal discussion,座谈,cedict
to have an intimate friendship,把袂,cedict
to have intimate talks,深谈,cedict
to have courage,有种,cedict
to have jurisdiction,管辖,cedict
to have exceptional insight,独具只眼,cedict
to have an incredible foresight,料事如神,cedict
to do at all costs,全力以赴,cedict
to have prestige,有脸,cedict
meeting for purpose of marriage,对亲,cedict
to have anal intercourse,爆菊花,cedict
to have ample supplies,不虞匮乏,cedict
to have eternal regrets,千古遗恨,cedict
to have intercourse,入肉,cedict
to have sexual intercourse,交接,cedict
to have an outing,出游,cedict
to have sinister motives,居心险恶,cedict
to have stamina,耐操,cedict
to have an orgasm,高潮,cedict
to have dialysis treatment,洗肾,cedict
to have committed heinous crimes,罪恶滔天,cedict
ability to have children,生育能力,cedict
have to,不得不,cedict
to have,占有,cedict
to have accomplished nothing,百事无成,cedict
to have affairs,偷鸡摸狗,cedict
to have an abortion,坠胎,cedict
to have an abundance,有余,cedict
to have an application rejected,遭拒,cedict
to have an erection,勃起,cedict
to have an infarction,梗死,cedict
to have an operation,动手术,cedict
to have been fired,赋闲,cedict
to have boundless prospects,前途无量,cedict
to have conceived,怀孕,cedict
to have dealings,交涉,cedict
to have diarrhea,拉稀,cedict
to have died,吹了,cedict
to have difficulty walking,步履维艰,cedict
to have disappeared,不见,cedict
to have disastrous consequences,贻害无穷,cedict
to have excessive expectations,奢望,cedict
to have exhausted,告罄,cedict
to have expectations,期望,cedict
to have eyes,长眼,cedict
to have financial difficulties,周转不开,cedict
to have friendly relationships,交游,cedict
to have guts,带种,cedict
to have lingering fears,心有余悸,cedict
to have lost consciousness,人事不知,cedict
to have marks deducted,扣分,cedict
to have meaning,有意义,cedict
to have misgivings,拘忌,cedict
to have mixed feelings,喜忧参半,cedict
to have nothing,空空如也,cedict
to have overslept,太阳晒屁股,cedict
to have postal communications,通邮,cedict
to have received,收妥,cedict
to have reservations,保留,cedict
to have scruples,拘忌,cedict
to have suspicions,嫌疑,cedict
to have swallowed gunpowder,吃枪药,cedict
to have unfounded doubts,心眼多,cedict
to have unreal expectations,盼星星盼月亮,cedict
to have unrealistic expectations,奢盼,cedict
to rarely have,罕有,cedict
at a loss for words,无言可对,cedict
not to know one's place,不分上下,cedict
to find it embarrassing,不好意思,cedict
to find it galling,不服气,cedict
to make up for,补回,cedict
to hit it off,一拍即合,cedict
on a par with,相若,cedict
to carry within it,夹带,cedict
out of this world,没治,cedict
to run for one's life,逃命,cedict
to do an on-site survey,踏勘,cedict
to put it briefly,简而言之,cedict
to call it quits,扯平,cedict
not to do anything productive,不事生产,cedict
to provide for one's family,养家糊口,cedict
to work on one's own,单干,cedict
it's difficult to please everyone,众口难调,cedict
to step on or into,踏上,cedict
have a chance encounter,不期而遇,cedict
as round as a ball,滚圆,cedict
leave it to me,包在我身上,cedict
it's a small world,人生何处不相逢,cedict
to die for one's country,殉国,cedict
to do  with great aplomb,挥洒自如,cedict
to buy it,买帐,cedict
to lose it,发神经,cedict
suddenly have a thought,突发奇想,cedict
to sacrifice one's life for,献身,cedict
to flee for one's life,逃生,cedict
to provide for one's elders,供养,cedict
it is absolutely essential to,切切,cedict
it is essential to,务期,cedict
to beat it,撒脚,cedict
to do away with,涤除,cedict
as slow as a tortoise,龟速,cedict
as solid as a rock,安如泰山,cedict
to think what you're doing,运神,cedict
to watch for one's chance,伺机,cedict
to overdo it,画蛇添足,cedict
it pays to,划得来,cedict
with regards to this,为此,cedict
as lithe as a swallow,身轻如燕,cedict
fond of interacting with people,黏人,cedict
this line of work,此道,cedict
to die for one's religion,殉教,cedict
for a long time now,一直以来,cedict
on top of,上面,cedict
plea of not guilty,无罪抗辩,cedict
to make way for,躲让,cedict
on account of,基于,cedict
not afraid of being executed,不避斧钺,cedict
to insist that,咬定,cedict
to do well at,搞好,cedict
to suffer for one's actions,吃苦头,cedict
to compensate for one's crime,顶罪,cedict
to atone for one's crime,赎罪,cedict
dam of ice on river,冰坝,cedict
to carry on one's back,背负,cedict
for a very long time,久久,cedict
to act on one's own,孤征,cedict
to open up for business,挂牌,cedict
to do with difficulty,勉强,cedict
words of advice on parting,临别赠言,cedict
to make life difficult for,过不去,cedict
to stop at this point,到此为止,cedict
it's a tough job,难为,cedict
to do as instructed,照做,cedict
to do as promised,说话算话,cedict
to do as requested,从命,cedict
on behalf of,代表,cedict
it's a deal,一言为定,cedict
hanger-on of an aristocrat,门子,cedict
to choose for some purpose,选用,cedict
to know what's going on,心中有数,cedict
to lie on one's back,仰躺,cedict
go so far as to,居然,cedict
to place out for adoption,送养,cedict
is able to or not,会不会,cedict
to live on one's own,单过,cedict
to take along with one,带上,cedict
to act on one's word,应点,cedict
to put  up for auction,投拍,cedict
a word that rhymes,同韵词,cedict
to list one by one,数一数二,cedict
i don't understand a word,一窍不通,cedict
to study on one's own,自修,cedict
emotions at time of parting,别绪,cedict
it's been a worthwhile trip,不虚此行,cedict
to bring out for display,摆出,cedict
a door that hinges upwards,吊门,cedict
it's a privilege,殊荣,cedict
it is a pity,可惜,cedict
to inspect one by one,点检,cedict
people of this province,本省人,cedict
not to get along well,不和,cedict
to not get along well,不睦,cedict
to enumerate one by one,数念,cedict
to set one's mind on,认定,cedict
to come out on top,胜出,cedict
to stand on one's head,倒立,cedict
to work with one's brains,劳心,cedict
to work with one's hands,做工,cedict
because of this,以此,cedict
to carry on one's person,挟带,cedict
to work as one,同心协力,cedict
to play for time,挨时间,cedict
to set one's heart on,属意,cedict
to set one's choice on,属意,cedict
to go for an outing,郊游,cedict
to go for,从事,cedict
to go for broke,豁出去,cedict
not leaning to one side,不偏斜,cedict
to do everything one can,奋力,cedict
to keep for use,留用,cedict
to make provision for,计提,cedict
to lie on one's side,侧卧,cedict
to move on some issue,采取行动,cedict
to pass on one's experience,传经,cedict
no way to get by,无以为生,cedict
to pass on one's art,传艺,cedict
not know where to start,无从下手,cedict
to turn on one's heels,掉头就走,cedict
to  on one's person,随身,cedict
incapable of dealing with,管教无方,cedict
not stick to one pattern,不拘一格,cedict
to make allowances for,谅解,cedict
to make problems for oneself,庸人自扰,cedict
to know for sure,料定,cedict
to cast one's light on,投映,cedict
to give up on,打消,cedict
to pay with one's life,偿命,cedict
to come as no surprise,意料之中,cedict
to jump on one foot,独脚跳,cedict
to fall on one's knees,拜倒,cedict
of this world,属世,cedict
this so-and-so,这厮,cedict
way of looking at things,眼光,cedict
for a long time,久之,cedict
separated for a long time,阔别,cedict
not enough to go around,狼多肉少,cedict
to choke on one's food,哽噎,cedict
not to one's liking,不中意,cedict
to stall for time,拖延时间,cedict
to hand over for transportation,交运,cedict
to work hard for,力争,cedict
to jump on one leg,单脚跳,cedict
not up to much,不咋地,cedict
to lie on one's belly,平伏,cedict
by way of,以资,cedict
all of one voice,众口一词,cedict
to reflect on one's shortcomings,自省,cedict
to hop on one leg,跳一只脚,cedict
to say something spot on,一矢中的,cedict
to dance on one's feet,跳脚,cedict
to count on one's fingers,屈指,cedict
to fix one's eyes on,凝视,cedict
to take up duty as,当上,cedict
to vent one's anger on,煞气,cedict
to act as go-between,保媒,cedict
to cheat on one's spouse,偷腥,cedict
to default on one's debts,拖欠,cedict
to feast one's eyes on,一饱眼福,cedict
to take responsibility for,躬履,cedict
to go well with rice,下饭,cedict
to set out on foot,发足,cedict
to go well with,相衬,cedict
a year-end dinner for employees,尾牙,cedict
there is no lack of,不乏,cedict
there's no lack of,有的是,cedict
this kind of,这种,cedict
to lodge for two nights,信宿,cedict
to work energetically for prosperity,奋发图强,cedict
to work for,效劳,cedict
not say a word,不做声,cedict
to leave for another place,出外,cedict
to give for free,分文不取,cedict
to regard face as all-important,死要面子,cedict
not to let  go,留下,cedict
to give cause for gossip,予人口实,cedict
to gesture with one's hand,摆手,cedict
to follow with one's eyes,目送,cedict
tailbone at end of spine,尻骨,cedict
to get into conversation with,搭话,cedict
to collide with one another,相碰撞,cedict
to prepare for new initiatives,重整旗鼓,cedict
to come out as,来得,cedict
free for a limited time,限免,cedict
to come up with,作出,cedict
to come up with ideas,出主意,cedict
out of one's mind,失张失智,cedict
spooked out of one's mind,魂飞魄散,cedict
to do one's work,做工作,cedict
to look at one another,相望,cedict
to compete for first prize,夺标,cedict
to look for an opportunity,寻机,cedict
a load on one's mind,心事,cedict
to ask for sky-high prices,漫天要价,cedict
suitable for young and old,老少咸宜,cedict
to look for trouble,寻事生非,cedict
to do one's very best,卖力,cedict
to mix together as one,混一,cedict
to give for adoption,过房,cedict
to go on foot,安步当车,cedict
not up to standard,差事,cedict
to go on stage,上台,cedict
and so on,之类,cedict
to pass by or through,路过,cedict
to match one's strength with,较劲,cedict
to look for,寻摸,cedict
to look for an explanation,索解,cedict
to look for blemishes,找岔子,cedict
to look for employment,找事,cedict
to call for help,呼救,cedict
scared out of one's skin,吓一跳,cedict
to return good for evil,以德报怨,cedict
to go on strike,罢工,cedict
for a limited time,限时,cedict
for a time,一度,cedict
to go on sentry duty,瞭哨,cedict
to go on summer vacation,避署,cedict
to ask for help,求人,cedict
to use  on its own,单用,cedict
to know nothing at all,三不知,cedict
out of one's wits,六神无主,cedict
scared out of one's wits,丧胆,cedict
to come about as predicted,应验,cedict
to show care for,关怀,cedict
to unite as one,团结一心,cedict
to catch up on sleep,补眠,cedict
to spoon with one's partner,抱睡,cedict
to stay together for life,长相厮守,cedict
bereaved of one's only child,失独,cedict
to part for ever,生离死别,cedict
not up to par,差远,cedict
first half of one's life,前半生,cedict
to count with one's fingers,掐算,cedict
to go on an expedition,探险,cedict
to combine as one,融汇,cedict
not living up to expectations,不孚众望,cedict
to go on an excursion,郊游,cedict
to ask voters for support,拉票,cedict
to honor with one's presence,光临,cedict
to go on,下去,cedict
to go on holidays,度假,cedict
to go on horseback,走马,cedict
to go on limitlessly,森罗,cedict
to keep on talking about,大谈特谈,cedict
to show concern for,眷顾,cedict
to provide support for,赡养,cedict
to miss out on,痛失,cedict
to settle for second best,退而求其次,cedict
to copy word for word,照抄,cedict
nothing left to live for,生无可恋,cedict
to act as if,权当,cedict
one step at a time,分步骤,cedict
to come into contact with,打交道,cedict
to ask for bail money,讨保,cedict
to acknowledge as one's teacher,拜人为师,cedict
to check up on,检定,cedict
to  with one,随身,cedict
to ask for money,挡琅,cedict
to open for business,开门,cedict
at intervals of,每隔,cedict
to seem as if,貌似,cedict
to gang up on,通同,cedict
to live  for free,白住,cedict
to show respect for,看得起,cedict
to sneak up on,挨近,cedict
to feel sorry for,哀悯,cedict
to feel sorry for oneself,自艾自怜,cedict
to run for office,参选,cedict
to long for,巴不得,cedict
by means of,凭借,cedict
to look down on,下视,cedict
to allow room for error,宽打窄用,cedict
pay and provisions for soldiers,兵饷,cedict
to ask for food,讨饭,cedict
for ever and ever,永永远远,cedict
to not bother about trifles,不拘小节,cedict
to make off with,偷去,cedict
to provide food for thought,发人深省,cedict
to get  hands on,弄到手,cedict
to get trampled on,任人宰割,cedict
to feel compassion for,悯惜,cedict
to volunteer for military service,请缨,cedict
to close  for business,收市,cedict
not to know,不知,cedict
to show affection for,亲热,cedict
to put aside for later,保留,cedict
to show contempt for others,骄人,cedict
to act for oneself,自专,cedict
to show disdain for,傲视,cedict
to put up with,克服,cedict
to ask for trouble,引水入墙,cedict
to show consideration for,礼让,cedict
to become useful for timber,成材,cedict
any one of,任一个,cedict
to report for duty,报到,cedict
to draw water for irrigation,戽水,cedict
to ask for advice,求教,cedict
to call for,搬请,cedict
to call for reinforcements,搬兵,cedict
to combine together for self-improvement,联合自强,cedict
to prepare for study,涤砚,cedict
to set aside for,留给,cedict
to report for criticism,报批,cedict
to ask for emergency assistance,告急,cedict
to ask for sb's surrender,招降,cedict
not to take seriously,玩忽,cedict
to ask for recompense,索谢,cedict
to ask for alms,行乞,cedict
to ask for,索要,cedict
to ask for assistance,将伯,cedict
to ask for compensation,索赔,cedict
to ask for directions,问路,cedict
to ask for forgiveness,讨饶,cedict
to ask for guidance,请教,cedict
to ask for information,问事,cedict
to ask for instructions,请示,cedict
to ask for lodging,借宿,cedict
to ask for mediation,央中,cedict
to offer for sale,出售,cedict
to pay for damages,赔钱,cedict
to rush about on errands,奔命,cedict
to meet for diagnosis,会诊,cedict
to report for judgment,报审,cedict
to run for shelter,跑警报,cedict
to provide for,支应,cedict
to provide for oneself,自理,cedict
to open for trading,开市,cedict
to meet for negotiation,聚议,cedict
to prepare for war,备战,cedict
to keep up with,赶上,cedict
to run for election,应选,cedict
to keep everything for oneself,独吞,cedict
to sound as if,听来,cedict
to compete for business,抢生意,cedict
as if weeping and complaining,如泣如诉,cedict
to head for,走向,cedict
to take turns on duty,轮值,cedict
to eat for free,白吃,cedict
not to hold anything back,无话不谈,cedict
easy to get along with,好处,cedict
to go along with,附和,cedict
hard to get along with,难搞,cedict
to wait helplessly for death,束手待毙,cedict
to become dull with time,淡化,cedict
for a little while,两下,cedict
to create trouble for oneself,自贻伊戚,cedict
to care for,服侍,cedict
to stay at number one,蝉联,cedict
to claim credit for oneself,居功,cedict
to fall out with,闹别扭,cedict
to view as worn-out shoes,视如敝屣,cedict
to apply for admission,投考,cedict
to take pity on,哀悯,cedict
to watch for an opportunity,看准机会,cedict
old name for a magnet,玄石,cedict
pet name for a child,奶名,cedict
to wait for an opportunity,伺机,cedict
to put  back on,穿回,cedict
to stand for,主张,cedict
to stand for election,出马,cedict
to break out with acne,爆痘,cedict
to allow for,备抵,cedict
to apply for,申办,cedict
to apply for reimbursement,报销,cedict
to apply for residence,报户口,cedict
to take on,兜揽,cedict
to take on chinese characteristics,中国化,cedict
to take on passengers,搭客,cedict
to sacrifice oneself for love,殉情,cedict
to leave for,开往,cedict
hatred and desire for revenge,仇怨,cedict
to keep people on tenterhooks,卖关子,cedict
to yearn for love,怀春,cedict
to accept  for publication,录用,cedict
give compliments and not remarks,多栽花少栽刺,cedict
to sit for imperial examinations,应举,cedict
so as to save,省得,cedict
to fall for,误信,cedict
to experience for oneself,见识,cedict
to confiscate land for redistribution,收地,cedict
to conflict with each other,相左,cedict
to hunt for food,捕食,cedict
to account for,占去,cedict
to work solely on,专司,cedict
to cut blocks for printing,刻板,cedict
to stop  for inspection,拦检,cedict
to present  for acceptance,提示承兑,cedict
to present  for payment,提示付款,cedict
pasture for cattle and horses,牧圉,cedict
to receive for storage,收存,cedict
to appeal for justice,申冤,cedict
to help with farm work,帮工,cedict
to beg for  food,打斋,cedict
to beg for food,乞食,cedict
to search for address,寻址,cedict
to go abroad as ambassador,出使,cedict
to prepare for an exam,备考,cedict
to release for medical treatment,保外就医,cedict
to wait for,守候,cedict
to wait idly for opportunities,守株待兔,cedict
to strive for self-improvement,自强,cedict
to search for smuggled goods,缉私,cedict
to freeload for food,蹭吃,cedict
to consign for sale,寄卖,cedict
to make green with plants,绿化,cedict
to fight for,争取,cedict
to catch up with,赶上,cedict
to seek for continued existence,求存,cedict
to bring into line with,接轨,cedict
to select for promotion,提拔,cedict
to arrange for,安置,cedict
to bid for purchase,申购,cedict
to double up with laughter,笑不可仰,cedict
so as to,以便,cedict
to search for ancient relics,访古,cedict
to fish for,捕捞,cedict
to fish for compliments,沽名钓誉,cedict
to fish for information,探风,cedict
to get along with,对付,cedict
to grieve for deceased relative,伤悼,cedict
people of one's grandparents' generation,祖父辈,cedict
people of one's parents' generation,父辈,cedict
to pan for gold,淘金,cedict
to bear responsibility for,顶挡,cedict
to inspect metal for flaws,探伤,cedict
to search for subtle traces,玩索,cedict
to check for compatibility,配型,cedict
to check for leaks,检漏,cedict
to campaign for votes,拉票,cedict
to summon for an interview,传见,cedict
to transfer  elsewhere for storage,转存,cedict
to begin one's career by,起家,cedict
striving to do one's best,力求,cedict
to exchange  for,换取,cedict
to consult for reference,参看,cedict
to search for,查找,cedict
to display for evaluation,展评,cedict
to sue for peace,乞和,cedict
to jump for joy,喜跃,cedict
to agree on three laws,约法三章,cedict
to place great importance on,珍视,cedict
to file for investigation,立案侦查,cedict
all show and no go,花拳绣腿,cedict
if one were to say,如果说,cedict
to say what one thinks,心直口快,cedict
to submit articles for publication,投稿,cedict
for a short while,一时,cedict
amount of force or pressure,强弱,cedict
not to fight back,示弱,cedict
nice to meet you,幸会,cedict
to look at each other,对望,cedict
to hunt for novelty,猎奇,cedict
to struggle for mastery,分争,cedict
to gasp for breath,吁吁,cedict
to do one's bit conscientiously,尽责,cedict
to gather for drinks,聚饮,cedict
to gather for eating,采食,cedict
as luck would have it,不巧,cedict
to arrest for punishment,拿办,cedict
to root for,助阵,cedict
to bid for,申办,cedict
to angle for fame,沽名钓誉,cedict
to bundle up with rope,捆扎,cedict
to pray for,祈求,cedict
to pray for blessings,祈福,cedict
to decorate for festive occasions,挂彩,cedict
to beg for pity,乞怜,cedict
to compensate for,抵补,cedict
a good-for-nothing adviser,狗头军师,cedict
to gang up with,勾结,cedict
to cheer for,助威,cedict
to beg for mercy,告饶,cedict
all take and no give,好吃懒做,cedict
to substitute for,替代,cedict
to submit for approval,报审,cedict
to submit for printing,付印,cedict
to volunteer for,自告奋勇,cedict
platform for praying to immortals,祈仙台,cedict
to contend for supremacy,争雄,cedict
to contend for hegemony,争霸,cedict
to dive for pearls,采珠,cedict
to beg for alms,劝化,cedict
to beg for forgiveness,求情告饶,cedict
to make friends with,结交,cedict
to petition for retirement,告退,cedict
start of phrase or sentence,句首,cedict
to sue for mercy,请求宽恕,cedict
natives of one's own country,本国人,cedict
to kidnap for ransom,掳人勒赎,cedict
to depart for,开赴,cedict
to plea for leniency,求情,cedict
to strive for supremacy,争衡,cedict
to scramble for,争抢,cedict
to scramble for tickets,抢票,cedict
to agitate for,鼓吹,cedict
to strive for,求取,cedict
to strive for excellence,创优,cedict
to strive for favor,争宠,cedict
to strive for greatness,鹏抟,cedict
to fend for oneself,自谋出路,cedict
to scout for,招致,cedict
to thirst for,渴慕,cedict
given to lust for women,贪色,cedict
to yearn for,向往,cedict
to canvass for votes,拜票,cedict
to get up from bed,下地,cedict
to crave for,渴求,cedict
to vouch for,打保票,cedict
to apologize for an offense,谢罪,cedict
to hunger for,垂涎欲滴,cedict
to reapply for,补办,cedict
to get familiar with,混熟,cedict
to put on an act,惺惺作态,cedict
number of items or individuals,个数,cedict
to take some time out,偷空,cedict
side of boat or ship,船帮,cedict
place for a vendor's stall,摊点,cedict
tremendously popular for a while,红极一时,cedict
not to let off,不轻饶,cedict
not to let off easily,不依,cedict
condition or type of pulse,脉象,cedict
to get involved with,过问,cedict
sum or volume of business,营业额,cedict
to look up at,仰望,cedict
to do one's filial duty,尽孝,cedict
to do one's duty,尽责,cedict
latter half of one's life,后半生,cedict
within one's area of responsibility,分内,cedict
mother of one's child's spouse,亲家母,cedict
to beat time with clappers,拍板,cedict
branch of bank or store,分行,cedict
to place particular emphasis on,侧重,cedict
to cut down on,节省,cedict
not to show concern,不恤,cedict
force of impact or thrust,冲击力,cedict
to look on helplessly,眼睁睁,cedict
to look on unfeelingly,眼睁睁,cedict
father of one's child's spouse,亲家公,cedict
for a while,移时,cedict
to do one's lesson preparation,备课,cedict
a reputation with no substance,虚有其表,cedict
family or dependents of martyr,烈属,cedict
full of stains or spots,斑斑,cedict
skill of no high order,雕虫小技,cedict
of low worth or rank,低档,cedict
to do one's utmost,下死劲,cedict
to go down by degrees,递降,cedict
to do one's shopping,采买,cedict
to do whatever one pleases,为所欲为,cedict
book of pictures or charts,图册,cedict
book of tables or forms,表册,cedict
to just get by,凑合,cedict
to not need,不消,cedict
to mess about with,抓挠,cedict
lower half of one's body,下半身,cedict
period of one's life,生涯,cedict
a name for ancient currency,元宝,cedict
for a special purpose,特地,cedict
a store room for books,书库,cedict
generic term for a knight-errant,赵客,cedict
to beat down on,烤炙,cedict
period of viability or validity,时效,cedict
person of one's father's generation,父执辈,cedict
to meet head-on,对着干,cedict
a device for extracting water,脱水机,cedict
out of work,无业,cedict
to use as an excuse,借口,cedict
to put on record,备案,cedict
interjection of pain or surprise,哎唷,cedict
interjection of surprise or pain,啊哟,cedict
money for a journey,资斧,cedict
to ebb or go out,落潮,cedict
to crack down on,严打,cedict
to not really understand,似懂非懂,cedict
to use as pretext,借端,cedict
a port for external trade,口岸,cedict
respectful title for a doctor,医官,cedict
sound of knocking or bursting,毕毕剥剥,cedict
to help people with disabilities,助残,cedict
a fighter for human rights,人权斗士,cedict
money for a voyage,路费,cedict
accent of one's native place,乡音,cedict
to part on bad terms,不欢而散,cedict
to swoop down on,猛扑,cedict
charges for a room,房钱,cedict
off and on,断断续续,cedict
on and off,哩哩啦啦,cedict
not to enjoy popular support,不得人心,cedict
list of plays or operas,剧目,cedict
degree of difficulty or ease,难易,cedict
to take liberties with,吃豆腐,cedict
to take sides with,右袒,cedict
for a specific purpose,特为,cedict
sorry to bother you,难为,cedict
a matter for regret,憾事,cedict
content of speech or writing,语意,cedict
opportunity for a fight,戎机,cedict
style of drawing or writing,笔触,cedict
to act on hearsay evidence,捕风捉影,cedict
playing field for a competition,比赛场,cedict
to abide by one's duties,循分,cedict
not pay attention to,不注意,cedict
a cause for gossip,口实,cedict
a matter for derision,话柄,cedict
a matter for ridicule,笑柄,cedict
to take as bribe,苟取,cedict
to keep an eye on,监看,cedict
to take as an elective,选修,cedict
to get through by luck,幸进,cedict
most of all,尤其是,cedict
medium or route of transmission,传媒,cedict
want to stop but can't,欲罢不能,cedict
contract for a loan,借契,cedict
gift of fruit or pastries,蒲包,cedict
to set foot on,踏上,cedict
for a moment,一时间,cedict
to stir-fry with oil only,干煸,cedict
state of one's psyche,心态,cedict
person of no particular talent,池中物,cedict
filling one's field of view,满眼,cedict
work more and get more,多劳多得,cedict
determined not to fall short,争气,cedict
to work as footman,跟包,cedict
to work as an artist,从艺,cedict
days of one's life,年月,cedict
remaining years of one's life,残生,cedict
appearance or color of coat,毛色,cedict
to put on dress,披挂,cedict
to place on file,归档,cedict
to pay on demand,即付,cedict
cries of joy or approval,欢声,cedict
there's no time to lose,事不宜迟,cedict
from time to time,三不五时,cedict
heard from time to time,时有所闻,cedict
to put on display,展出,cedict
to draw on local resources,就地取材,cedict
to put on weight,上膘,cedict
to set on fire,放火,cedict
to put goods on shelves,上架,cedict
statue of buddha or bodhisattva,佛像,cedict
not to meet,不见,cedict
last item on a show,压台戏,cedict
to do no harm,无损,cedict
using extreme force of will,奋勇,cedict
seeds of litchi or lychee,荔枝核,cedict
fluttering or flapping of wings,扑棱,cedict
reduplication of words or syllables,复叠,cedict
to act on sb's behalf,代办,cedict
to travel on private business,私行,cedict
to act on impulse,任气,cedict
penalty for a crime,罪刑,cedict
fee for a divination session,课金,cedict
to feel giddy on heights,晕高儿,cedict
to draw on family connections,依亲,cedict
appearance of one's face,脸相,cedict
to advise on state affairs,听事,cedict
to go at full throttle,加足马力,cedict
very short unit of time,罗预,cedict
to place  on,寄予,cedict
to place hopes on,寄望,cedict
to avoid by all means,切忌,cedict
receipt for a loan,借单,cedict
to lead on,引逗,cedict
to put on makeup,化妆,cedict
to put on,上身,cedict
to put on airs,人模狗样,cedict
a furnace for smelting metal,冶炼炉,cedict
apple of one's eye,宝贝疙瘩,cedict
pretext for a dispute,衅端,cedict
to come with,配有,cedict
to call on,呼吁,cedict
to formally call on,参拜,cedict
not to care,不在乎,cedict
amount of food one eats,饭量,cedict
looking for a mate,找对象,cedict
no sign of success yet,八字没一撇,cedict
a carpet for kneeling,跪毯,cedict
a tube for wrapping,套筒,cedict
to follow on sb's heels,接踵,cedict
not amenable to reason,不识时务,cedict
to give way at once,一触即溃,cedict
to hit head on,迎头打击,cedict
to play tricks on,作弄,cedict
envelope for a padded coverlet,被单,cedict
to write on sb's behalf,代书,cedict
very brief period of time,一小阵儿,cedict
to go around one time,绕一圈,cedict
a pretext for gossip,话柄,cedict
porter for a palanquin,轿夫,cedict
euphemism for a bribe,回扣,cedict
nickname for a panda,滚滚,cedict
waiting for a vacancy,候缺,cedict
to look upon as,当做,cedict
to look upon as dirt,视如粪土,cedict
to make by hand,手制,cedict
a noose for hanging criminals,绞索,cedict
a glutton for punishment,甘之如饴,cedict
a fighter for environmental protection,环保斗士,cedict
to not expect,未料,cedict
not to speak,不语,cedict
to appear on stage,出台,cedict
to rely on power,仗势,cedict
fruit of one's hard labor,膏血,cedict
not to allow,不准,cedict
to not allow,不容,cedict
not to touch upon,未及,cedict
to hold on firmly,抱定,cedict
to pass on experience,传帮带,cedict
proud of one's success,春风得意,cedict
to make up one's mind,定弦,cedict
of one mind,冥合,cedict
to pour cold water on,泼冷水,cedict
to start out by,起家,cedict
not distinguishing junior and senior,无大无小,cedict
to sell on account,赊销,cedict
to try on,试衣,cedict
limits of one's authority,权界,cedict
to not fully understand,半懂不懂,cedict
to not understand,不解,cedict
to bring trouble on oneself,招风惹草,cedict
not to mind,不以为意,cedict
to not mind,毫不介意,cedict
to turn on,打开,cedict
not content to lag behind,不甘人后,cedict
one's share of expenses,份子,cedict
to go by car,驱车,cedict
trade of one's forebears,旧业,cedict
not to matter,无所谓,cedict
to build  on stilts,架空,cedict
to live on dirt,吃土,cedict
to keep on tenterhooks,吊胃口,cedict
to keep harping on,念叨,cedict
to keep on buying  regardless,照买不误,cedict
to keep on living,活下去,cedict
what to do,机宜,cedict
to collide head-on,对撞,cedict
on a single day,单日,cedict
to meet force with force,硬碰硬,cedict
extent of one's rights,权界,cedict
bottom of one's heart,心坎,cedict
a thank-you note,致谢,cedict
all branches of state employment,军公教,cedict
to look back at history,回顾历史,cedict
to add marginal comments on,批注,cedict
to add on,加上,cedict
not to discuss,不论,cedict
to interact with people,待人接物,cedict
to bring disaster on oneself,自作孽,cedict
to stand on sb's shoulder,搭肩,cedict
to step on sb's foot,蹑足,cedict
all walks of life,三百六十行,cedict
to bring shame on,抹灰,cedict
to keep company with,为伍,cedict
to use all one's willpower,强撑,cedict
to get what one deserves,得所应得,cedict
hidden and not developed,蕴蓄,cedict
to smile but say nothing,笑而不语,cedict
to bring misfortune on oneself,找不自在,cedict
to concentrate on studying hard,抓紧学习,cedict
to compete on price,竞价,cedict
to transport on pack animal,驮运,cedict
to buy on credit,赊购,cedict
to pass by each other,会车,cedict
to sell on commission,代销,cedict
teach you a lesson,给你点颜色看看,cedict
to not bear fruit,不实,cedict
to appear on camera,出镜,cedict
to agree on,说定,cedict
to stand on ceremony,拘礼,cedict
son  of one's teacher,师兄,cedict
not in agreement with,不符,cedict
different as black and white,截然不同,cedict
not equal to,不若,cedict
not to seek,不图,cedict
not to arrive,不到,cedict
characteristic nature of some season,季相,cedict
not to observe priorities,越礼,cedict
to base oneself on,凭依,cedict
to stand on tiptoe,踮脚尖,cedict
what kind of person,何许人,cedict
to not wear underwear,真空,cedict
to buy on margin,买空,cedict
of no interest,没劲,cedict
to throw  at each other,互扔,cedict
to serve on sentry duty,站岗,cedict
to apply as before,沿用,cedict
daughter  of one's teacher,师妹,cedict
not to listen,听不进去,cedict
to not lack,不差,cedict
to catch on fire,走水,cedict
to act with diligent care,着意,cedict
not to worry,不恤,cedict
not to mention,且不说,cedict
with might and main,死劲,cedict
to carry on,承接,cedict
to carry on poles,抬杠,cedict
one's pair of eyes,双眸,cedict
not stick to,不拘,cedict
all taken care of,无虞,cedict
to not count,不算,cedict
hyperboloid of one sheet,单叶双曲面,cedict
not to yield an inch,寸步不让,cedict
to walk on stilts,踩高跷,cedict
to walk on tiptoe,蹑足,cedict
to walk quietly on tiptoe,蹑手蹑脚,cedict
will of heaven,天心,cedict
restrictions on entry and exiting,门禁,cedict
first year of university,大一,cedict
to stay on track,上轨道,cedict
to draw on,借镜,cedict
to fraudulently draw on,盗刷,cedict
to not calculate,不算,cedict
not liable to taxation,免税,cedict
to pass on praise,传颂,cedict
autumn of one's years,老年,cedict
not to glance sideways,目不斜视,cedict
to kill on sight,格杀勿论,cedict
bring order out of chaos,拨乱反正,cedict
to contend on strong grounds,据理力争,cedict
to pass on scripture,传经,cedict
to pass on amorous feelings,传情,cedict
to pass  on,转送,cedict
to pass judgment on,判决,cedict
to pass judgment on everything,指点江山,cedict
to pass on,传承,cedict
not to hurry,从缓,cedict
to not anticipate,未料,cedict
to glower at each other,怒目相向,cedict
to find fault with,指责,cedict
to not deserve,折杀,cedict
not confine oneself to,不拘,cedict
item of some value,长物,cedict
to send on assignment,调派,cedict
to find complaint with,找茬,cedict
to play around with,盘弄,cedict
to play around with girls,泡妞,cedict
not conform to,不符,cedict
not to forgive easily,不轻饶,cedict
nadir of one's fortunes,低谷,cedict
to act against one's will,不得已,cedict
figment of one's imagination,幻觉,cedict
bane of one's existence,孽种,cedict
not to comply,不依,cedict
circumstances of one's declining years,晚景,cedict
fruits of one's labor,脂膏,cedict
one of these days,日内,cedict
one of us,自家人,cedict
teacher of one's teacher,师祖,cedict
to focus attention on,锁定,cedict
to save on expenditure,节支,cedict
not to exert oneself,不力,cedict
not ashamed to,有脸,cedict
not to deviate an iota,毫厘不爽,cedict
not inferior to,不亚,cedict
to break off relations with,决裂,cedict
to wait on,支应,cedict
not to mince words,直言不讳,cedict
to not indent,顶格,cedict
not conforming to reality,不切合实际,cedict
not known to anyone,不为人知,cedict
not limited to,不止,cedict
not obliged to,无须,cedict
not reconciled to,不甘心,cedict
not resigned to,不甘,cedict
to go by taxi,打的,cedict
to prattle on self-importantly,大放厥词,cedict
barely enough to get by,敷衍,cedict
to pass off as genuine,乱真,cedict
to pile on pressure,加压,cedict
to press on,坚持下去,cedict
to press on towards,逼近,cedict
to catch on cloth,吃布,cedict
all-china federation of trade unions,中华全国总工会,cedict
to depend on,仰仗,cedict
to depend on others,傍人篱壁,cedict
to depend ultimately on,端赖,cedict
long period of time,时日,cedict
all levels of society,朝野,cedict
to catch on,风行,cedict
to go all out,加足马力,cedict
to settle on,看中,cedict
real-time report of earthquake data,地震速报,cedict
to release on bail,保释,cedict
to reflect on,思考,cedict
to pass oneself off as,冒充,cedict
items of no value,杂物,cedict
of no value,不值一笑,cedict
to concentrate on,主抓,cedict
to touch on,触及,cedict
to comment on,评论,cedict
to rely on fate,撞运气,cedict
to hit on someone,搭讪,cedict
first year of an era,元年,cedict
to confer on,颁给,cedict
to seize on weak points,抓辫子,cedict
to return home with honor,荣归,cedict
to push on,推进,cedict
take good care of yourself,珍重,cedict
to roll on,滚滚,cedict
to rely mainly on,为主,cedict
to rely on,仰仗,cedict
to rely on natural barriers,据险,cedict
to rely on others,吃大户,cedict
to ride on,搭坐,cedict
to act with self-restraint,自检,cedict
to focus on,主攻,cedict
to feed on illusions,画饼充饥,cedict
to count on,依仗,cedict
to make sheep eyes at,眉目传情,cedict
to fix on,敲定,cedict
to repay good with evil,违恩负义,cedict
to tie on,系上,cedict
of no account,算不了,cedict
to make an all-out effort,全力以赴,cedict
to insist on,执意,cedict
to insist on doing,硬要,cedict
to lecture on doctrine,传道,cedict
to switch on,打开,cedict
to make one's way through,开路,cedict
last item on a program,大轴戏,cedict
to make eyes at,眉眼传情,cedict
to border on,接壤,cedict
to requite evil with good,以德报怨,cedict
out of place,不伦不类,cedict
to part from each other,劳燕分飞,cedict
to lean on,倚仗,cedict
to lecture on,主讲,cedict
to say where one stands,表态,cedict
to shoot with great precision,百步穿杨,cedict
to resolve on improvement,争气,cedict
to urge on,督促,cedict
to heap praise on,激赞,cedict
to overdose on supplementary medicine,恶补,cedict
vote of no-confidence,不信任投票,cedict
to hurry on,赶路,cedict
to look down at,俯看,cedict
to shine on,映射,cedict
to progress  day by day,日渐,cedict
to pile on,补刀,cedict
to banish from one's thoughts,置之脑后,cedict
to cotton on,会意,cedict
to whip on,扬鞭,cedict
to prey on,捕食,cedict
to suck on,吸吮,cedict
to spur on,策动,cedict
to spy on,刺探,cedict
to click on,点选,cedict
to surge on,滚滚,cedict
to gamble on,押宝,cedict
no sense of priorities,不知轻重,cedict
to rattle on,屄屄,cedict
to choke on,呛到,cedict
to squat on,抢注,cedict
to linger on,不绝于耳,cedict
to provide  as usual,照发,cedict
out-of-body experience,灵魂出窍,cedict
to infringe on,侵害,cedict
to hinge on,取决,cedict
to wreak havoc on,血洗,cedict
to gorge oneself on,猛吃,cedict
to encroach on,侵害,cedict
to trample on,踩踏,cedict
to harp on,颠来倒去,cedict
to fixate on,固执,cedict
to pounce on,掩杀,cedict
to expound on,论证,cedict
to fawn on,奉承,cedict
this day and age,今时今日,cedict
to dote on,溺爱,cedict
to dote on cats,吸猫,cedict
to economize on gasoline,节油,cedict
to jabber on,嘚啵,cedict
to piggyback on  popularity,蹭热度,cedict
to center on,围绕,cedict
to sharpen on grindstone,磨砺,cedict
to play with fire,玩火,cedict
to make  by fermentation,酿造,cedict
all manner of evil,无所不为,cedict
to take over from,交接,cedict
to do research work,研修,cedict
a place with many visitors,门庭若市,cedict
to part with,割舍,cedict
to govern with integrity,廉政,cedict
ban on visiting a place,禁足,cedict
committing all manner of crimes,无所不用其极,cedict
to open fire with artillery,打炮,cedict
all kinds of grass,百草,cedict
motion of no confidence,不信任动议,cedict
to work one's heart out,呕心沥血,cedict
i have troubled you,多累,cedict
to keep step with,同步,cedict
to act as host,做东,cedict
to act with urgency,争取时间,cedict
to face death with equanimity,视死如归,cedict
to act as substitute,替班,cedict
feast of all souls,盂兰盆会,cedict
to give all one has,倾尽,cedict
all kinds of flora,百草,cedict
on a large scale,大举,cedict
tender and soft as water,柔情似水,cedict
to meet with danger,遇险,cedict
what kind of,何如,cedict
to act as companion,就伴,cedict
all kinds of,五花八门,cedict
all kinds of flavors,五味,cedict
all kinds of fruits,百果,cedict
all of us,你我,cedict
all sorts of,五花八门,cedict
jack of all trades,万金油,cedict
of all kinds,七七八八,cedict
to act as circumstances dictate,相机行事,cedict
of no consequence,不当紧,cedict
not breathing a word,守口如瓶,cedict
difficult to deal with,惹不起,cedict
to protect from all sides,围护,cedict
to act as regent,摄政,cedict
to act as intermediary,中介,cedict
to know right from wrong,马鹿易形,cedict
to act as pimp,拉皮条,cedict
to act as voyeur,偷窥,cedict
to round up or down,四舍五入,cedict
to act as,作为,cedict
to act temporarily as,权充,cedict
daily interest on a loan,拆息,cedict
to become infested with bugs,生虫,cedict
to attack from all sides,围攻,cedict
no trace of politeness,毫不客气,cedict
not bearing a name,无记名,cedict
out of order,失灵,cedict
to meet with unexpected failure,阴沟里翻船,cedict
to dismiss with severance pay,资遣,cedict
to meet with luck,交运,cedict
to know by heart,倒背如流,cedict
to turn pale with fright,大惊失色,cedict
to become adopted as heir,出继,cedict
hard to deal with,缠手,cedict
to play with,戏耍,cedict
to play with stacking blocks,堆积木,cedict
to change by painting over,涂改,cedict
to take up one's pen,提笔,cedict
to hold back by force,扣住,cedict
of no avail,无补,cedict
top margin on a page,书眉,cedict
out of control,暴走,cedict
poor and with low expectations,人穷志短,cedict
to manage with difficulty,巴巴结结,cedict
to meet with disaster,惨遭不幸,cedict
to gamble with life,玩儿命,cedict
to find no way out,仰屋兴叹,cedict
to play as,司职,cedict
to reckon by time,计时,cedict
to catch some time out,抓功夫,cedict
to relate with,搭界,cedict
not a straightforward matter,有不少名堂,cedict
to keep pace with,跟上,cedict
to fight fire with fire,以毒攻毒,cedict
to meet with misfortune,落难,cedict
to swim with head submerged,扎猛子,cedict
too appalling to look at,伤心惨目,cedict
to meet with,值遇,cedict
not a bit,没有事,cedict
to pay as charged,照付,cedict
glowing with health and vivacity,欢蹦乱跳,cedict
point of time,早晚,cedict
pressure on a drill bit,钻压,cedict
to live as widow,守寡,cedict
red and tense with anger,脸红筋暴,cedict
to mix with water,羼水,cedict
to operate  with ease,操纵自如,cedict
to do detective work,侦探,cedict
to do unskilled work,打杂,cedict
to do work,做功,cedict
to face dangers with assurance,临死不怯,cedict
to wash with water,沃灌,cedict
to fool around with,勾搭,cedict
to occur together with,伴随,cedict
as a first priority,尽先,cedict
to mess around with,动手脚,cedict
to read aloud with expression,朗诵,cedict
a book on chinese  medicine,本草,cedict
name on a roster,花名,cedict
with a worried look,面带愁容,cedict
single origin out of africa,非洲单源说,cedict
to lose touch with,失散,cedict
short period of time,片刻,cedict
with heart and soul,全心,cedict
course of time,天时,cedict
to side with,偏袒,cedict
to publish along with,配发,cedict
out-of-season drug testing,飞行检查,cedict
out of reach,遥不可及,cedict
without any sense of shame,无耻,cedict
out of date,老掉牙,cedict
out-of-date customs,旧皇历,cedict
celebration on opening a business,开业大吉,cedict
to agree with,对茬儿,cedict
to print with carved type,刻印,cedict
to serve as evidence,作证,cedict
dripping with gold and silver,穿金戴银,cedict
to speak frankly with assurance,侃侃而谈,cedict
not a chance,没戏,cedict
money to gamble with,赌资,cedict
out of food,绝粮,cedict
to speak with conviction,言之凿凿,cedict
with fear and trepidation,屏营,cedict
to know what's what,识货,cedict
to view as enemy,敌视,cedict
to establish as separate entities,分立,cedict
to serve as an official,仕宦,cedict
to take by storm,强攻,cedict
to deal with concrete matters,务实,cedict
second year of university,大二,cedict
to engage with secular society,入世,cedict
to offer as tribute,进献,cedict
to deteriorate with age,衰老,cedict
to consider as,评为,cedict
to consider oneself as,自居,cedict
to give up one's profession,辍业,cedict
to remember with emotion,感念,cedict
to concern oneself with,结记,cedict
almost on a par,伯仲之间,cedict
to return with thanks,奉还,cedict
to deal with,周旋,cedict
unable to deal with,顾不得,cedict
out of character,一反常态,cedict
without any fear of consequences,无所畏忌,cedict
to take by ruse,智取,cedict
hard to come by,不可多得,cedict
to ship grain as tax,漕运,cedict
to work at,力拚,cedict
to view as,作为,cedict
to view as profitable,划算,cedict
to view as strangers,视若路人,cedict
to view as trifling,视同儿戏,cedict
to view oneself as,自况,cedict
to collect  as appropriate,酌收,cedict
out of touch,脱钩,cedict
to claim as an excuse,推说,cedict
to sit with legs dangling,跂坐,cedict
to walk with difficulty,步履维艰,cedict
to walk with mincing steps,蹑蹀,cedict
out of shape,走形,cedict
out of print,绝版,cedict
to sell as agent,代销,cedict
bustling with noise and excitement,热闹,cedict
large number of people,济济,cedict
to get away from,抽身,cedict
rice with meat and vegetables,盖浇饭,cedict
to stuff oneself with food,胡吃海塞,cedict
to treat with contempt,漠视,cedict
out of stock,无货,cedict
to remember with longing,想念,cedict
born out of wedlock,非婚生,cedict
to listen with respectful attention,洗耳恭听,cedict
to secure with rope,捆扎,cedict
to treat with disdain,横眉冷对千夫指,cedict
to treat with disrespect,轻侮,cedict
to this day,暨今,cedict
to remember with reverence,谨记,cedict
out of luck,背时,cedict
to shake with fear,摇战,cedict
to explain with notes,注解,cedict
to associate with,交接,cedict
out of fashion,不兴,cedict
to visit as envoy,聘问,cedict
to establish friendly relations with,修好,cedict
to destroy with fire,焚毁,cedict
not a clue,不可端倪,cedict
to perform divination with sticks,抽签,cedict
victory presented on a platter,躺赢,cedict
to charge  with,责成,cedict
to fight evil with evil,以毒攻毒,cedict
to drink with abandon,酣畅,cedict
barbecued food on a skewer,串烧,cedict
to appreciate with surprise,惊赏,cedict
ice  formed on a tree,树挂,cedict
nothing special to look at,其貌不扬,cedict
to kill with an explosion,炸死,cedict
with horses and soldiers gagged,钳马衔枚,cedict
posting on a bulletin board,布告,cedict
stone steps on a mountain,云梯,cedict
to achieve with difficulty,勉勉强强,cedict
to elect as,评为,cedict
to treat as,以此为,cedict
to gorge oneself with food,大吃特吃,cedict
to reciprocate with material assistance,有无相通,cedict
attack on a flank,夹击,cedict
to refine with fire,试炼,cedict
in that crazy way,竟然,cedict
to pick fault with,找茬,cedict
out of tune,失调,cedict
to cite as evidence,引证,cedict
to get one's money back,捞本,cedict
if and only if,当且仅当,cedict
to kill with an ax,砍死,cedict
to join with glue,胶合,cedict
to serve as,以资,cedict
to serve as an adviser,参赞,cedict
to serve as forced labor,顶包,cedict
to serve as lookout,观风,cedict
to serve as stopgap,充数,cedict
out of bounds,禁足,cedict
army on a distant expedition,远征军,cedict
to fit with,相合,cedict
on a massive scale,大面积,cedict
with regard to,说起,cedict
to regard as an enemy,视如寇仇,cedict
random period of time,随机时间,cedict
to join with,相接,cedict
to join with rivets,铆接,cedict
out of plumb,歪斜,cedict
out of practice,生疏,cedict
out of sorts,不爽,cedict
to rake with machine gunfire,扫射,cedict
to identify oneself with,认同,cedict
to identify with,认定,cedict
to tremble with fear,吓得发抖,cedict
to tell or talk about,叙述,cedict
to shiver with fear,震栗,cedict
to sign as guarantor,人保,cedict
on a daily basis,逐日,cedict
on a deemed basis,核定,cedict
on a monthly basis,逐月,cedict
unfolding on a magnificent scale,波澜壮阔,cedict
reluctance to leave this world,凡心,cedict
to list as wanted,通缉,cedict
to handle matters with ease,应付自如,cedict
to leave this world,弃世,cedict
limited period of time,限时,cedict
period of time,工夫,cedict
to replace with,换成,cedict
to recall with emotion,感怀,cedict
to regard as,以此为,cedict
to regard as unimportant,看淡,cedict
to regard as useless,视如土芥,cedict
to regard oneself as,自认,cedict
to function as rivals,分庭抗礼,cedict
to choose as,评为,cedict
to fill gaps with seedlings,补苗,cedict
to fill with stuffing,夹心,cedict
wok with a long handle,炒勺,cedict
to arrive as planned,如约而至,cedict
to advance with difficulty,趑趄,cedict
to look down from above,下视,cedict
to burn with anxiety,心急火燎,cedict
to put up one's hand,举手,cedict
to throb with pain,抽痛,cedict
start of literary work,开篇,cedict
to exchange vows with,情定,cedict
to burn with rage,冒火,cedict
to conduct oneself with dignity,自重,cedict
to consult with,协商,cedict
fed up of hearing,听腻了,cedict
to compete with,别苗头,cedict
to place side by side,并拢,cedict
to sing with solemn fervor,悲歌,cedict
to decline with sincere thanks,恳辞,cedict
to give up all hope,绝望,cedict
to exhibit as broadcast,展播,cedict
to choke with emotion,哽咽,cedict
to mix with,交结,cedict
to mix with others,周旋,cedict
to avoid as taboo,切忌,cedict
to decorate with tin foil,贴锡箔,cedict
to conflict with,抵牾,cedict
to make one's good name,露脸,cedict
to know what's up,识时达务,cedict
time of death,死期,cedict
a ban on logging,禁伐,cedict
to burst with joy,心花怒放,cedict
to recite with ease,朗朗上口,cedict
right of first refusal,优先承购权,cedict
to sigh with regret,慨叹,cedict
to destroy with explosives,炸毁,cedict
to beam with joy,喜冲冲,cedict
to burst with rage,气炸,cedict
to bond with,结盟,cedict
to interact socially with,招接,cedict
to cope with,因应,cedict
to cure ills with poison,以毒攻毒,cedict
to admire with gratitude,感佩,cedict
to behave with integrity,做人,cedict
to suffer from pent-up frustrations,郁结,cedict
to know all about,备悉,cedict
to spend all one's money,花光,cedict
to conform with destiny,应运,cedict
to ally oneself with,结盟,cedict
to gaze with reverence,瞻拜,cedict
to accord with,合于,cedict
to coordinate with,配合,cedict
to roar with laughter,哄笑,cedict
to merge with,相接,cedict
inscription on a tablet,碑文,cedict
to mean what one says,说话算话,cedict
hanging on a thread,风中之烛,cedict
to come by,弄到,cedict
to blush with shame,汗颜,cedict
to drip with sweat,挥汗如雨,cedict
to interfere with,耽误,cedict
to fume with rage,冒烟,cedict
to mess with,乱搞,cedict
to mess with something,胡搞,cedict
to provoke with words,敲敲打打,cedict
to come from far away,远道而来,cedict
to bow with clasped hands,打拱,cedict
to weep with grief,悲泣,cedict
pointer on a gauge,指针,cedict
to collaborate with,勾结,cedict
to detain as criminal,刑事拘留,cedict
to correlate with,照应,cedict
to cure constipation with laxatives,润肠通便,cedict
to stiffen cloth with starch,浆硬,cedict
to choke with grief,悲哽,cedict
to toy with,玩弄,cedict
to comply with,依从,cedict
a souvenir on leaving,留别,cedict
to disdain as beneath contempt,不屑一顾,cedict
to prevail with difficulty,力克,cedict
to wail with grief,悲啼,cedict
to cultivate friendship with neighbors,修睦,cedict
to rumble with thunder,打雷,cedict
to flush with annoyance,作色,cedict
a generalization based on observation,定律,cedict
on a shoestring,小本,cedict
to expose as false,打假,cedict
to tease with sexual innuendo,吃豆腐,cedict
to dispense with,摈除,cedict
to scrub with an abrasive,磨砂,cedict
to bluff one's way out,蒙混过关,cedict
to outfit with,配备,cedict
to choke with sobs,哽咽,cedict
with an ax to grind,醉翁之意不在酒,cedict
to fiddle with,乱动,cedict
to curry favor with,巴结,cedict
to grimace with displeasure,甩脸子,cedict
to collide with,相撞,cedict
to prophesy with supernatural accuracy,料事如神,cedict
to create from other material,脱胎换骨,cedict
to trifle with,玩忽,cedict
to commune with,神交,cedict
to revere as sole orthodoxy,独尊,cedict
to juggle with words,玩弄词藻,cedict
to tinker with,鼓捣,cedict
to collude with,勾手,cedict
to go out into society,涉世,cedict
to persevere with,坚持,cedict
to grapple with,捉住,cedict
to tamper with,乱动,cedict
to vie with,抗衡,cedict
to meddle with,乱动,cedict
to imbue with,灌输,cedict
to dally with,玩弄,cedict
to dally with women,偷鸡摸狗,cedict
to ingratiate oneself with,献媚,cedict
to empathize with,神入,cedict
to harmonize with,融合,cedict
to sympathize with,同情,cedict
to thicken with cornstarch,勾芡,cedict
to set off by contrast,映衬,cedict
to look straight at,直视,cedict
to behave informally as equals,抗礼,cedict
to pose as,佯装,cedict
to get one's just deserts,也有今天,cedict
to live out one's life,了却此生,cedict
to masquerade as an opponent,反串,cedict
to wander as minstrel,吟游,cedict
to enjoy while one can,今朝有酒今朝醉,cedict
with a heavy hand,高压手段,cedict
to classify as,归入,cedict
to let go one's hold,放手,cedict
to disguise oneself as,伪装,cedict
to feel at home anywhere,四海为家,cedict
first section of large intestine,升结肠,cedict
length of time,时候,cedict
to denounce  as,打成,cedict
as to,来讲,cedict
commonly referred to as,俗称,cedict
to shelve as useless,废置,cedict
ahead of his time,生不逢时,cedict
right of way,路权,cedict
house with a courtyard,宅院,cedict
woman with a manly spirit,巾帼须眉,cedict
all show and no substance,虚头巴脑,cedict
time of birth,产期,cedict
subject of literary work,题旨,cedict
a place buzzing with activity,熙来攘往,cedict
most willing to do,心甘情愿,cedict
to know from experience,体会,cedict
interval of time,空档,cedict
to look angrily at,嗔视,cedict
to look at,目视,cedict
to look carefully at,察看,cedict
to look closely at,审视,cedict
to look squarely at,平视,cedict
unbearable to look at,不堪入目,cedict
unpleasant to look at,辣眼睛,cedict
to get one's breath back,缓气,cedict
year of bad harvest,恶岁,cedict
work of art,艺术品,cedict
right to protection by law,受法律保护权,cedict
encounter with a beautiful woman,艳遇,cedict
object of everyday use,常用品,cedict
to this end,有鉴于此,cedict
fourth year of university,大四,cedict
third year of university,大三,cedict
to adopt or carry out,采取,cedict
to shy away from work,躲懒,cedict
volume of use,使用量,cedict
new lease of life,九死一生,cedict
with everyone lending a hand,七手八脚,cedict
to drive at high speed,开快车,cedict
software as a service,软件即服务,cedict
ease of use,易用性,cedict
first letter of word,头文字,cedict
to exert all one's force,狠劲,cedict
to take leave from indefinitely,无期别,cedict
as a group,联袂,cedict
to say one's prayers,祷念,cedict
to depart this life,长逝,cedict
to live at home,居家,cedict
to write by hand,手写,cedict
stem of any chinese cabbage,菜心,cedict
one-to-one correspondence,一一对应,cedict
platform as a service,平台即服务,cedict
quality of work,粗细,cedict
well-known piece of music,名曲,cedict
group of people,一拨儿,cedict
of everyday use,日用,cedict
terms of use,使用条款,cedict
infrastructure as a service,基础设施即服务,cedict
leave it in your hands,悉听尊便,cedict
to do things right,有方,cedict
unable to do anything right,成事不足，败事有余,cedict
style of work,作风,cedict
number of people,人数,cedict
number of people killed,死亡人数,cedict
with a big smile,粲然,cedict
to play at politics,权术,cedict
to describe at great length,铺陈,cedict
in that case,然则,cedict
to exist side by side,并立,cedict
to black out or obliterate,抹黑,cedict
small as a mite,点大,cedict
to consolidate at every step,步步为营,cedict
year of famine,凶年,cedict
to travel at high speed,疾驶,cedict
to force one's way into,挤进,cedict
to increase bit by bit,层层加码,cedict
similar class of people,流辈,cedict
to find oneself at,处在,cedict
to cover up or conceal,遮掩,cedict
to do good,积德,cedict
to do good works,行善,cedict
one and all,一干二净,cedict
to study at school,修业,cedict
with a common purpose,统一思想,cedict
registration as a current student,学籍,cedict
as a result,到头来,cedict
all talk and no action,光说不练,cedict
way of life,生活方式,cedict
famous at home and abroad,蜚声海外,cedict
to start over from scratch,重起炉灶,cedict
up to one's old tricks,故伎重演,cedict
to flow at great speed,奔流,cedict
to feel ill at ease,心神不安,cedict
in order that,俾使,cedict
to exert all one's strength,使劲,cedict
at sb's beck and call,俯首帖耳,cedict
first book of chronicles,历代志上,cedict
first book of kings,列王纪上,cedict
first book of samuel,撒母耳记上,cedict
superficial acquaintance with a subject,略知皮毛,cedict
to screen or filter out,筛除,cedict
light as a feather,轻飘飘,cedict
at home and abroad,国内外,cedict
to think or act alike,一条心,cedict
ax with a wide blade,宽斧,cedict
first rays of morning sun,晨曦,cedict
to make basic or alkaline,碱化,cedict
to do business together,合办,cedict
with a sad air,面带愁容,cedict
feelings of first love,初恋感觉,cedict
first awakening of love,情窦初开,cedict
to believe what one hears,听信,cedict
by water and land,水陆,cedict
to clear out one's stock,清仓,cedict
self-respect of old person,老脸,cedict
he county in guangxi,贺县,cedict
to stay idle at home,赋闲,cedict
point of special interest,热点,cedict
with a direct gaze,青眼,cedict
to go beyond one's authority,越权,cedict
to devote all one's energies,不惜血本,cedict
to stay at home,家居,cedict
as a rule,照例,cedict
of very poor quality,恶劣,cedict
to exhaust all one has,倾箱倒箧,cedict
to feel at ease,是味儿,cedict
to make one's home,安身,cedict
to turn up one's nose,傲视,cedict
to order by force,强令,cedict
main subject of long novel,正传,cedict
people's bank of china,中国人民银行,cedict
discussion between heads of state,首脑会谈,cedict
to board at school,住校,cedict
to take up time,花时间,cedict
first sign of budding talent,初露才华,cedict
first sign of emerging talent,初露头角,cedict
point of sale system,销售时点情报系统,cedict
berber people of north africa,柏柏尔,cedict
in it,在内,cedict
person of good character,好鸟,cedict
to teach by example,身教,cedict
very short of,奇缺,cedict
by and large,大抵,cedict
to save bit by bit,积攒,cedict
to get one's big break,鲤鱼跳龙门,cedict
what one hears and sees,所见所闻,cedict
number of revolutions per minute,转速,cedict
to make one's mouth water,馋人,cedict
leave of absence without pay,停薪留职,cedict
all dead and no survivors,靡有孑遗,cedict
sale of second-hand goods,旧货市场,cedict
lovely as a flower,貌美如花,cedict
to manage by painstaking effort,惨淡经营,cedict
to call at,停靠,cedict
to point at,对准,cedict
under secretary of state,国务次卿,cedict
to drift along or about,漂流,cedict
bag with a zipper,拉链袋,cedict
new generation of youths,新新人类,cedict
to set store by,宝贵,cedict
to run away from home,跷家,cedict
with a shock,赫然,cedict
with a thunderous noise,哗啦一声,cedict
to meet by chance,偶遇,cedict
with a loud bang,轰然,cedict
straight as a ramrod,笔挺,cedict
group photo of whole family,合家欢,cedict
to live away from home,寄居,cedict
amiable as a spring breeze,春风和气,cedict
shopping as a fun pastime,瞎拼,cedict
many different kinds of,诸般,cedict
of many different kinds,繁多,cedict
with a crash,哗啦,cedict
to get one's money's worth,够本,cedict
to do without,或缺,cedict
to do without prepared notes,脱稿,cedict
what one hopes to gain,标的,cedict
pension granted as a favor,恩俸,cedict
to depart this mortal coil,仙逝,cedict
to inform by letter,函送,cedict
first sunday of lent,四旬节,cedict
to rent out one's land,租佃,cedict
to sell at marked price,标卖,cedict
blind as a bat,有眼无珠,cedict
quantity used as a parameter,参量,cedict
with a worried frown,愁眉不展,cedict
current way of doing things,风尚,cedict
to become related by marriage,做亲,cedict
bay serving as a harbor,港湾,cedict
model teacher of every age,万世师表,cedict
second section of large intestine,横结肠,cedict
sausage with a starchy filling,灌肠,cedict
resident of new york,纽约客,cedict
to meet by accident,撞见,cedict
with a swagger,大剌剌,cedict
to do hard physical labor,搬砖,cedict
to rule by law,法治,cedict
to reduce by half,减半,cedict
people's republic of bangladesh,孟加拉人民共和国,cedict
to sew by hand,手缝,cedict
beast slaughtered as a sacrifice,牺牲,cedict
slim as a thread,纤瘦,cedict
people's democratic republic of korea,朝鲜民主主义人民共和国,cedict
people's republic of china,中华人民共和国,cedict
people's republic of mongolia,蒙古人民共和国,cedict
huge crowds of people,人从众𠈌,cedict
to close by coming together,闭合,cedict
to do business,做生意,cedict
to increase income by,增收,cedict
to know one's place,安分守己,cedict
crowd of people,人丛,cedict
person of high rank,贵人,cedict
world of its own,别有天地,cedict
published as a serial,连载,cedict
to take one's last breath,气绝,cedict
vast multitude of people,过江之鲫,cedict
first glimmer of dawn,晨曦,cedict
of great service,大有裨益,cedict
writing as a livelihood,砚田,cedict
to talk at length,费话,cedict
people of ancient times,古人,cedict
stories of ancient people,遐迹,cedict
growing as a thicket,丛生,cedict
to stand at attention,站军姿,cedict
number of print run,印次,cedict
first manchu invasion of korea,丁卯战争,cedict
to deserve what one gets,咎有应得,cedict
rule of man,人治,cedict
to fight at close quarters,短兵相接,cedict
place of cultural interest,人文景观,cedict
place of interest,着眼点,cedict
having nothing better to do,吃饱了饭撑的,cedict
to do better,上进,cedict
stream of people,人流,cedict
a make-or-break matter,存亡攸关,cedict
to get one's name,得名,cedict
to say what everyone says,人云亦云,cedict
to use one's own discretion,酌处,cedict
to win at pubg,吃鸡,cedict
to cry one's heart out,哭得死去活来,cedict
to come from,来自,cedict
first epistle of peter,彼得前书,cedict
first epistle of st john,约翰一书,cedict
influential family of long standing,大宗,cedict
to step down from office,下野,cedict
to nibble away at,蚕食,cedict
village of three households,三家村,cedict
every kind of animal,百兽,cedict
to practice what one preaches,身体力行,cedict
to stay out all night,夜不归宿,cedict
maasai people of kenya,马赛族,cedict
tokharian people of central asia,吐火罗人,cedict
to cover up one's embarrassment,遮羞,cedict
to do scholarly research,治学,cedict
to do textual research,考证,cedict
person of low social status,小人,cedict
to mention by name,指名,cedict
to take off one's shoes,脱鞋,cedict
end of school,散学,cedict
to pour one's heart out,倾吐衷肠,cedict
to pour out one's heart,倾吐胸臆,cedict
person of great ability,人尖儿,cedict
to make one's mark,出名,cedict
to live by writing,砚耕,cedict
to talk at random,胡诌,cedict
member of police force,保安人员,cedict
a point by point commentary,评点,cedict
to prevent by force,力阻,cedict
cape of good hope,好望角,cedict
to lay out one's products,展列,cedict
every manifestation of nature,万象,cedict
to make one's stage debut,打炮,cedict
to transport by water,漕运,cedict
to tie up one's hair,束发,cedict
to get one's hands free,腾出手,cedict
member of another religion,异教徒,cedict
to know very little about,知之甚微,cedict
to give or spend money,爆金币,cedict
to idle away one's time,不事生产,cedict
to idle one's time away,无所事事,cedict
to increase by degrees,递增,cedict
to climb step by step,步步高升,cedict
to wear out one's lips,磨破嘴皮子,cedict
son of man,人子,cedict
to stomp or hop about,跳脚,cedict
to travel at double speed,兼程,cedict
back of neck,项颈,cedict
to crowd at sb's door,踏破门槛,cedict
to work one's butt off,脱皮掉肉,cedict
to force one's way through,挤过,cedict
to support by coordinated action,策应,cedict
to march at parade step,正步走,cedict
to blow one's brain out,脑袋开花,cedict
start of play,开台,cedict
content and at ease,恬愉,cedict
to get one's period,来潮,cedict
end of term examination,期考,cedict
to stick out one's tongue,吐舌头,cedict
every kind of cereal crop,百谷,cedict
to say straight out,直陈,cedict
to employ by an examination,甄录,cedict
to employ by examination,甄用,cedict
to occupy by force,强占,cedict
to suppress by armed force,讨伐,cedict
transfer between modes of transport,换乘,cedict
feudal way of thinking,封建思想,cedict
theory of free play,游戏说,cedict
to exceed by far,远超过,cedict
to patch up one's lie,圆谎,cedict
to just escape from calamity,大难不死,cedict
to empty out one's pocket,倾囊,cedict
to send by post,投寄,cedict
back of tongue,舌根,cedict
way of doing an activity,玩法,cedict
way of eating,吃法,cedict
way of expressing something,措词,cedict
way of proceeding,进路,cedict
way of speaking,说法,cedict
way of thinking,心态,cedict
to-do list,待办事项列表,cedict
to beat one's brains out,费尽心机,cedict
to learn by heart,记住,cedict
rise of water level,涨水,cedict
to let slip by,放过,cedict
to stick out one's lips,努嘴,cedict
to reason by analogy,类推,cedict
perfectly happy to do,心甘情愿,cedict
to decide by vote,票决,cedict
end of month,月末,cedict
head of state,元首,cedict
visiting head of state,国宾,cedict
to excel by far,全胜,cedict
to close at,报收,cedict
encumbered by wife and children,携眷,cedict
confident and at ease,潇洒,cedict
every  kind of,形形色色,cedict
to seize by force,劫夺,cedict
a hundred or so,百儿八十,cedict
to step back from involvement,抽离,cedict
to pull one's socks up,发奋图强,cedict
day of tryst,佳期,cedict
day of commemoration,纪念日,cedict
vain regrets of old age,老大徒伤悲,cedict
long queue of slow-moving traffic,车龙,cedict
member of religious order,修士,cedict
meeting of such an association,标会,cedict
to laugh up one's sleeve,偷笑,cedict
infirmities of old age,老态,cedict
to stay away from home,旅居,cedict
improvise by trial-and-error,摸石头过河,cedict
to stand by,不离不弃,cedict
to throw up one's hands,摊手,cedict
to take one's life,自行了断,cedict
second month of summer,仲夏,cedict
to teach by correspondence,函授,cedict
to teach by demonstration,示教,cedict
to do closed beta  testing,内测,cedict
to sell at auction,拍出,cedict
carefree and at ease,安闲舒适,cedict
place of issue,签发地点,cedict
to push up one's sleeves,捋胳膊,cedict
horse capable of long expedition,征马,cedict
of great concern,攸关,cedict
to stop at,停靠,cedict
to stop at nothing,无所不至,cedict
beset by hunger and cold,饥寒交迫,cedict
to do sentry duty,放哨,cedict
to pour out one's grievances,倒苦水,cedict
to pour out one's sufferings,吐苦水,cedict
pearl of great price,无价珍珠,cedict
man of mature years,欧吉桑,cedict
man of steel,硬汉,cedict
to do military training,军训,cedict
anxious to do battle,灭此朝食,cedict
member of local militia,团丁,cedict
to sell at reduced prices,处理,cedict
strip of high ground,埂子,cedict
shrine of especially high status,神宫,cedict
to blot out one's conscience,瞒心昧己,cedict
esthetic point of view,审美观,cedict
historical point of view,史观,cedict
point of view,观点,cedict
to do an inventory count,点货,cedict
large sum of money,大钱,cedict
to benefit at others' expense,占便宜,cedict
full of life,生机盎然,cedict
to lose by theft,失窃,cedict
to prick up one's ear,倾耳,cedict
full of interest,有滋有味,cedict
to get one's hair layered,打层次,cedict
to do battle,对战,cedict
undergraduate course of study,大学部,cedict
to reduce by fifty percent,折半,cedict
to remain unconvinced by,不服,cedict
man of honor,正人君子,cedict
man of letters,文学家,cedict
permanent member of council,常务理事,cedict
to do odd jobs,打杂,cedict
course of study,教程,cedict
at sixes and sevens,七上八下,cedict
married woman of mature age,师奶,cedict
bearer of good news,报子,cedict
to peck at food,啄食,cedict
main point of an argument,主调,cedict
to reclaim land by diking,围垦,cedict
to spend one's leisure time,消闲,cedict
second month of autumn,仲秋,cedict
advanced class of primary school,高级小学,cedict
main field of study,专业,cedict
of little value,不值钱,cedict
to send by registered mail,挂号,cedict
small sum of money,散钱,cedict
to make one's fortune,发迹,cedict
to sell by tender,标售,cedict
to die by violence,横死,cedict
system of job responsibility,责任制,cedict
act of god,不可抗拒,cedict
to stay at,住宿,cedict
to do magic tricks,变把戏,cedict
to put one's efforts into,力拚,cedict
to shoot at enemy planes,对空射击,cedict
state administration of foreign exchange,国家外汇管理局,cedict
to make one's debut,出道,cedict
single point of failure,单点故障,cedict
to do something stupid,犯傻,cedict
to learn by rote,死背,cedict
to do manual labor,做生活,cedict
to do evil,作恶,cedict
start of month,月初,cedict
to treat by acupuncture,针刺,cedict
to treat by radiotherapy,放疗,cedict
to obtain by an effort,争得,cedict
to distinguish right from wrong,是非分明,cedict
to travel by ship,乘船,cedict
lower house of bicameral assembly,众议院,cedict
woman of easy virtue,野花,cedict
collar part of horse harness,套包,cedict
set of real numbers,实数集,cedict
beset by poverty and illness,贫病交迫,cedict
to make one,令人,cedict
to make one's judgment,评定,cedict
to make one's salutations,行礼,cedict
to make one's views known,大声疾呼,cedict
to arrive at,到得,cedict
member of council,理事,cedict
to leave some time free,留空,cedict
to pass by,行经,cedict
to destroy  by fire,烧毁,cedict
right of abode,居留权,cedict
right of attribution,归属权,cedict
right of inheritance,继承权,cedict
right of ownership,拥有权,cedict
perturbed state of mind,七上八下,cedict
state of mind,心气,cedict
unquiet state of mind,心绪不宁,cedict
long-established rules of conduct,遐轨,cedict
to do beta testing,公测,cedict
white head of hair,皓首,cedict
to run away from trouble,逃难,cedict
to do ensemble dancing,跳集体舞,cedict
to do whatever is expedient,权变,cedict
to pick at,指点,cedict
child of an official,衙内,cedict
minister of state,国务总理,cedict
to do an encore,返场,cedict
number of military unit,番号,cedict
to do gymnastics,做操,cedict
to know all under heaven,通天彻地,cedict
treasure house of knowledge,知识宝库,cedict
to do meth,溜冰,cedict
to do meritorious deeds,修好,cedict
to aim at,问鼎,cedict
to do planchette writing,扶乩,cedict
having nothing to do,无关,cedict
things to do,活儿,cedict
to actually do,实操,cedict
to do,作下,cedict
to do  oneself,自己动手,cedict
to do an outcall,出钟,cedict
to do embroidery,绣花,cedict
to do exercises,做操,cedict
to do fitness exercises,健美,cedict
to do needlework,做针线,cedict
to do overtime,加点,cedict
to do sb's bidding,从命,cedict
to do shadowboxing,打拳,cedict
to do something deliberately,刻意为之,cedict
to do tai chi,练功,cedict
to do things recklessly,愣干,cedict
to do things slowly,摸索,cedict
initial show of strength,下马威,cedict
state of matter,态子,cedict
to launch an all-out attack,大张挞伐,cedict
to identify by smell,闻出,cedict
to plant  by sowing seed,播种,cedict
relations between levels of production,生产关系,cedict
name of country,国名,cedict
second book of chronicles,历代志下,cedict
second book of kings,列王纪下,cedict
second book of moses,出埃及记,cedict
second book of samuel,撒母耳记下,cedict
united states house of representatives,美国众议院,cedict
to raise prices by speculation,炒热,cedict
to sign  purchased by fans,签售,cedict
fantastic oddities of every description,千奇百怪,cedict
corner of eye near temple,眼梢,cedict
to blend into one another,浑然一体,cedict
to improve oneself by practice,磨砺,cedict
another sort of,别样,cedict
five sense organs of tcm,五官,cedict
many generations of ancestors,积祖,cedict
many schools of thought,百家,cedict
to remit by post,邮汇,cedict
narrative of long journey,征传,cedict
level of support,支持度,cedict
to throw at,投掷,cedict
war of resistance against japan,抗日战争,cedict
to exchange vows at,情定,cedict
of good reputation,名闻,cedict
international system of units,国际单位制,cedict
to laugh at,哂笑,cedict
to laugh at oneself,自嘲,cedict
of every description,各色,cedict
school of mind,心学,cedict
facial expression of good fortune,福相,cedict
part of speech,词性,cedict
part-of-speech tagging,词性标注,cedict
to kill by poisoning,毒杀,cedict
to poke fun at,嘲弄,cedict
regular pattern of life,起居,cedict
to vote by ballot,票选,cedict
final month of summer,季夏,cedict
total number of times,总次数,cedict
to choose by oneself,自选,cedict
to choose officials by divination,枚卜,cedict
to retire from public life,屏退,cedict
report of success,捷报,cedict
to declare at customs,报关,cedict
to influence by applying leverage,撬动,cedict
point of sale,销售时点,cedict
to commit suicide by hanging,投缳,cedict
incapable of further increase,无以复加,cedict
world of science,科学界,cedict
if it were not for,要不是,cedict
to stare at,定睛,cedict
to stare fixedly at,凝望,cedict
source of easy money,摇钱树,cedict
to get one's fingers burnt,玩火自焚,cedict
to get one's wires crossed,秀逗,cedict
to get whatever one wants,要风得风，要雨得雨,cedict
to travel by,搭乘,cedict
to travel by motorcycle,摩旅,cedict
to tear at,撕咬,cedict
name of product,品名,cedict
point of difference,分至点,cedict
to take one's leave,作别,cedict
to complement one another well,相得益彰,cedict
us department of state,美国国务院,cedict
to obtain by fraud,诈领,cedict
to damage by calumny,诬害,cedict
to damage by scratching,划伤,cedict
to shout at,叱喝,cedict
third section of large intestine,降结肠,cedict
long years of oppression,长夜难明,cedict
final month of spring,季春,cedict
final month of winter,季冬,cedict
to cast amorous glances at,眉目传情,cedict
to fly by,飞转,cedict
free expression of different views,群言堂,cedict
to give or accept bribes,纳贿,cedict
to wander far from home,流落他乡,cedict
to obtain confessions by compulsion,逼供信,cedict
to connect by marriage,联姻,cedict
another cup of tea,另当别论,cedict
court of final appeal,终审法院,cedict
to crash one's way through,闯过,cedict
to check by listening,试听,cedict
shan state of east myanmar,掸邦,cedict
to obtain by impersonation,冒领,cedict
great extinction of species,生物大灭绝,cedict
indicator of water level,水表,cedict
to gaze at,凝望,cedict
to gaze intently at,盯牢,cedict
to gain by cheating,骗取,cedict
to compact earth by ramming,捣实,cedict
to highlight by contrast,烘衬,cedict
to murder by poison,屠毒,cedict
to disturb by noise,喧扰,cedict
to manufacture by weaving,织造,cedict
length of military service,军龄,cedict
name of an official post,祈望,cedict
to transport by crane,吊运,cedict
at a great speed,急速,cedict
to hint at,暗指,cedict
to injure by straining,拉伤,cedict
to dry  by airing,晾干,cedict
to marvel at,惊羡,cedict
to stick by,仗义,cedict
of high reputation,籍籍,cedict
to launder clothes by pounding,捣衣,cedict
to keep away from,远离,cedict
to peer at,张望,cedict
of great literary talent,斐然,cedict
to clutch at straws,捞稻草,cedict
to glare at,怒目而视,cedict
a wooden word-by-word reading,照本宣科,cedict
secretary of state,国务卿,cedict
to tug at,拉拉扯扯,cedict
to blink at,闪眼,cedict
vast body of water,汪洋,cedict
at a dead end,日暮途穷,cedict
different kind of,别样,cedict
from person to person,辗转,cedict
point of division,分点,cedict
to wink at,挤咕,cedict
to gape at,看呆,cedict
to mix by shaking,摇匀,cedict
to sneer at,嗤笑,cedict
to excel at,见长,cedict
to peep at,窥视,cedict
to jeer at,嘲笑,cedict
to scoff at,嗤之以鼻,cedict
to connive at,放纵,cedict
group of horse-mounted bandits,马贼,cedict
to hide by burying,埋藏,cedict
to find out about,窥知,cedict
presidential term of office,总统任期,cedict
term of office,任期,cedict
quality of service,服务质量,cedict
a hundred or more,百余,cedict
place of birth,出生地点,cedict
art of politics,权术,cedict
to give up work,辍业,cedict
of great talent,才高八斗,cedict
to execute by firing squad,枪毙,cedict
quotation of market price,行情,cedict
set pattern of behavior,一套,cedict
overlapping ranges of high mountains,山峦重叠,cedict
to expose by corrosion,剥蚀,cedict
history full of suffering,血泪史,cedict
to destroy by smashing,撞烂,cedict
to transcribe by ear,听写,cedict
denial-of-service attack,拒绝服务攻击,cedict
early stage of pregnancy,早孕,cedict
place of origin,原地,cedict
end of quote,引号完,cedict
institutionalized system of discipline,规训,cedict
speed of hand movement,手速,cedict
strip of lead,铅条,cedict
range upon range of mountains,层峦,cedict
to punish by protracted kneeling,罚跪,cedict
to grade by examination,甄别考试,cedict
body of water,水域,cedict
to feel one's way forward,摸着石头过河,cedict
to punish by flogging,扑责,cedict
encyclopedia of china publishing house,中国大百科全书出版社,cedict
to pale by comparison,相形见绌,cedict
artificial show of seriousness,故作端庄,cedict
to execute by hanging,绞刑,cedict
to polish by grinding,研磨,cedict
to perceive by smelling,闻到,cedict
book of job,约伯记,cedict
house of flying daggers,十面埋伏,cedict
house of representatives,众议院,cedict
to make no sense,不知所谓,cedict
to eliminate by examination,甄汰,cedict
great pagoda of yangon,仰光大金塔,cedict
to thresh grain by rolling,轧场,cedict
to humiliate by torture,刑辱,cedict
great firewall of china,防火长城,cedict
great migration of peoples,民族大迁徙,cedict
book of history,尚书经,cedict
court of law,法庭,cedict
to comprehend  by analogy,触类旁通,cedict
prime of life,壮年,cedict
change of rhyme,转韵,cedict
dharma-character school of buddhism,法相宗,cedict
port of call,停靠港,cedict
to divine by astrology,占星,cedict
to go no farther,止步,cedict
to extort confession by torture,刑求,cedict
to divine by tossing coins,卜课,cedict
place of ancestry,乡贯,cedict
change of appearance,改观,cedict
change of dynasties,鼎革,cedict
change of leader,更代,cedict
change of meaning,意义变化,cedict
figure of eight,八字形,cedict
place of entertainment,娱乐场,cedict
place of judgment,裁判所,cedict
place of production,产区,cedict
place of residence,居住地,cedict
to verify by comparing,比对,cedict
to cheat by copying,做小抄,cedict
predestined length of life,寿数,cedict
to complain about one's fate,怨命,cedict
a place far from home,异乡,cedict
length of life,寿限,cedict
length of married life,婚龄,cedict
alternative course of action,后路,cedict
to zip by,呼啸而过,cedict
person from a particular place,人氏,cedict
at a loose end,前途渺茫,cedict
to abide by,信守,cedict
to scrupulously abide by,恪守,cedict
to strictly abide by,凛遵,cedict
to agglomerate ore by burning,烧结,cedict
school of principle,理学,cedict
to flit by,一闪而过,cedict
record of actual events,纪实,cedict
to harden by quenching,淬火,cedict
amount of increase,涨幅,cedict
course of disease,病程,cedict
to maximize one's time,抓功夫,cedict
rate of return,投资报酬率,cedict
to know one's stuff,有两下子,cedict
person of noble character,君子,cedict
hold of ship,船舱,cedict
hot piece of real estate,热土,cedict
to use one's mouth,动口,cedict
to win back one's money,翻本,cedict
geographical area of command,军区,cedict
person of mixed blood,混血儿,cedict
international court of justice,国际法院,cedict
both of them,二者,cedict
end of friendship,友尽,cedict
division of general affairs,总务,cedict
a home away from home,宾至如归,cedict
home delivery of meal,送餐,cedict
prc system of compulsory registration,户口制度,cedict
short of money,手紧,cedict
li ethnic group of hainan,黎族,cedict
mulao ethnic group of guangxi,姆佬,cedict
fundamental essence of life,元神,cedict
conflict of interest,利害冲突,cedict
prc ministry of state security,国安部,cedict
to benefit from both sides,左右逢源,cedict
woman of mature years,欧巴桑,cedict
name of several historical figures,石渠,cedict
name of several rivers,洛河,cedict
point of an awl,锥尖,cedict
ancient state of central asia,大宛,cedict
point of disagreement,分歧点,cedict
point of divergence,分至点,cedict
point of intersection,交叉点,cedict
point of penetration,突破点,cedict
minister of war,司马,cedict
god of water,共工,cedict
to hide from public view,匿影藏形,cedict
system of nomenclature,命名系统,cedict
system of polynomial equations,多项式方程组,cedict
field of study,科目,cedict
state of emergency,紧急状态,cedict
republican system of government,共和政体,cedict
system of appeals,审级制度,cedict
system of constitutional government,宪制,cedict
system of enfeoffment,分封制,cedict
system of government,政体,cedict
system of ownership,所有制,cedict
system of representing spoken sounds,标音法,cedict
system of rites,礼制,cedict
system of thought,思想体系,cedict
to set off one another,相衬,cedict
set of rational numbers,有理数集,cedict
best of its kind,尖子,cedict
stage name of cyndi wang,王心凌,cedict
rate of success,成活率,cedict
art of war,兵法,cedict
rule of law,法治,cedict
seal of state,国玺,cedict
to take one's chance,押宝,cedict
to develop one's own school,别树一帜,cedict
group of islands,群岛,cedict
tung wah group of hospitals,东华三院,cedict
object symbolic of imperial power,神器,cedict
to use one's brain,动脑,cedict
choice of person,人选,cedict
gurgling sound of flowing water,汩汩,cedict
sound of gurgling water,哗哗,cedict
wife of father's elder brother,世母,cedict
to make no comment,不予置评,cedict
history of art,美术史,cedict
product of inferior quality,副品,cedict
prologue of play,开场白,cedict
primary sector of industry,第一产业,cedict
lieutenant governor of us state,副州长,cedict
balance of power,力量均衡,cedict
lack of sticking power,一曝十寒,cedict
term of respect,徽号,cedict
private saving of family members,梯己,cedict
fixed number of years,年限,cedict
number of,套数,cedict
number of animals,多头,cedict
number of clicks,点击数,cedict
number of days,天数,cedict
number of degrees,度数,cedict
number of hits,点击数,cedict
number of infected persons,感染人数,cedict
number of items,件数,cedict
number of laps,圈数,cedict
number of lines,句数,cedict
number of places,名额,cedict
number of seats occupied,卖座,cedict
number of sentences,句数,cedict
number of strings,弦数,cedict
number of times,回数,cedict
number of vaccinations,剂次,cedict
number of votes,票数,cedict
line of project,投影线,cedict
state grid corporation of china,国家电网公司,cedict
south china university of technology,华南理工大学,cedict
general administration of customs,海关总署,cedict
minister of health,厚生相,cedict
woman of distinction,女杰,cedict
to take one's seat,入席,cedict
a door-like or hinged cover,盖门,cedict
to run one's eyes over,扫视,cedict
wife of mother's brother,舅母,cedict
shape of face,脸型,cedict
to make all haste,兼程,cedict
world of mortals,下方,cedict
world of warcraft,魔兽世界,cedict
affairs of state,国务,cedict
existing state of affairs,事态,cedict
kaya state of myanmar,克耶邦,cedict
punjab state of india,旁遮普,cedict
state of affairs,事势,cedict
state of an illness,病情,cedict
state of arizona,亚利桑纳州,cedict
tributary state of china,贡国,cedict
undersecretary of state,副国务卿,cedict
minister of finance,财政部长,cedict
lack of order,无序,cedict
field of view,画面,cedict
so and so,云云,cedict
member of audience,听者,cedict
communist party of china,中国共产党,cedict
communist party of turkey,土共,cedict
communist party of turkmenistan,土共,cedict
communist party of vietnam,越共,cedict
god of love,爱神,cedict
direct line of descent,嫡系,cedict
member of congress,国会议员,cedict
set of  hanging scrolls,屏条,cedict
set of bells,编钟,cedict
set of cards,牌组,cedict
set of coordinated items,套装,cedict
turn of phrase,措词,cedict
term of address,称号,cedict
to give one's life,舍身,cedict
style of study,学风,cedict
course of an expedition,征途,cedict
extent of an increase,升幅,cedict
university of business studies,商学院,cedict
area of mixed habitation,杂居地区,cedict
area of farmland,地亩,cedict
area of subsidence,陷落带,cedict
minato area of downtown tokyo,港区,cedict
elixir of life,不死药,cedict
affairs of life,世事,cedict
life of debauchery,花天酒地,cedict
vicissitudes of life,风尘,cedict
to work part-time while studying,勤工俭学,cedict
center of historic interest,圣地,cedict
to make no secret,堂而皇之,cedict
string of small firecrackers,鞭炮,cedict
full of energy,精神抖擞,cedict
course of action,作法,cedict
course of development,沿革,cedict
course of events,事态发展,cedict
course of treatment,疗程,cedict
to use one's brains,动脑筋,cedict
to use one's discretion,见机行事,cedict
party of compromise,中间派,cedict
mouth full of literary phrases,满口之乎者也,cedict
person of extraordinary talent,奇人,cedict
person of literary talent,词人,cedict
a dozen or more,十数,cedict
main strength of an army,主力,cedict
history of science,科学史,cedict
wife of father's younger brother,叔母,cedict
large numbers of,成群,cedict
large quantities of,大批,cedict
glass cover of oil lamp,灯罩,cedict
title of respect toward superiors,大人,cedict
person of limited capacity,斗筲之材,cedict
master of business administration,企业管理硕士,cedict
family of proposed marriage partner,对家,cedict
to break away from,摆脱,cedict
name of county,县名,cedict
follower of mohist school,墨者,cedict
gelugpa school of tibetan buddhism,格鲁派,cedict
noted school of thought,显学,cedict
satyasiddhi school of buddhism,成实宗,cedict
school of engineering,工学院,cedict
school of management,管理学院,cedict
school of thought,学派,cedict
theravada school of buddhism,上座部,cedict
tiantai school of buddhism,天台宗,cedict
yogachara school of buddhism,唯识宗,cedict
to write one's first,开笔,cedict
to draw support from,借助,cedict
an impossible turn of events,张飞打岳飞,cedict
calamitous turn of events,惨变,cedict
unexpected turn of events,爆冷,cedict
order of odd-toed ungulate,奇蹄目,cedict
from head to foot,从头到脚,cedict
imperial court of judicial review,大理寺,cedict
abuse of power,滥用权力,cedict
public display of affection,狗粮,cedict
section of land,地皮,cedict
to change profession or business,改业,cedict
to lose no time,不失时机,cedict
extermination of an entire family,灭族,cedict
field of research,研究领域,cedict
drop of water,水滴,cedict
name of river,淯水,cedict
cause of death,死因,cedict
unknown cause of death,死因不明,cedict
country of origin,原产国,cedict
person of outstanding talent,翘楚,cedict
person of remarkable talent,英灵,cedict
to pluck up some courage,吃熊心豹子胆,cedict
banknote of small denomination,小票,cedict
huge sum of money,巨款,cedict
second manchu invasion of korea,丙子战争,cedict
of equal value,等值,cedict
total requirement of society,社会总需求,cedict
department of trade,商务部,cedict
level of heat,热度,cedict
department of health,卫生厅,cedict
head of nail,钉头,cedict
playboy of rich family,郎君,cedict
person of virtue,吉士,cedict
department of finance,财税厅,cedict
narrow strip of water,壑沟,cedict
welcome fall of rain,喜雨,cedict
academy of social sciences,社科院,cedict
chinese academy of social sciences,中国社会科学院,cedict
living from hand to mouth,朝不保夕,cedict
full bloom of youth,花样年华,cedict
second epistle of peter,彼得后书,cedict
second epistle of st john,约翰二书,cedict
book bag made of silk,缥囊,cedict
husband of mother's sister,姨丈,cedict
tertiary sector of industry,第三产业,cedict
person of refined temperament,雅人,cedict
to make some additional remarks,补白,cedict
to make some inquiries,打听,cedict
to make no headway,原地踏步,cedict
power of attorney,委托书,cedict
leave of absence request,假条,cedict
executive council of hong kong,行政会议,cedict
bank of east asia,东亚银行,cedict
method of least squares,最小平方法,cedict
head of finances,财长,cedict
loss of love,情变,cedict
rate of traffic flow,车流,cedict
person of foresight,先觉,cedict
army chief of staff,参谋总长,cedict
minister of foreign affairs,外交部长,cedict
plan of salvation,救恩计划,cedict
person of outstanding ability,高才,cedict
westernized person of asian appearance,香蕉人,cedict
consultation of different specialists,会诊,cedict
different manners of speaking,杂说,cedict
lots of different,杂七杂八,cedict
power of discrimination,辨别力,cedict
power of observation,观察力,cedict
power of understanding,悟性,cedict
to take one's revenge,出口气,cedict
trapped beyond hope of rescue,无路可逃,cedict
contour of face,脸盘儿,cedict
volume of water,水量,cedict
to write from memory,默字,cedict
thousands of miles away,远隔千里,cedict
order of magnitude,数量级,cedict
body of basic laws,根本法,cedict
line of command,统属,cedict
ten thousand strings of cash,万贯,cedict
final radiance of setting sun,回光反照,cedict
rate of progress,进度,cedict
family of origin,原生家庭,cedict
to change job or profession,转职,cedict
force of seismic wave,震动力,cedict
minister of criminal justice,司寇,cedict
ancient name of ulan bator,乌尔格,cedict
order of rodents,啮齿目,cedict
free from worry and disturbance,恬逸,cedict
by a small margin,小幅,cedict
limited term of imprisonment,有期徒刑,cedict
term of endearment,爱称,cedict
to work one's shift,当班,cedict
reign name of ming emperor,万历,cedict
reign name of qing emperor,同治,cedict
figure of speech,修辞格,cedict
next of kin,直系亲属,cedict
to go up north,北上,cedict
line of sight,视线,cedict
marathi language of west india,马拉地,cedict
line of battle,阵线,cedict
full of extraordinary things,无奇不有,cedict
ministry of public security,公安部,cedict
medium level of spiciness,中辣,cedict
city of culture,文化城,cedict
husband of father's sister,姑爹,cedict
from start to finish,一贯,cedict
unswerving from start to finish,始终如一,cedict
full of enthusiasm,满腔热忱,cedict
secret stash of money,私房钱,cedict
from beginning to end,前后,cedict
to serve one well,大有裨益,cedict
son orphaned of his mother,哀子,cedict
study of medicine,医学,cedict
north university of china,中北大学,cedict
vigorous modern style of dance,劲舞,cedict
paltry sum of money,五毛,cedict
name of traditional tune,杨柳,cedict
sum of money,数额,cedict
sum of money raised,集资额,cedict
ministry of water resources,水利部,cedict
sign of human habitation,人烟,cedict
delicacies from land and sea,水陆,cedict
meaning of word,词意,cedict
full of implicit meaning,含蕴,cedict
from age to age,世世,cedict
god of fire,火神,cedict
at a complete loss,堕云雾中,cedict
to lay down one's life,捐命,cedict
written estimate of price,报价单,cedict
policy of nuclear intimidation,核威慑政策,cedict
abbreviated name of an entity,代字,cedict
european court of justice,欧洲法院,cedict
to delegate one's work,转托,cedict
distribution of social housing,分房,cedict
full of sorrow,伤怀,cedict
category of leave,假别,cedict
theory of single origin,单源论,cedict
full of vitality,神清气爽,cedict
to look very much like,毕肖,cedict
loss of food taste,味觉迟钝,cedict
sound of quick movement,刺棱,cedict
rate of flow,流速,cedict
crab of family sesarmidae,相手蟹,cedict
full of zest,兴致勃勃,cedict
name of donor,下款,cedict
indo-european family of languages,印欧语系,cedict
full of vim,挥斥方遒,cedict
full of changes,变化多端,cedict
full of flaws,漏洞百出,cedict
full of hidden meaning,含蓄,cedict
full of holes,百孔千疮,cedict
full of honeyed words,口甜,cedict
full of political wisdom,满腹经纶,cedict
full of stratagems,足智多谋,cedict
full of vigor,欢势,cedict
full of worries,忧闷,cedict
full of youthful vigor,年轻气盛,cedict
relative position of exhibition booth,展位,cedict
name of deceased,讳名,cedict
favorable balance of trade,出超,cedict
record of famous men,名人录,cedict
family of officials,宦门,cedict
hamito-semitic family of languages,闪含语系,cedict
name of mythical ape,猳国,cedict
curtain of night,夜幕,cedict
to get up early,早起,cedict
money gift at a funeral,帛金,cedict
love will find a way,有情人终成眷属,cedict
confucian study of ethics,道学,cedict
study of birds,鸟类学,cedict
study of daoism,道学,cedict
study of rocks,岩石学,cedict
force of habit,惯性,cedict
highest level of specification,顶配,cedict
level of illumination,照度,cedict
level of mastery,造诣,cedict
angle of view,视角,cedict
return of spring,回春,cedict
brief period of enthusiasm,三分钟热度,cedict
cause of disease,病原,cedict
reach of influence,影响面,cedict
value of output,产值,cedict
policy of non-recognition,不承认主义,cedict
young pioneers of china,少年先锋队,cedict
department of foreign languages,外文系,cedict
field of blood,血田,cedict
age of wine,酒龄,cedict
to live apart from parents,独立门户,cedict
commission of european union,欧盟委员会,cedict
type of folk dance,小车,cedict
legislative council of macao,澳门立法会,cedict
quality of material,材质,cedict
book of dubious authenticity,伪书,cedict
quantity of electric charge,电量,cedict
husband of wife's older sister,襟兄,cedict
husband of wife's younger sister,襟弟,cedict
to incorporate into one's troops,收编,cedict
method of music notation,记谱法,cedict
book of exodus,出埃及记,cedict
cost of housing,房价,cedict
cost of living,生活费,cedict
cost of storage,栈租,cedict
night of sexual bliss,春宵,cedict
sector of society,界别,cedict
knack of doing business,生意经,cedict
bodies of water,江河湖海,cedict
inflow of water,进水,cedict
water of crystallization,结晶水,cedict
twitching of eye,眼跳,cedict
book of mormon,摩尔门经,cedict
to put down one's burden,息肩,cedict
book of deuteronomy,申命记,cedict
book of daniel,但以理书,cedict
book of esther,以斯帖记,cedict
book of ezekiel,以西结书,cedict
book of ezra,以斯拉记,cedict
book of habakkuk,哈巴谷书,cedict
book of haggai,哈该书,cedict
book of hosea,何西阿书,cedict
book of isaiah,以赛亚书,cedict
book of jeremiah,耶利米书,cedict
book of joel,约珥书,cedict
book of jonah,约拿书,cedict
book of joshua,约书亚记,cedict
book of judges,士师记,cedict
book of leviticus,利未记,cedict
book of malachi,玛拉基书,cedict
book of micah,弥迦书,cedict
book of nahum,那鸿书,cedict
book of nehemiah,尼希米记,cedict
book of numbers,民数记,cedict
book of obadiah,俄巴底亚书,cedict
book of ruth,路得记,cedict
book of zechariah,撒迦利亚书,cedict
book of zephaniah,西番雅书,cedict
fifth book of moses,申命记,cedict
fourth book of moses,民数记,cedict
third book of moses,利未记,cedict
an expanse of flat land,平川,cedict
line of descent,种系,cedict
universal declaration of human rights,世界人权宣言,cedict
dedicated to one's work,敬业,cedict
devoted to one's work,爱岗敬业,cedict
devotion to one's work,事业心,cedict
national art museum of china,中国美术馆,cedict
frame of mind,心境,cedict
leisurely frame of mind,闲情,cedict
relaxed frame of mind,闲心,cedict
stretch of road,路段,cedict
international chamber of commerce,国际商会,cedict
line of magnetic flux,磁力线,cedict
ministry of war,兵部,cedict
line of latitude,纬圈,cedict
quantity of light,光量,cedict
whole territory of hong kong,全港,cedict
flat piece of wood,木片,cedict
bob of plumb line,测锤,cedict
history of philosophy,哲学史,cedict
volume of trade,贸易额,cedict
line of longitude,经圈,cedict
base of operations,地盘,cedict
train of thought,心路,cedict
line of reasoning,论点,cedict
center of force,力心,cedict
friends of nature,自然之友,cedict
sounds of nature,天籁,cedict
rate of consumption,消耗量,cedict
payment of money owing,回款,cedict
shortage of money,缺钱,cedict
american war of independence,美国独立战争,cedict
chencang district of baoji city,陈仓,cedict
war of independence,独立战争,cedict
xinglin district of xiamen city,杏林,cedict
us department of energy,美国能源部,cedict
married stewardess of mature age,空嫂,cedict
field of knowledge,学门,cedict
title of king,王位,cedict
short of cash,不便,cedict
race of several days,多日赛,cedict
carried away by a whim,心血来潮,cedict
chief of staff,参谋长,cedict
minister of revenue,户部尚书,cedict
to dig into one's pocket,自掏腰包,cedict
to learn from history,以史为鉴,cedict
news of sb's death,凶信,cedict
lower-priced model of lamborghini,小牛,cedict
history of literature,文学史,cedict
game of chance,赌局,cedict
to deviate from its course,偏航,cedict
big pile of rocks,磊磊,cedict
dalian university of foreign languages,大连外国语大学,cedict
guangdong university of foreign studies,广东外语外贸大学,cedict
explosion of light,光爆,cedict
abuse of authority,淫威,cedict
church of our lady,圣母教堂,cedict
of poor quality,垃圾,cedict
source of steady profit,肥羊,cedict
record of ancestors,谱牒,cedict
law of behavior,规律,cedict
law of moses,摩西律法,cedict
law of sines,正弦定理,cedict
protector deities of buddhist law,护法神,cedict
protector of buddhist law,护法,cedict
everyone gives of their best,人尽其才,cedict
sign of positive outcome,眉目,cedict
private ownership of property,私有制,cedict
crux of an issue,症结,cedict
kind of chinese wine,女儿红,cedict
hard to make out distinctly,迷离,cedict
sense of beauty,美感,cedict
coming of age ceremony,成人礼,cedict
niger river of west africa,尼日尔河,cedict
beam of light,亮光,cedict
magnitude of value,价值量,cedict
ancient type of drinking vessel,兕觥,cedict
piece of music,曲目,cedict
policy of nonresistance,不抵抗主义,cedict
out and out,彻头彻尾,cedict
beijing university of technology,北京工业大学,cedict
dalian university of technology,大连理工大学,cedict
hebei university of technology,河北工业大学,cedict
hefei university of technology,合肥工业大学,cedict
national taipei university of technology,国立台北科技大学,cedict
calculus of real variables,实分析,cedict
cause of formation,成因,cedict
electronic exchange of data,电子数据交换,cedict
son of an official,公子,cedict
international exchange of visits,聘问,cedict
numerical value of electrical impedance,阻值,cedict
seal of authority,印把子,cedict
to turn one's back,转背,cedict
speed of sound,音速,cedict
chaos of war,战乱,cedict
ministry of health,卫生部,cedict
scope of authority,授权范围,cedict
rate of deprecation,折旧率,cedict
rate of infection,感染率,cedict
rate of occurrence,发生率,cedict
value of assets,资产价值,cedict
snare of love,情网,cedict
gleam of light,亮光,cedict
war of aggression,侵略战争,cedict
glitter of light,闪射,cedict
to poke one's nose into,窥探,cedict
each and every one,一个个,cedict
sense of gain,获得感,cedict
to expel from school,斥退,cedict
stirrings of love,春心,cedict
thoughts of love,春意,cedict
words of love,情话,cedict
department of commerce,商务部,cedict
deputy chair of board,副院长,cedict
land of plenty,天府,cedict
disposition of mind,情操,cedict
standard of conduct,行为准则,cedict
booming sound of wind,蓬蓬,cedict
ministry of finance,财政部,cedict
underlying cause of poverty,苦根,cedict
breadth of mind,襟度,cedict
turmoil of war,兵乱,cedict
project of paramount importance,大计,cedict
department of transport,交通管理局,cedict
unique of its kind,绝无仅有,cedict
son of grandfather's sister,表叔,cedict
free of distractions,心无旁骛,cedict
free of worldly concerns,忘机,cedict
agile of mind,思维敏捷,cedict
confident of success,十拿九稳,cedict
war of attrition,持久战,cedict
light of firefly,萤火,cedict
polarization of light,偏振光,cedict
rays of light,光芒,cedict
confusion of war,兵乱,cedict
prisoner of war,战俘,cedict
spoils of war,战利品,cedict
war of words,口水战,cedict
weapons of war,干戈,cedict
tone of voice,口吻,cedict
period of grace,宽限期,cedict
type of ancient jade,珣玗琪,cedict
likeness of mind,灵犀一点通,cedict
beginning of an age,年代初,cedict
forty years of age,不惑,cedict
of marriageable age,适婚,cedict
years of age,年事,cedict
sense of pain,痛觉,cedict
sense of direction,方向感,cedict
ancient city of troy,特洛伊,cedict
region of forest,林区,cedict
irrevocable letter of credit,不可撤销信用证,cedict
final years of yuan dynasty,元末,cedict
close-packing of spheres,最密堆积,cedict
to start from scratch,平地起家,cedict
plot of land,标地,cedict
commonwealth of independent states,独立国家联合体,cedict
letter of credit,信用证,cedict
tuft of fine hair,毛子,cedict
bill of rights,权利法案,cedict
from head to tail,从头到尾,cedict
ring of fire,火环,cedict
department of justice,律政司,cedict
eight methods of treatment,八法,cedict
minister of defense,防卫大臣,cedict
minister of education,教育部长,cedict
chinese academy of science,中国科学院,cedict
history of kingdom lu,鲁史,cedict
nine-tailed turtle of mythology,九尾龟,cedict
provincial department of civil affairs,民政厅,cedict
price of actuals,现货价,cedict
price of electricity,电价,cedict
voice of complaint,怨声,cedict
to fling back one's head,甩头,cedict
sound of rain,雨声,cedict
lack of regard,冷漠,cedict
rib top of socks,罗口,cedict
pitch of voice,音调,cedict
fine piece of writing,佳作,cedict
cover of lamp,灯罩,cedict
department of agriculture,农业厅,cedict
baghlan province of north afghanistan,巴格兰,cedict
kangwon province of north korea,江原道,cedict
keys of authority,权钥,cedict
doctor of medicine,医学博士,cedict
evidence of murder,血证,cedict
letter of intent,意向书,cedict
land of fantasy,幻境,cedict
art of cooking,料理,cedict
art of healing,医术,cedict
god of wealth,财神,cedict
diverse aspects of society,世面,cedict
amount of passenger traffic,客运量,cedict
method of relieving pain,止痛法,cedict
supply of goods,货源,cedict
to boost support or interest,造势,cedict
strong smell of gunpowder,火药味甚浓,cedict
from head to toe,一身,cedict
to tuck into one's bosom,揣在怀里,cedict
parcel of land,地块,cedict
date of birth,出生日期,cedict
top of troposphere,对流层顶,cedict
class composed of gifted students,资优班,cedict
class of bivalves,瓣鳃纲,cedict
class of underachievers,放牛班,cedict
slip of paper,条子,cedict
success at a stroke,一蹴而就,cedict
unit of length,长度单位,cedict
tract of land,面积,cedict
period of development,发育期,cedict
period of labor,产期,cedict
period of prosperity,荣景,cedict
period of validity,有效期,cedict
rule of thumb,概测法,cedict
flow of air,空气流,cedict
odds of success,胜算,cedict
style of dress,打扮,cedict
office of an association,会所,cedict
office of punishment,刑房,cedict
gradual loss of speech,进行性失语,cedict
hard of hearing,弱听,cedict
unit of heat,热量单位,cedict
unit of weight,重量单位,cedict
productivity of land,地利,cedict
to steer  away from,驶离,cedict
god of heaven,天帝,cedict
agricultural bank of china,中国农业银行,cedict
bank of china,中国银行,cedict
bank of communications,交通银行,cedict
bank of england,英格兰银行,cedict
bank of japan,日本银行,cedict
bank of korea,韩国银行,cedict
statement of account,结单,cedict
sola bill of exchange,单张汇票,cedict
bill of exchange,汇票,cedict
kind of dumpling,圆子,cedict
sense of taste,味觉,cedict
popular piece of doggerel,顺口溜,cedict
dregs of society,人渣,cedict
theory of heat,传热学,cedict
society of friends,贵格会,cedict
network of blood vessels,脉络,cedict
time and time again,反反复复,cedict
no time to spare,日无暇晷,cedict
field of vision,视界,cedict
sense of smell,嗅觉,cedict
doctor of laws,法学博士,cedict
doctor of letters,文学博士,cedict
unit of volume,体积单位,cedict
sense of priority,轻重缓急,cedict
condition of an injury,伤势,cedict
voice of america,美国之音,cedict
weaving girl of folk tales,织女,cedict
sound of an explosion,爆鸣,cedict
to go out,出去,cedict
to go out hunting,出猎,cedict
to go out somewhere,出行,cedict
approach of dawn,拂晓,cedict
strength of character,风骨,cedict
to clear stubble from fields,灭茬,cedict
to watch from above,瞰望,cedict
proportion of vote,投票率,cedict
debt of blood,血债,cedict
god of thunder,雷神,cedict
hedonistic son of rich parents,纨绔子弟,cedict
chonburi province of east thailand,春武里府,cedict
taurus mountains of south turkey,托罗斯山,cedict
competition of skill,竞技,cedict
ten lines at a glance,一目十行,cedict
rain of blood,血雨,cedict
recollection of past lives,宿命通,cedict
wisdom of past lives,宿命通,cedict
wisdom of past sages,遗言,cedict
roll of film,胶卷,cedict
various species of cutlassfish,刀鱼,cedict
loss of goods,折耗,cedict
sound of laughter,肸肸,cedict
sound of muffled laughter,吃吃,cedict
eldest of father's younger brothers,大叔,cedict
god of longevity,寿星,cedict
to cast far from oneself,甩远,cedict
piece of advice,贴士,cedict
modes of ancient chinese music,宫调,cedict
stack of paper,纸堆,cedict
department of chemistry,化学系,cedict
death of an emperor,登遐,cedict
dispatch upon receipt of payment,款到发货,cedict
moment of inertia,转动惯量,cedict
king fahd of saudi arabia,法赫德,cedict
king helu of wu,吴王阖庐,cedict
king huai of chu,楚怀王,cedict
king min of qi,齐湣王,cedict
king mohammed vi of morocco,穆罕默德六世,cedict
king xuan of qi,齐宣王,cedict
later king huai of chu,楚怀王,cedict
stream of air,气流,cedict
range of values,级距,cedict
feed made of animal products,动物性饲料,cedict
to suffer enough from,受尽,cedict
sound of thunder,雷轰,cedict
sense of satisfaction,满足感,cedict
moment of forces,力偶,cedict
extensive amount of,浩繁,cedict
popularization of science,科学普及,cedict
science of communications,资讯科技,cedict
science of earthquakes,地震学,cedict
lord of heaven,天公,cedict
national committee of cultural heritage,国家文物委员会,cedict
distance of travel,行程,cedict
breach of contract,毁约,cedict
west of liaoning,辽西,cedict
style of conversation,谈吐,cedict
pool of blood,血泊,cedict
date of delivery,交货期,cedict
expected date of childbirth,预产期,cedict
musical ensemble of several instruments,重奏,cedict
pure of heart,纯真无垢,cedict
of standard purity,足色,cedict
standard of behavior,风纪,cedict
to hide from view,壅蔽,cedict
contract of alliance,盟约,cedict
sound of gong,锣声,cedict
quantity of data,资料量,cedict
guangzhou academy of fine arts,广州美术学院,cedict
sound of crying,哇哇,cedict
sound of gunfire,炮响,cedict
sound of panting,呼哧,cedict
sound of snoring,鼾声,cedict
sound of speaking,语声,cedict
sound of stammering,吃吃,cedict
sound of weeping,哭声,cedict
student of theology,神学士,cedict
messenger of death,丧门星,cedict
building of several stories,重屋,cedict
several tens of thousands,数万,cedict
story of yanxi palace,延禧攻略,cedict
item sold at a loss,牺牲品,cedict
table of contents,目录,cedict
table of ranking,排行榜,cedict
table of scores,积分榜,cedict
department of education,教育厅,cedict
department of electronics,电子学系,cedict
department of environmental protection,环保厅,cedict
department of homeland security,国土安全局,cedict
director of education department,教育部长,cedict
quality of meat,肉质,cedict
amount of substance,物质的量,cedict
ministry of foreign affairs,外交部,cedict
of chief importance,首要,cedict
beijing university of chinese medicine,北京中医药大学,cedict
guangzhou university of chinese medicine,广州中医药大学,cedict
university of medicine,医科大学,cedict
depth of field,景深,cedict
field of activity,天地,cedict
field of fractions,商域,cedict
slice of fish meat,鱼片,cedict
beijing institute of technology,北京理工大学,cedict
california institute of technology,加利福尼亚理工学院,cedict
harbin institute of technology,哈尔滨工业大学,cedict
massachusetts institute of technology,麻省理工学院,cedict
of superior quality,精良,cedict
advanced stage of development,深度,cedict
afar region of northeast ethiopia,阿法尔,cedict
atomic weight of an element,质量数,cedict
lack of discipline,违纪,cedict
obvious at a glance,一目了然,cedict
to disappear from view,隐遁,cedict
rough-textured fabric of waste silk,绵绸,cedict
pit of fire,火坑,cedict
internal dissipation of energy,内耗,cedict
phonetic component of chinese character,声旁,cedict
sense of accomplishment,成功感,cedict
sense of achievement,成就感,cedict
sense of belonging,归属感,cedict
sense of hearing,耳根,cedict
sense of helplessness,无力感,cedict
sense of honor,廉耻,cedict
sense of humor,幽默感,cedict
sense of inferiority,自卑心理,cedict
sense of movement,动感,cedict
sense of reality,真实感,cedict
sense of responsibility,责任心,cedict
sense of security,安全感,cedict
famous piece of writing,名篇,cedict
shan plateau of east myanmar,掸邦高原,cedict
to remove from office,撤下,cedict
letter of appointment,委任书,cedict
letter of congratulations,贺函,cedict
letter of repentance,服辩,cedict
letter of thanks,谢帖,cedict
to grow  from seed,播种,cedict
degree of contrast,对比度,cedict
exchange of goods,通货,cedict
inflammation of middle ear,中耳炎,cedict
fixed salary of an official,常俸,cedict
model of feminine virtues,阃范,cedict
monthly salary of an official,稍食,cedict
salary of an official,食禄,cedict
to turn one's face away,别脸,cedict
communist youth league of china,中国共产主义青年团,cedict
source of revenue,财源,cedict
to operate one's own business,自营,cedict
theory of evolution,进化论,cedict
game of thrones,权力的游戏,cedict
air of arrogance,傲气,cedict
an air of complacency,得意洋洋,cedict
certificate of property ownership,房产证,cedict
difficult to escape from,难免,cedict
purchase of goods,购货,cedict
beginning of an event,开场,cedict
central conservatory of music,中央音乐学院,cedict
shanghai conservatory of music,上海音乐学院,cedict
concise list of rules,简章,cedict
to go up,上升,cedict
supply of students,生源,cedict
proxy sale of securities,证券代销,cedict
of low purity,水丝,cedict
heading list of signatories,领衔,cedict
list of deaths,报条,cedict
list of gifts,礼单,cedict
list of items,单子,cedict
list of names,名单,cedict
list of prizewinners,奖牌榜,cedict
list of words,词汇,cedict
higher-priced model of lamborghini,大牛,cedict
sea of bitterness is vast,苦海茫茫,cedict
twins of mixed sex,龙凤胎,cedict
to take no notice,置之脑后,cedict
to invite job applications from,诚聘,cedict
direction of flow,流向,cedict
wall of intestine,肠壁,cedict
archimedes' method of exhaustion,穷竭法,cedict
method of calculation,算法,cedict
method of counting,数法,cedict
method of solving,解法,cedict
diagram of cosmological scheme,太极图,cedict
scene of accident,灾场,cedict
einstein's theory of gravity,广义相对论,cedict
to know no shame,死不要脸,cedict
prime of youth,花季,cedict
board of directors,董事会,cedict
china university of geosciences,中国地质大学,cedict
chinese university of hong kong,香港中文大学,cedict
national university of singapore,新加坡国立大学,cedict
renmin university of china,中国人民大学,cedict
university of alaska,阿拉斯加大学,cedict
university of arkansas,阿肯色大学,cedict
university of bonn,波恩大学,cedict
university of california,加利福尼亚大学,cedict
university of cambridge,剑桥大学,cedict
university of chicago,芝加哥大学,cedict
university of communications,交大,cedict
university of guam,关岛大学,cedict
university of leiden,莱顿大学,cedict
university of manila,马尼拉大学,cedict
university of michigan,密歇根大学,cedict
university of nanking,金陵大学,cedict
university of oxford,牛津大学,cedict
university of paris,巴黎大学,cedict
university of pennsylvania,宾夕法尼亚大学,cedict
university of twente,屯特大学,cedict
tool made of forked wood,丫杈,cedict
piece of cake,小菜,cedict
wickedness of former times,旧恶,cedict
sphere of cultural influence,文化圈,cedict
flesh of fish,鱼肉,cedict
style of chinese script,书体,cedict
likely to turn out well,有戏,cedict
explanation of classic text,释经,cedict
hill of spring,春岑,cedict
weapon of mass destruction,大规模杀伤性武器,cedict
press of bodies,杂沓,cedict
servants of an official,差使,cedict
to sketch from nature,写生,cedict
to come out even,不分胜负,cedict
association of caribbean states,加勒比国家联盟,cedict
organization of american states,美洲国家组织,cedict
superposition of states,态叠加,cedict
united states of america,美利坚合众国,cedict
to come directly towards one,顶头,cedict
display of wild manners,狂态,cedict
quintessence of national culture,国粹,cedict
sea of evil,业海,cedict
devious means of attack,软刀子,cedict
grand canyon of colorado river,大峡谷,cedict
lay practitioners of buddhism,善男信女,cedict
reeking of blood,血腥,cedict
rivers of blood,血流成河,cedict
tears of blood,血泪,cedict
wisps of blood,血丝,cedict
source of oxygen,大氧吧,cedict
theory of relativity,相对论,cedict
code of conduct,行为准则,cedict
instrument of credit,信用证券,cedict
red of cheeks,血色,cedict
to hear from somewhere,听来,cedict
flow of speech,语流,cedict
jade garden of celestial ruler,瑶之圃,cedict
at a slow pace,慢步,cedict
theory of seafloor spreading,海底扩张说,cedict
sudden clap of thunder,惊雷,cedict
bill of lading,提单,cedict
to move along one's course,运行,cedict
pair of ideal lovers,佳人才子,cedict
vote of thanks,铭谢,cedict
calligraphic style of liu gongquan,柳体,cedict
style of governing,吏治,cedict
style of writing,写法,cedict
central academy of drama,中央戏剧学院,cedict
garden of eden,伊甸园,cedict
garden of gethsemane,客西马尼园,cedict
from top to bottom,彻头彻尾,cedict
interjection of surprise,啊呀,cedict
symbol of peace,橄榄枝,cedict
son of nobility,公子,cedict
civil aviation administration of china,中国民用航空局,cedict
hot cloud of volcanic ash,火烧云,cedict
victim of an accident,死难者,cedict
to retire from office,引退,cedict
bark of tulip tree,凹朴皮,cedict
shoal of fish,鱼群,cedict
edge of wheel,轮缘,cedict
article of faith,信条,cedict
size of an adjustment,调幅,cedict
proof of concept,概念验证,cedict
strength of vision,眼力,cedict
tower of strength,中流砥柱,cedict
surface of tire,胎面,cedict
abreast of modern developments,与时俱进,cedict
to bend over one's desk,伏案,cedict
offspring of an animal,崽子,cedict
husband of paternal aunt,姑丈,cedict
hardships of travel,风尘,cedict
space of sections,切空间,cedict
devoid of fear,一身是胆,cedict
degree of satisfaction,满意度,cedict
various trees of genus populus,杨树,cedict
prospect of solution,眉目,cedict
source of calamity,祸水,cedict
quantity of heat,热量,cedict
chance of winning,赢面,cedict
manner of speech,口锋,cedict
to return from abroad,归国,cedict
source of an infection,传染源,cedict
source of customers,客源,cedict
source of students,生源,cedict
ship's port of registry,船籍港,cedict
prc ministry of transport,交通运输部,cedict
to show off one's abilities,露一手,cedict
to show off one's ability,逞能,cedict
to show off one's accomplishments,表功,cedict
to show off one's cleverness,卖乖,cedict
power or force to dominate,支配力,cedict
fear of strangers,怕生,cedict
chair  of national congress,国会议长,cedict
discussion of various topics,杂谈,cedict
various kinds of everyday utensils,什器,cedict
flawless piece of jade,完璧,cedict
breadth of knowledge,知识面,cedict
velar consonants of middle chinese,牙音,cedict
volume of website traffic,浏览量,cedict
species of tall bamboo,筼筜,cedict
coronal consonants of middle chinese,舌音,cedict
words of enormous weight,一言千金,cedict
chamber of commerce,商会,cedict
piece of correspondence,信函,cedict
piece of shit,狗杂碎,cedict
tone of speech,口风,cedict
sea of clouds,云海,cedict
sea of galilee,加里肋亚海,cedict
sea of japan,日本海,cedict
sea of learning,学海,cedict
sea of marmara,马尔马拉海,cedict
sea of okhotsk,鄂霍次克海,cedict
sea of serenity,澄海,cedict
sea of tranquility,静海,cedict
emperor ningzong of southern song,宁宗,cedict
abundance of knowledge,金玉满堂,cedict
intermittent flash of pain,闪痛,cedict
strength of an explosion,爆炸力,cedict
series of calamities,灾害链,cedict
ahead of schedule,提早,cedict
ball of string,线团,cedict
conservation of energy,能量守恒,cedict
to know  very well,深谙,cedict
ministry of justice,刑部,cedict
announcement of joyful news,喜报,cedict
mutual exchange of assistance,有无相通,cedict
hall of fame,名人堂,cedict
to dismiss from office,卸职,cedict
capital of missouri,杰弗逊,cedict
certification of registered capital,验资,cedict
outflow of capital,资本外逃,cedict
tacit exchange of romantic feelings,灵犀,cedict
string of cash,钱串,cedict
chain reaction of nuclear fission,链式裂变反应,cedict
fellow of academy,学会院士,cedict
goddess of beauty,美神,cedict
ostentatious display of luxury,宝马香车,cedict
nettle cell of medusa,刺胞,cedict
quantity of flow,水量,cedict
degree of earthquake,震级,cedict
choice of words,用语,cedict
to resign from office,卸职,cedict
army of yuan dynasty,元军,cedict
ministry of agriculture,农业部,cedict
to lose one's way,失迷,cedict
degree of disparity,等差,cedict
ink stone made of pottery,陶砚,cedict
tiny stream of dust,涓埃,cedict
to make up missed lesson,补课,cedict
balance of payments,国际收支,cedict
measured quantity of rain,降水量,cedict
lack of supplies,缺货,cedict
seat of prefectural government,府治,cedict
at a fast pace,疾步,cedict
seat of honor,上位,cedict
degree of credibility,可信度,cedict
degree of difficulty,难度,cedict
degree of forbearance,气量,cedict
degree of reduction,降幅,cedict
degree of saltiness,咸淡,cedict
degree of seriousness,轻重,cedict
degree of stability,稳定度,cedict
topic of idle conversation,谈资,cedict
temple of earth,地坛,cedict
ministry of internal affairs,内务部,cedict
to return from pasture,归牧,cedict
task of sisyphus,精卫填海,cedict
college of engineering,工学院,cedict
at a loss,没有法,cedict
dump of mining waste,尾矿库,cedict
frequency of carrier wave,载频,cedict
beiyang faction of northern warlords,北洋系,cedict
title of honor,徽号,cedict
title of nobility,封爵,cedict
extreme depth of sorrow,心碎,cedict
store of arms,武库,cedict
dereliction of duty,有亏职守,cedict
image of confucius,圣像,cedict
bird of prey,猛禽,cedict
federal republic of germany,德意志联邦共和国,cedict
federal republic of yugoslavia,南联盟,cedict
division of labor,分工,cedict
double exposure of photo,重影,cedict
flow of liquid,液流,cedict
to free oneself from,摆脱,cedict
economies of scale,规模经济,cedict
arrow banner of command,令箭,cedict
principality of hutt river,赫特河公国,cedict
stem of flower,花梗,cedict
root of tooth,牙根,cedict
tooth of cog wheel,轮齿,cedict
stroke of luck,际遇,cedict
conditions of extreme adversity,风雨晦冥,cedict
prolonged spell of rainy weather,连阴雨,cedict
of indomitable spirit,顶天立地,cedict
tarim river of xinjiang,塔里木河,cedict
guilty of terrible crimes,罪大恶极,cedict
nobility of spirit,浩气,cedict
spirit of buddha,佛心,cedict
crust of earth,地盘,cedict
movement of earth's crust,构造运动,cedict
dove of peace,和平鸽,cedict
to sweep one's eyes over,扫视,cedict
latent heat of evaporation,蒸发热,cedict
surface of discontinuity,不连续面,cedict
target of scorn,过街老鼠,cedict
caravan of horses carrying goods,马帮,cedict
an object of ridicule,笑柄,cedict
object of ridicule,笑谈,cedict
exchange of ideas,思想交流,cedict
exchange of unequal values,不等价交换,cedict
rapid dispatch of an opponent,秒杀,cedict
rank of professor,授衔,cedict
curtain of rain,雨幕,cedict
length of schooling,学制,cedict
vast swathe of territory,半壁江山,cedict
pain of separation,离愁,cedict
direction of cleavage,解理方向,cedict
direction of events,风头,cedict
forest of apricot trees,杏林,cedict
bird of regulus genus,戴菊鸟,cedict
hemolytic disease of newborn,溶血病,cedict
information telegraph agency of russia,塔斯社,cedict
copy of dvd,翻版碟,cedict
percentage of repeat customers,回头率,cedict
quantity of sand,输沙量,cedict
to save from damage,保全,cedict
forest of steles,碑林,cedict
secondary growth of forest,次生林,cedict
center of target,靶心,cedict
roll of honor,排名榜,cedict
of western appearance,金发碧眼,cedict
to relieve from office,免去职务,cedict
bureau of civil affairs,民政局,cedict
item of jewelry,饰品,cedict
item of stationery,文具,cedict
tactical mixture of chemical agents,混合毒剂,cedict
disorder of internal organs,内伤,cedict
register of names,名籍,cedict
register of shareholders,股东名册,cedict
clod of earth,土坷垃,cedict
flight of stairs,楼梯间,cedict
epicanthal fold of upper eyelid,重眼皮,cedict
cubic meter of earth,土方,cedict
smell of alcohol,酒味,cedict
owner of ship,船主,cedict
to grow all over,长满,cedict
delivery of goods,收存,cedict
exhibition of goods,商展,cedict
inspection of goods,验货,cedict
to buy freedom from punishment,赎罪,cedict
to create something from nothing,无中生有,cedict
belching of sour putrid gas,嗳气酸腐,cedict
volume of freight,运输量,cedict
bag made of woven straw,草包,cedict
origin of an incident,事由,cedict
band of accomplice,凶党,cedict
scene of dilapidation,颓景,cedict
makeshift band of individuals,草台班子,cedict
baoshang district of shanghai,宝山,cedict
fengxian suburban district of shanghai,奉贤,cedict
harlem district of manhattan,哈莱姆,cedict
jiading district of northwest shanghai,嘉定,cedict
jinshan suburban district of shanghai,金山,cedict
kowloon district of hong kong,九龙,cedict
minhang district of shanghai,闵行区,cedict
qingpu suburban district of shanghai,青浦,cedict
shinagawa district of tokyo,品川,cedict
songjiang suburban district of shanghai,松江,cedict
to trail over one's shoulders,披肩,cedict
dream of golden millet,黄粱梦,cedict
of universal importance,遮天蔽日,cedict
count of votes,计票,cedict
master of ceremonies,司仪,cedict
suspected of murder,疑凶,cedict
debt of gratitude,人情债,cedict
of undetermined status,三不管,cedict
diameter of hole,孔径,cedict
subdivision of radio waveband,分频,cedict
certificate of deposit,存单,cedict
layer of frozen soil,冻土层,cedict
layer of soil,土层,cedict
an expression of opinion,一说,cedict
expression of opinion,言论,cedict
branch of government,行政机关,cedict
branch of learning,学科,cedict
words of truth,文以载道,cedict
drip of rain,掉点儿,cedict
brick of ice,冰砖,cedict
fan of apple products,果粉,cedict
to prevail over one's opponents,取胜,cedict
freedom of speech,言论自由,cedict
speech of thanks,谢词,cedict
certificate of origin,产地证,cedict
failure of etiquette,失仪,cedict
root of unity,单位根,cedict
miscarriage of justice,冤案,cedict
stern of boat,船艄,cedict
pair of antithetical phrases,对子,cedict
crime of spying,间谍罪,cedict
message of congratulation,贺词,cedict
pair of aces,对幺,cedict
ear of grain,谷穗,cedict
league of legends,英雄联盟,cedict
cloud of dust,尘雾,cedict
to benefit from advice,受教,cedict
soldier of fortune,兵痞,cedict
to protect from wind,防风,cedict
conflict of laws,国际私法,cedict
bag of tricks,鸡鸣狗盗,cedict
bolt of gun,枪机,cedict
tip of tongue,舌尖,cedict
constant of integration,积分常数,cedict
center of circle,圆心,cedict
circle of friends,交游,cedict
battle of britain,不列颠战役,cedict
battle of stalingrad,斯大林格勒会战,cedict
battle of waterloo,滑铁卢,cedict
battle of wits,斗智,cedict
beginning of spring,春意,cedict
colors of spring,春色,cedict
column of flame,火柱,cedict
confucian moral injunctions of fidelity,孝悌忠信,cedict
grain of sand,沙粒,cedict
democratic republic of congo,刚果民主共和国,cedict
republic of andorra,安道尔共和国,cedict
republic of china,中华民国,cedict
republic of croatia,克罗地亚共和国,cedict
republic of czechoslovakia,捷克斯洛伐克,cedict
republic of ireland,爱尔兰共和国,cedict
republic of korea,大韩民国,cedict
republic of macedonia,马其顿共和国,cedict
republic of palau,帕劳,cedict
republic of slovenia,斯洛文尼亚共和国,cedict
national museum of china,中国国家博物馆,cedict
patter of rain,淅沥,cedict
collectivization of agriculture,人民公社化,cedict
screen of beads,珠箔,cedict
palace of jade emperor,紫微宫,cedict
classic of rites,礼经,cedict
twelve channels of tcm,十二经,cedict
torrents of rain,滂沱大雨,cedict
puzhou opera of shanxi province,蒲剧,cedict
proof of identity,身份证明,cedict
code of brotherhood,义气,cedict
confucian code of ethics,礼教,cedict
victim of corporal punishment,受刑人,cedict
children by a previous marriage,拖油瓶,cedict
angle of drift,偏角,cedict
of dubious background,来路不明,cedict
an elaborate string of references,繁征博引,cedict
mountain of immortals,仙山,cedict
color of wine,酒色,cedict
academy of classical learning,书院,cedict
academy of sciences,科学院,cedict
chinese academy of engineering,中国工程院,cedict
generation of ideas,发想,cedict
to laugh one's head off,笑掉大牙,cedict
brilliance of youth,头角,cedict
root of chord,根音,cedict
string of copper coins,钱串子,cedict
ear of wheat,麦穗,cedict
smell of urine,臊气,cedict
cyberspace administration of china,国家互联网信息办公室,cedict
standardization administration of prc,国家标准化管理委员会,cedict
song of cicadas,蝉鸣,cedict
plate of armor,鳞甲,cedict
of spectacular significance,排山倒海,cedict
affected manner of speaking,怪声怪气,cedict
manner of dressing,打扮,cedict
manner of expression,口气,cedict
manner of speaking,口头语,cedict
spray  of molten steel,钢花,cedict
channel of communication,交流道,cedict
channel of tcm,经脉,cedict
quantity of sediment,含沙量,cedict
beginning of menstrual cycle,入月,cedict
flight of steps,台阶,cedict
outer tip of an eyebrow,眉尖,cedict
regardless of weather conditions,风雨无阻,cedict
coordinated sequence of strategic moves,连环计,cedict
sequence of numbers,数列,cedict
sequence of processes,流程,cedict
sequence of songs,串烧,cedict
pitch of screw,螺距,cedict
tip of brow,眉梢,cedict
to make out,看出,cedict
ancient instruments of torture,刀锯鼎镬,cedict
novel of denunciation,谴责小说,cedict
sigh of regret,叹惜,cedict
clank of metal,铛铛,cedict
ear of maize,棒子,cedict
starch of pueraria root,葛粉,cedict
prescribed dose of medicine,剂量,cedict
angle of dip,倾角,cedict
slice of bread,面包片,cedict
more than a year,一年多,cedict
beijing institute of education,北京教育学院,cedict
institute of sinology,汉学系,cedict
forced labor of feudal tenant,差役,cedict
incredible pace of development,神速,cedict
veil of mystery,神秘面纱,cedict
statute of limitations,时效法,cedict
inscrutable twist of fate,天机,cedict
temple of heaven,天坛,cedict
root of ningpo figwort,玄参,cedict
an error of judgment,走眼,cedict
error of judgment,误判,cedict
root of chinese pulsatilla,白头翁,cedict
root of chinese thorowax,柴胡,cedict
root of dahurian angelica,白芷,cedict
root of isatis tinctoria,板蓝根,cedict
root of vladimiria souliei,川木香,cedict
preservation of soil moisture,保墒,cedict
owner of enterprise,企业主,cedict
chunks of ice,冰坨子,cedict
tiny trickle of funds,涓滴,cedict
guilty of monstrous crimes,恶贯满盈,cedict
frame of reference,参照系,cedict
torrent of abuse,狗血喷头,cedict
places of pleasure,三瓦两舍,cedict
refined pleasure of poetic minds,雅人深致,cedict
federal bureau of investigation,联邦调查局,cedict
principles of dynastic succession,正统,cedict
succession of seasons,岁序,cedict
equations of motion,运动方程,cedict
laws of motion,运动定律,cedict
of humble origin,寒微,cedict
non-chinese citizen of chinese ancestry,华裔,cedict
smell of gunpowder,火药味,cedict
items of expenditure,用项,cedict
qi of southern dynasties,南朝齐,cedict
guest of honor,主宾,cedict
guard of honor,仪仗队,cedict
fruit of vaccinium bracteatum,乌饭果,cedict
made of silver,银制,cedict
of highest priority,重中之重,cedict
tongue of flame,火舌,cedict
coat of arms,徽章,cedict
national coat of arms,国徽,cedict
burst of laughter,爆笑,cedict
origin of mankind,人类起源,cedict
grains of sand,沙砾,cedict
pitch of spiral,螺距,cedict
mount of olives,橄榄山,cedict
chain of islands,列岛,cedict
chain of ossicles,听骨链,cedict
unbroken chain of peaks,山峦,cedict
an atmosphere of political oppression,万马齐喑,cedict
ministry of  rites,礼部,cedict
ministry of appointments,吏部,cedict
ministry of education,教育部,cedict
ministry of national defense,国防部,cedict
ministry of supervision,监察部,cedict
ministry of works,工部,cedict
made of iron,铁打,cedict
flash of insight,一闪念,cedict
panel of judges,合议庭,cedict
by a hair's breadth,间不容发,cedict
plane of projection,投影面,cedict
multitude of loose ends,千头万绪,cedict
imprecise indication of quantity,概数,cedict
meager quantity of foodstuff,升斗,cedict
quantity of rainfall,降雨量,cedict
action at a distance,超距作用,cedict
to learn from,借镜,cedict
running of armed forces,治军,cedict
buir lake of inner mongolia,贝尔湖,cedict
hulun lake of inner mongolia,呼伦湖,cedict
lake of burning sulfur,火湖,cedict
adherent of religion,宗教徒,cedict
herat province of afghanistan,赫拉特省,cedict
huambo province of angola,万博省,cedict
kandahar province of afghanistan,坎大哈省,cedict
khyber province of pakistan,开伯尔,cedict
nangarhar province of afghanistan,楠格哈尔省,cedict
pahang province of malaysia,彭亨,cedict
punjab province of pakistan,旁遮普,cedict
sindh province of pakistan,信德省,cedict
vaud province of switzerland,沃州,cedict
patch of cloth,铺衬,cedict
answering phrase of duet,对歌,cedict
studies of ancient chinese civilization,国学,cedict
men of vision,仁人义士,cedict
ceremony of sacrifice,宴飨,cedict
leaning tower of pisa,比萨斜塔,cedict
sponsor of an organization,会首,cedict
tropic of cancer,北回归线,cedict
beast of burden,力畜,cedict
cap of mushroom,菌盖,cedict
blade of tongue,舌面,cedict
origin of dharma,法源,cedict
topic of discussion,议题,cedict
uk chancellor of exchequer,财政大臣,cedict
of japanese origin,日系,cedict
legendary magic potion of immortals,仙药,cedict
writing brush of weasel bristle,狼毫,cedict
made of steel,钢制,cedict
declaration of independence,独立宣言,cedict
independence of action,特立独行,cedict
gulf of guinea,几内亚湾,cedict
more and more emerge,层出不穷,cedict
flock of sheep,羊群,cedict
angle of depression,俯角,cedict
angle of diffraction,衍射角,cedict
angle of divergence,偏角,cedict
angle of elevation,仰角,cedict
angle of intersection,交角,cedict
angle of rotation,旋转角,cedict
pitch of tones,调值,cedict
cream of tartar,塔塔粉,cedict
rolls of dried soymilk cream,腐竹,cedict
grain of cooked rice,饭粒,cedict
grain of rice,米粒,cedict
oath of alliance,盟誓,cedict
herd of sheep,牧群,cedict
texture of timber,材质,cedict
to seek refuge from disaster,躲难,cedict
rope of palm fiber,棕缚,cedict
speck of dust,纤尘,cedict
peak of excitement,兴奋高潮,cedict
continent of europe,欧洲大陆,cedict
certificate of appointment,任命状,cedict
certificate of attendance,肄业证书,cedict
certificate of conformity,合格证,cedict
certificate of indebtedness,欠条,cedict
certificate of partial completion,肄业证书,cedict
chamber of deputies,众议院,cedict
christmas and new year's day,双旦,cedict
biographic sketch of an emperor,本纪,cedict
loop of rope,套儿,cedict
mandate of heaven,天命,cedict
breach of responsibility,失责,cedict
waist of trousers,裤腰,cedict
seed of ajwain,阿育魏实,cedict
seed of sterculia lychnophora,胖大海,cedict
colors of autumn,秋色,cedict
an unending stream of pilgrims,香火不绝,cedict
stream of consciousness,意识流,cedict
stream of particles,粒子流,cedict
remainder of cloth,料头,cedict
slice of lemon,柠檬片,cedict
chest of drawers,五斗柜,cedict
width of chest,胸宽,cedict
thread of screw,螺纹,cedict
soldier garrisoned at a frontier,屯戍,cedict
sassanid empire of persia,萨桑王朝,cedict
hometown of overseas chinese,侨乡,cedict
outer shell of electrons,价电子,cedict
outflow of talent,人才流失,cedict
bay of bengal,孟加拉湾,cedict
bay of biscay,坎塔布连海,cedict
bay of pigs,猪湾,cedict
proud of oneself,得意,cedict
frequency of vibration,振频,cedict
pile of rubble,瓦砾堆,cedict
crying tears of joy,喜极而泣,cedict
collection of seal stamps,印谱,cedict
lapel of jacket,胸襟,cedict
grain of wheat,麦粒,cedict
pith of mandarin orange,橘络,cedict
perception of tremor,震觉,cedict
wanton destruction of forested lands,滥砍滥伐,cedict
ocean of lust,欲海,cedict
festival of fasting,斋戒节,cedict
proceeding at a tremendous pace,追风逐电,cedict
statue of liberty,自由女神像,cedict
moon of jupiter,木卫,cedict
at a stretch,一口气,cedict
grin of dissatisfaction,冷笑,cedict
duke of pei,沛公,cedict
curtain of pearls,珠箔,cedict
gulf of aden,亚丁湾,cedict
gulf of jiaozhou,胶州湾,cedict
gulf of mexico,墨湾,cedict
gulf of oman,阿曼湾,cedict
gulf of tonkin,北部湾,cedict
kingdom of heaven,天国,cedict
movement of personnel,调动,cedict
scenery of exceptional charm,别有洞天,cedict
guest at a banquet,宴客,cedict
to manage or direct,主持,cedict
realm of necessity,必然王国,cedict
beasts of burden,役使动物,cedict
of burden,使役,cedict
at a glance,一览,cedict
flash of thought,闪念,cedict
abstaining from liquor and tobacco,烟酒不沾,cedict
chambers of imperial concubines,后宫,cedict
dynastic records of imperial china,会要,cedict
bead of sweat,汗粒,cedict
moon of mars,火卫,cedict
moon of saturn,土卫,cedict
beam of elementary particles,粒子束,cedict
ulceration of oral cavity,口腔炎,cedict
glib of tongue,能言善辩,cedict
worthy of pride,傲人,cedict
organization of african unity,非洲统一组织,cedict
ripping of fabric,嚓嚓,cedict
equality of ethnic groups,民族平等,cedict
patch of bruising,淤血斑,cedict
worthy of praise,可圈可点,cedict
grain of glutinous sorghum,秫米,cedict
temple of tibetan buddhism,喇嘛庙,cedict
hierarchy of needs,需求层次理论,cedict
multiple variants of chinese characters,重文,cedict
bureau of hygiene,卫生局,cedict
income provided by a sinecure,干俸,cedict
pole of rotation,旋转极,cedict
to show one's hand,亮底牌,cedict
axis of symmetry,对称轴,cedict
to give one's verdict,宣判,cedict
critical shortage of grain,粮荒,cedict
to take deferred time off,补休,cedict
to take time off,脱岗,cedict
lining of gut,肠壁,cedict
tide of thought,思潮,cedict
loneliness of faithful widow,碧海青天,cedict
crotch of trousers,裤裆,cedict
to date from,追溯,cedict
woman from a respectable family,良家女子,cedict
heel tendon of mammals,跟腱,cedict
clash of opposing forces,冲突,cedict
beam of electrons,电子束,cedict
birthday of reigning emperor,圣诞,cedict
emperor of japan,天皇,cedict
fleet of vehicles,车队,cedict
ashamed of being inferior,自愧不如,cedict
dinosaur ancestor of birds,祖鸟,cedict
scholar of chinese,汉学家,cedict
bits of rubbish,唾余,cedict
vein of ore,矿层,cedict
fringes of cloth,边幅,cedict
isle of mann,马恩岛,cedict
beads of sweat,汗珠,cedict
gang of bandits,匪帮,cedict
gang of hoodlums,流氓集团,cedict
retention of urine,癃闭,cedict
doctrine of equivalents,均等论,cedict
cluster of flowers,花丛,cedict
cluster of graves,丛冢,cedict
noun of locality,方位词,cedict
to benefit from counsel,受命,cedict
hoots of laughter,哄笑,cedict
blade of an oar,桨板,cedict
clap of thunder,打雷,cedict
center of gravity,质心,cedict
classification of animals,动物分类,cedict
horn of africa,非洲之角,cedict
national bureau of statistics,国家统计局,cedict
to give one's allegiance,拥戴,cedict
devoid of conscience,丧天害理,cedict
lhalu suburb of lhasa,拉鲁,cedict
archive of graphics,图谱,cedict
deck of cards,卡池,cedict
deck of playing cards,纸叶子,cedict
british commonwealth of nations,大英国协,cedict
commonwealth of australia,澳大利亚联邦,cedict
commonwealth of dominica,多米尼克国,cedict
equilibrium of forces,均势,cedict
thread of discussion,语锋,cedict
glare of sunlight,阳炎,cedict
faculty of sinology,汉学系,cedict
to give one's assent,应允,cedict
oath of allegiance,约契,cedict
bunch of flowers,花簇,cedict
bunch of gangsters,黑帮,cedict
to die from excessive ejaculation,精尽人亡,cedict
bkar-dgam-pa sect of tibetan buddhism,噶当派,cedict
likelihood of being worthwhile,搞头,cedict
genre of writing,文体,cedict
prisoner of conscience,良心犯,cedict
scattering of bundle,散束,cedict
inflammation of membrane,膜炎,cedict
gospel of john,若望福音,cedict
stamen of corn,天花,cedict
calendar of events,活动看板,cedict
realm of freedom,自由王国,cedict
to repeat from memory,背诵,cedict
depths of misery,苦海,cedict
seeds of pepper,胡椒子,cedict
plaster of paris,煅石膏,cedict
at a walking pace,行板,cedict
purified of defiling illusion,清净,cedict
herd of horses,马群,cedict
maker of immortality pill,炼丹术,cedict
tangle of vines,葛藤,cedict
superintendent of education,提学御史,cedict
maid of honor,伴娘,cedict
millimeter of mercury,毫米汞柱,cedict
an outfit of,一袭,cedict
bailiff of feudal yamen,差役,cedict
axis of eccentricity,偏心矩,cedict
axis of rotation,旋转轴,cedict
prescription of elixir,仙方,cedict
of african descent,非裔,cedict
of asian descent,亚裔,cedict
of japanese descent,日裔,cedict
to give everything one has,倾囊,cedict
to give one's respects,问候,cedict
memorandum of understanding,谅解备忘录,cedict
keenly observant of trivial details,察察为明,cedict
stalk  of stamen,花丝,cedict
staircase of waterfalls,跌水,cedict
hail of bullets,弹雨,cedict
aviation industries of china,中国航空工业公司,cedict
to quote from secondary source,转引,cedict
occupant of tomb,墓主,cedict
plague of locusts,蝗灾,cedict
to escape from danger,出险,cedict
presumption of innocence,无罪推定,cedict
coefficient of restitution,劲度系数,cedict
to cast or put aside,丢开,cedict
disposition of forces,阵势,cedict
incompatibility of temperament,性格不合,cedict
leading vowel of diphthong,韵头,cedict
descendants of feudal aristocrats,贵胄,cedict
bachelor of divinity,神学士,cedict
dinosaur ancestors of birds,祖鸟类,cedict
expression of gratitude,致谢,cedict
butt of jokes,笑料,cedict
priory of zion,郇山隐修会,cedict
maurya dynasty of india,孔雀王朝,cedict
circumstances of an earthquake,震情,cedict
children of migrant workers,流动儿童,cedict
matches made of cardboard,纸火柴,cedict
nickname of korean singer psy,鸟叔,cedict
purge of counterrevolutionaries,肃反运动,cedict
loess plateau of northwest china,黄土高原,cedict
faun of greek mythology,羊男,cedict
demolition of homes,清拆户,cedict
empress dowager ci'an  of qing,慈安太后,cedict
residence of barbarian emissary,蛮邸,cedict
strait of dover,加来海峡,cedict
strait of gibraltar,直布罗陀海峡,cedict
strait of hormuz,霍尔木兹海峡,cedict
strait of malacca,马六甲海峡,cedict
rubbing of inscription,拓本,cedict
bachelor of arts,文学士,cedict
bachelor of laws,法学士,cedict
ensemble of heroes,群英,cedict
gyanendra of nepal,贾南德拉,cedict
kingdom of nepal,尼泊尔王国,cedict
unvoicing of voiced consonant,气化,cedict
feeling of nostalgia,怀旧感,cedict
torrent of words,悬河,cedict
barrage of gunfire,连珠炮,cedict
rustle of skirts,嗖嗖,cedict
utensil made of bamboo,竹器,cedict
pail made of bamboo strips,水筲,cedict
at a tremendous lick,火速,cedict
matron of honor,伴娘,cedict
signs of an impending rebellion,反相,cedict
tally of trophies,奖牌榜,cedict
aura of wickedness,邪气,cedict
at a stroke,一举,cedict
ruined at a stroke,一蹶不振,cedict
totally devoid of scruples,无所畏忌,cedict
mapping of genome,基因图谱,cedict
empress michiko of japan,美智子,cedict
geju  sect of tibetan buddhist,噶举派,cedict
zhaijiao sect of buddhism,斋教,cedict
vanda genus of orchids,万代兰,cedict
means of livelihood,生活资料,cedict
delusions of grandeur,自大狂,cedict
made of dough,面塑,cedict
made of bamboo,竹制,cedict
duel of words,舌战,cedict
expression of censure,贬词,cedict
modulus of elasticity,弹性模量,cedict
anthology of biographies,名人录,cedict
of chinese ancestry,华族,cedict
manipulation of acupuncture needles,指法,cedict
clink of jewels,玎玲,cedict
legendary abode of immortals,洞府,cedict
abyss of suffering,水深火热,cedict
abyss of worldly suffering,苦海,cedict
stratagem of sowing dissension,反间计,cedict
movements of celestial bodies,历数,cedict
potion of immortality,仙方,cedict
epistle of st james,雅各书,cedict
epistle of st jude,犹大书,cedict
third epistle of st john,约翰三书,cedict
przevalski's gazelle  of central asia,普氏小羚羊,cedict
calculus of variations,变分学,cedict
internet of things,物联网,cedict
whorl of fingerprint,螺纹,cedict
limits of decorum,深浅,cedict
bane of others' existence,天煞孤星,cedict
to make things up,胡编,cedict
to make up,化装,cedict
rhombus of michaelis,麦凯斯菱,cedict
adherent of hinduism,印度教徒,cedict
adherent of protestantism,新教徒,cedict
alternation of generations,世代交替,cedict
andingmen neighborhood of beijing,安定门,cedict
arranged betrothal of minors,娃娃亲,cedict
arrangement of ideas,层次,cedict
arrival of newborn,降生,cedict
articles of association,章程,cedict
articles of incorporation,章程,cedict
ashes of cremated buddha,佛舍利,cedict
assemblage of talented individuals,群英,cedict
assortment of preserved fruits,杂拌,cedict
beginning of maturity,笄年,cedict
beiyuan neighborhood of beijing,北苑,cedict
broadcasting corporation of china,中国广播公司,cedict
bucketloads of,一箩筐,cedict
capability of adapting oneself,承受力,cedict
capability of resisting,抗性,cedict
carer of elderly persons,护老者,cedict
catalog of prostitutes,烟花簿,cedict
center of projection,投影中心,cedict
chanting of prayers,梵呗,cedict
chaoyangmen neighborhood of beijing,朝阳门,cedict
children of celebrities,星二代,cedict
children of officials,官二代,cedict
chinese units of measurement,市制,cedict
chirping of insects,蝉鸣,cedict
collection of classical writings,大典,cedict
collection of documents,文库,cedict
collection of maps,地图集,cedict
collection of papers,集刊,cedict
collection of pictures,图集,cedict
collective of leaders,领导集体,cedict
conductor of electricity,电导体,cedict
conference of activist representatives,积代会,cedict
consideration of seniority,大小,cedict
degrees of freedom,自由度,cedict
deprivation of freedom,自由刑,cedict
descendants of nobles,华胄,cedict
desirous of,想要,cedict
dimples of venus,圣涡,cedict
dongzhimen neighborhood of beijing,东直门,cedict
effectiveness of fertilizer,肥效,cedict
efficiency of production,生产率,cedict
facts of an injustice,冤情,cedict
fangzhuang neighborhood of beijing,方庄,cedict
feeling of guilt,罪恶感,cedict
feeling of powerlessness,无力感,cedict
feeling of togetherness,统感,cedict
firmness of determination,横竖劲儿,cedict
follower of catholicism,天主教徒,cedict
forms of versification,格律,cedict
fragrance of flowers,花香,cedict
freedom of action,行动自由,cedict
freedom of association,结社自由,cedict
freezing of waterway,冰塞,cedict
fuchengmen neighborhood of beijing,阜成门,cedict
fuxingmen neighborhood of beijing,复兴门,cedict
gems of wisdom,珠玉,cedict
goddess of fertility,天孙娘娘,cedict
governor of hong kong,港督,cedict
grunting of pigs,豕豞,cedict
harald v of norway,哈拉尔五世,cedict
hepingli neighborhood of beijing,和平里,cedict
hong kong association of banks,香港银行公会,cedict
hulunbuir grasslands of inner mongolia,呼伦贝尔草原,cedict
husbands of sisters,连襟,cedict
institutions of government,政府机关,cedict
jingling of bells,丁冬,cedict
kingdom of naples,那不勒斯王国,cedict
letsie iii of lesotho,莱齐耶三世,cedict
liberation tigers of tamil eelam,泰米尔伊拉姆猛虎解放组织,cedict
meaning of words,语义,cedict
means of production,生产资料,cedict
means of subsistence,活路,cedict
means of transportation,交通工具,cedict
meeting points of qi,经气聚集,cedict
movement of limbs,手脚,cedict
movement of vehicles,行车,cedict
municipality of macau,澳门市,cedict
muscles of mastication,咀嚼肌,cedict
norms expected of women,闺范,cedict
occurrence of illness,病例,cedict
opening of theatrical performance,开台,cedict
payment of claims,理赔,cedict
percentage of votes obtained,得票率,cedict
probability of winning,胜率,cedict
program of action,行动方案,cedict
rays of radiation,放射线,cedict
rectification of names,正名,cedict
regardless of perils,奋不顾身,cedict
rehabilitation of displaced persons,游民改造,cedict
renewal of insurance,续保,cedict
rhyzome of anemarrhena,知母,cedict
rotation of crops,倒茬,cedict
salaries of government officials,官俸,cedict
scenes of springtime,春光,cedict
screeching of tires,嚓嚓,cedict
selected works of mao zedong,毛泽东选集,cedict
separation of powers,三权分立,cedict
shortage of,缺少,cedict
shortage of electricity,电荒,cedict
smiles of exultation,眉飞色舞,cedict
sources of troops,兵源,cedict
statement of charges,起诉书,cedict
straits of johor,柔佛海峡,cedict
subdivision of policing activities,警种,cedict
subkingdom of animals excluding sponges,真后生动物,cedict
suburbs of beijing,京郊,cedict
supervisor of textiles,监织造,cedict
teaching of confucius,孔教,cedict
tens of thousands,数以万计,cedict
terms of endearment,情话,cedict
terms of payment,付款方式,cedict
theater of operations,战区,cedict
theodor of fyodor,费奥多尔,cedict
traditional painting of beautiful women,仕女,cedict
translation of metaphysics,玄学,cedict
translation of selected passages,摘译,cedict
tropic of capricorn,南回归线,cedict
trumpeter of sb's praises,吹鼓手,cedict
twittering of birds,呢喃,cedict
victims of oppression,鱼肉,cedict
vigor of brushstrokes,骨力,cedict
volumes of classics,经卷,cedict
volumes of scriptures,经卷,cedict
wangjing neighborhood of beijing,望京,cedict
words of politeness,客气话,cedict
worthy of celebration,可喜可贺,cedict
wudaokou neighborhood of beijing,五道口,cedict
wusun kingdom of central asia,乌孙国,cedict
xiaozhai neighborhood of xi'an,小寨,cedict
xidan neighborhood of central beijing,西单,cedict
xizhimen neighborhood of beijing,西直门,cedict
yayuncun neighborhood of beijing,亚运村,cedict
zagros mountains of southwest iran,扎格罗斯,cedict
to abstain from food,大斋,cedict
to seek refuge from calamities,逃灾避难,cedict
a person who does so,掉书袋,cedict
at a stride,大步流星,cedict
to regain one's good name,恢复名誉,cedict
to benefit from,受益,cedict
to live or die,存亡,cedict
to work part-time,工读,cedict
to feel embarrassed or awkward,为难,cedict
to cherish one's good name,自爱,cedict
to hold one's own,应付自如,cedict
at a stalemate,相持不下,cedict
to faint from fear,吓昏,cedict
at a standstill,停滞,cedict
a well-thought out long-term strategy,深谋远略,cedict
separated by a given distance,相距,cedict
to get wiped out,团灭,cedict
to rescue from danger,援救,cedict
boat propelled by a yuloh,摇橹船,cedict
boat towed by a tugboat,拖船,cedict
separated by a generation,隔世,cedict
to observe from afar,临眺,cedict
to flee from danger,避险,cedict
cannot attend to or manage,顾不上,cedict
to separate oneself from,脱离,cedict
to build one's house,结庐,cedict
more and more,愈来愈,cedict
to show mercy or forgiveness,留情,cedict
to extract oil from vegetables,榨油,cedict
to suffer from malaria,打摆子,cedict
to release from jail,释放出狱,cedict
able to hold one's drink,不为酒困,cedict
to suffer from insomnia,失眠,cedict
to suddenly awake from sleep,猛醒,cedict
to suffer from,患有,cedict
to suffer from edema,水肿,cedict
to suffer from hunger,挨饥抵饿,cedict
to pluck from danger,救出,cedict
to profit from widespread suggestions,集思广益,cedict
to release from custody,释回,cedict
difficult to get about,行动不便,cedict
to gain from corrupt dealing,营私,cedict
from generation to generation,代代,cedict
to follow one another,相间,cedict
to meet one's end,命归黄泉,cedict
to show unhappiness or displeasure,面露不悦,cedict
to appear before one's eyes,入眼,cedict
superior by a notch,更胜一筹,cedict
punctuated by a transition,顿挫,cedict
a marriage predestined by fate,姻缘,cedict
what path to take,何去何从,cedict
to faint from stress,晕场,cedict
beaming from ear to ear,满脸生花,cedict
from ear to ear,满面,cedict
grinning from ear to ear,合不拢嘴,cedict
back to square one,另起炉灶,cedict
in time for,赶上,cedict
hanging by a thread,不绝如缕,cedict
to show one's head,露头,cedict
to get beaten up badly,满地找牙,cedict
to get up,起身,cedict
to get worked up,方寸大乱,cedict
to personally undertake or manage,躬行,cedict
to govern one's family,齐家,cedict
to withdraw currency from circulation,回笼,cedict
to force one's help upon,越帮越忙,cedict
to sell off one's property,变产,cedict
to become powerful or influential,坐大,cedict
to slap one's own face,打嘴,cedict
to carry everything before one,无坚不摧,cedict
to go about,转帆,cedict
by a fluke,侥幸,cedict
to throw away one's life,送死,cedict
to make more mild,缓和,cedict
no clue where to start,老鼠拉龟，无从下手,cedict
to show one's face,露脸,cedict
to know  inside out,了如指掌,cedict
to try one's hand,初试身手,cedict
to recover from,扳回,cedict
to recover from illness,复原,cedict
to help one another,相助,cedict
left to one's own devices,六亲无靠,cedict
to abscond from justice,畏罪潜逃,cedict
life is but a dream,人生如梦,cedict
to retire from acting,息影,cedict
to show one's support,应援,cedict
to cry from hunger,靠腰,cedict
to die young or prematurely,夭折,cedict
from prosperity to decline,由盛转衰,cedict
to make more beautiful,美化,cedict
to make more youthful,年轻化,cedict
to make oneself more attractive,美容,cedict
to lay down one's arms,缴枪,cedict
to down one's drink,下酒,cedict
to know each other,相认,cedict
to play mahjong or cards,打牌,cedict
to withdraw from,撤离,cedict
to withdraw from an election,退选,cedict
to withdraw from worldly affairs,出世,cedict
to vie against one another,相争,cedict
to lose one's good looks,走相,cedict
to conclude from facts,归纳,cedict
to ban  from competitions,禁赛,cedict
to exclude from insurance coverage,拒保,cedict
to kill one's own father,弑父,cedict
to pay wages or salary,发薪,cedict
to suspend  from duties,停职,cedict
one's own flesh and blood,血族,cedict
to show one's softer side,示弱,cedict
to abstain from eating meat,吃斋,cedict
to let one's wealth show,露富,cedict
to arch one's back,弓背,cedict
to bring one's own,自带,cedict
from dawn to dusk,从早到晚,cedict
to fancy from afar,遐思,cedict
to graduate from an apprenticeship,成军,cedict
to propagate from leaf cuttings,叶插,cedict
to eliminate from consideration,三振,cedict
to stem from,出乎,cedict
to shake all over,筛糠,cedict
to shelter from,遮挡,cedict
to live one's life,过日子,cedict
who would have expected that,谁料,cedict
who would have thought that,谁料,cedict
to fade from,淡出,cedict
to defect from,叛离,cedict
to exempt from punishment,出罪,cedict
to hunch one's back,罗锅,cedict
to flee from calamity,逃难,cedict
to evolve from,发自,cedict
to straighten one's back,挺腰,cedict
turning one's back to,背着,cedict
to originate from,源自,cedict
to divert oneself from melancholy,排闷,cedict
to exit from,弹出,cedict
to depart from,相违,cedict
to depart from established practices,离经叛道,cedict
to stab from hiding,狙刺,cedict
to determine success or failure,决胜负,cedict
to divert oneself from,排遣,cedict
to deviate from,背离,cedict
dubious or hard-to-treat cases,疑难杂症,cedict
to refrain from,避免,cedict
to emanate from,发祥,cedict
to dissuade from punitive action,缓颊,cedict
to detract from,减损,cedict
to abstain from,忌讳,cedict
to abstain from drinking,戒酒,cedict
to abstain from drugs,戒毒,cedict
to abstain from eating,禁食,cedict
to extricate oneself from,蝉蜕,cedict
to go well together,投合,cedict
to show one's true nature,显形,cedict
to keep one's eyes open,擦亮眼睛,cedict
to dominate over all others,独大,cedict
a person after one's heart,可人,cedict
to resume one's old trade,重操旧业,cedict
to start shooting or firing,打响,cedict
to start writing or painting,涉笔,cedict
to turn one's head,扭头,cedict
to believe one's own lies,自欺欺人,cedict
to increase or decrease,增减,cedict
to move one's base,转移阵地,cedict
to make time,拨空,cedict
to change one's mind,回心转意,cedict
to spend one's last years,终老,cedict
to find one's niche,适得其所,cedict
to shoot one's mouth off,口无遮拦,cedict
to add or subtract,增减,cedict
to bring one's help,周全,cedict
to speak or sing alternately,对口,cedict
a certain number or amount,若干,cedict
to borrow or lend money,借贷,cedict
to open up new territory,开疆,cedict
to take up space,占地,cedict
to lose hair or feathers,脱毛,cedict
to put one's palms together,合十,cedict
to assess damage or loss,定损,cedict
milk from a woman's breast,奶汁,cedict
to keep one's word,守信用,cedict
girl from a wealthy family,大家闺秀,cedict
would like to invite,谨订,cedict
to appreciate one's good fortune,惜福,cedict
to fly or sail direct,直航,cedict
to talk provokingly or nonsensically,胡吣,cedict
can't come to an agreement,谈不拢,cedict
to go into battle,上阵,cedict
to use up,掏空,cedict
to use up entirely,罄尽,cedict
to break up into components,解体,cedict
to break up into parts,拆分,cedict
to change one's profession,转业,cedict
to buy wine or drinks,买春,cedict
to keep one's business going,守业,cedict
to lay bear or expose,戳穿,cedict
to try one's best,倾箱倒箧,cedict
to raise or lower wages,调资,cedict
to tear into each other,撕破脸,cedict
to take out an overdraft,透支,cedict
to visit one's parental home,走娘家,cedict
to accept or reject,去取,cedict
to support one's family,养家活口,cedict
to take out,取出,cedict
to take out insurance,投保,cedict
only you can do it,非你莫属,cedict
one-to-many correspondence,一多对应,cedict
to lose one's life,丧命,cedict
to flash before one's eyes,闪映,cedict
to give some slack,松动,cedict
to vow before one's troops,誓师,cedict
to go into exile,亡命,cedict
to resist pressure or stress,抗压,cedict
to leave one's country,去国,cedict
to leak air or gas,漏气,cedict
to go into,载入,cedict
to go into hiding,匿迹,cedict
to go into opposition,下野,cedict
to take up sb's mantle,继承衣钵,cedict
to open one's eyes wide,嗔目,cedict
to love one's country,爱国,cedict
to take up,占去,cedict
to take up residence,驻锡,cedict
to kill or injure,杀伤,cedict
to stay one's hand,住手,cedict
to get into position,各就各位,cedict
thunderclap from a clear sky,青天霹雳,cedict
to exist or perish,存亡,cedict
to succeed or die trying,不成功便成仁,cedict
to urge or goad along,鞭笞,cedict
to work out,健身,cedict
to stop writing or painting,辍笔,cedict
to lose one's head,昏头,cedict
to wear away over time,消损,cedict
to breathe one's last,一命呜呼,cedict
to argue skillfully or plausibly,巧辩,cedict
to perform or undergo scaling,洗牙,cedict
to abandon one's child,弃子,cedict
to mate or marry,匹配,cedict
to demonstrate or prove,论证,cedict
to blow one's own horn,自我吹嘘,cedict
to raise one's pay,加俸,cedict
to reduce or waive,减免,cedict
to earn one's own living,自食其力,cedict
there is reason to believe,作兴,cedict
to leave one's name,留名,cedict
to go after easy prey,瓮中捉鳖,cedict
to blow one's own trumpet,自吹自擂,cedict
to examine or inspect,检讨,cedict
to increase one's position,加仓,cedict
refugee from a destroyed country,亡国虏,cedict
to wait one's turn,轮候,cedict
to achieve or accomplish goals,建功立业,cedict
pertaining to external or foreign,对外,cedict
to dig one's own grave,自取灭亡,cedict
to show one's wealth,露富,cedict
water from a mountain,山水,cedict
to kill or capture,斩获,cedict
to put aside one's pride,拉下脸,cedict
manicure and-or pedicure,美甲,cedict
to spread news or rumors,放话,cedict
to admit or welcome,接纳,cedict
risk to one's life,生命危险,cedict
to risk one's life,冒生命危险,cedict
to attract one another,相吸,cedict
to raise seedlings or saplings,育苗,cedict
to break one's word,反口,cedict
during one's visit to china,在华,cedict
to slit one's own throat,抹脖子,cedict
to change one's tune,改口,cedict
to trust one another fully,坦诚相见,cedict
to think up,想出,cedict
to get into bed,安置,cedict
to spray paint or lacquer,喷漆,cedict
to speak one's mind,有话要说,cedict
to speak one's mind directly,踹共,cedict
to raise one's head,仰头,cedict
to meet one's match,棋逢对手,cedict
to get along well,投契,cedict
to wave one's hand,摆手,cedict
to change one's costume,改装,cedict
to curse under one's breath,暗骂,cedict
to save or redeem,转圜,cedict
to smile apologetically or obsequiously,赔笑,cedict
to change one's appearance,易容,cedict
to change one's plans,改图,cedict
to change one's reservation,改签,cedict
to change one's viewpoint,转侧,cedict
to seek investment or funding,招商,cedict
to show one's colors,旗帜鲜明,cedict
to show one's feelings,形于色,cedict
to show one's teeth,呲牙咧嘴,cedict
to show one's true colors,露相,cedict
to overrate one's own abilities,不自量,cedict
to develop one's abilities freely,展翅高飞,cedict
to develop one's skills,锻炼,cedict
to leave one's job temporarily,离职,cedict
to follow one's nose,凭本能做事,cedict
indifferent to fame or gain,恬淡,cedict
to station or garrison troops,驻军,cedict
to qualify or modify,修饰,cedict
to advance or retreat,进退,cedict
unable to advance or retreat,跋胡疐尾,cedict
to wrap one's arm around,合抱,cedict
to remove or lighten,蠲减,cedict
to review or peruse,审阅,cedict
to get into trouble,出乱子,cedict
to squeeze oneself up into,挤上去,cedict
to throw one's weight around,拿架子,cedict
to check or checkmate,将军,cedict
to move one's lips,动嘴皮,cedict
to open one's mouth,启齿,cedict
to manage one's household,齐家,cedict
oneself and one's family,身家,cedict
to keep one's hands clean,洁身自好,cedict
to lose one's love,失恋,cedict
to hate one another,相恶,cedict
a fall from grace,堕落,cedict
to leave one's position,退任,cedict
to pour wine or liquor,斟酒,cedict
to make people's lives difficult,扰民,cedict
to well out,喷薄,cedict
to try one's luck,押宝,cedict
to hold one's breath,屏气,cedict
to lose one's mind,发疯,cedict
to keep one's promise,说到做到,cedict
to sign one's name,题名,cedict
to obstruct or block,遮蔽,cedict
to lose one's job,丢官,cedict
special favor from a ruler,恩宠,cedict
to confront one another,相持,cedict
to echo one another,一唱一和,cedict
to leave one's mark,留名,cedict
a visit from aunt flo,好朋友,cedict
to resemble one another,相像,cedict
to start one's career,出道,cedict
to stand one's ground,挺住,cedict
to complement one another,相承,cedict
to respond evasively or vaguely,支吾,cedict
to hold one's tongue,住嘴,cedict
up to then,其先,cedict
to stare angrily or vacantly,直眉瞪眼,cedict
to heroically sacrifice one's life,英勇牺牲,cedict
to sacrifice one's life,捐生,cedict
to state one's views,陈词,cedict
to solve or overcome,破关,cedict
to shake one's head,摇头,cedict
to load or unload,装卸,cedict
to come out unscathed,安然无恙,cedict
to pledge one's life,誓死,cedict
to keep one's shortcomings secret,讳疾忌医,cedict
to say again,再说,cedict
to come out,出来,cedict
to repel one another,相斥,cedict
to delay or hinder,贻误,cedict
to engender one another,相生,cedict
to lose one's mother,失恃,cedict
closely attached to one another,情同手足,cedict
to frighten one another,自相惊扰,cedict
to guarantee refund or replacement,包退换,cedict
to falsely or exaggeratedly label,虚标,cedict
a long pillow or cushion,抱枕,cedict
to hold one's securities,持仓,cedict
to perform one's job,执事,cedict
to constrain or repress emotions,压抑,cedict
to lose one's voice,倒嗓,cedict
to find some consolation,聊以自慰,cedict
obstinately clinging to one's course,一意孤行,cedict
to pay one's respects,问安,cedict
to well up,喷出,cedict
to flicker or flash,闪动,cedict
to take time,费时,cedict
to establish one's authority,立威,cedict
what course to follow,何去何从,cedict
to crush or compact,碾压,cedict
to enter one's name,报名,cedict
to rape or seduce,奸淫,cedict
to swear or curse,骂人,cedict
to nod one's head,颔首,cedict
to seize  incrementally or wholesale,蚕食鲸吞,cedict
to betray one's party,叛党,cedict
to leave one's post,离任,cedict
to roam or wander,流转,cedict
to try one's utmost,尽力而为,cedict
to relieve boredom or melancholy,解闷,cedict
to catch one's eye,起眼,cedict
to use less than,用不了,cedict
to open one's eyes,睁眼,cedict
to defend one's country,保卫祖国,cedict
to bend one's head,俯首,cedict
to turn one's eyes,转瞬,cedict
convention up to now,向例,cedict
to get into disarray,失序,cedict
to hate one's country,恨国,cedict
to get dragged into,受累,cedict
to get into,跻身,cedict
to get into confrontation,唱对台戏,cedict
to get into difficulties,遇溺,cedict
to boast or brag,侃大山,cedict
to dispel depression or melancholy,消愁解闷,cedict
to come up,上来,cedict
to reveal one's evil nature,狐狸尾巴,cedict
to boo or jeer,喝倒彩,cedict
to remit rentals or taxes,蠲租,cedict
to hoot or screech,鸮叫,cedict
to mine ore or minerals,挖矿,cedict
to urinate or defecate,便溺,cedict
to register one's name,登记名,cedict
unable to firmly or securely,不住,cedict
to keep one's composure,沉得住气,cedict
to keep one's lips sealed,封口,cedict
to scratch one's head,挠头,cedict
to clear one's throat,清嗓,cedict
to bump one's head,响头,cedict
to shave one's head,削发,cedict
to betray one's country,卖国,cedict
to scan one's face,刷脸,cedict
to go through hardship together,共患难,cedict
to lower one's blood pressure,降压,cedict
to go down south,南下,cedict
to leave one's seat,越席,cedict
to resume one's former position,返岗,cedict
to shave one's face,刮脸,cedict
to destroy one's family,破家,cedict
to increase one's holdings,增持,cedict
to devote one's entire mind,殚心,cedict
to raise one's voice,扯嗓子,cedict
to abandon one's family,抛家弃子,cedict
to get well,好起来,cedict
to lend one's name,出名,cedict
to support one's aged parents,孝敬,cedict
to support one's parents,供养,cedict
to lose one's hair,脱发,cedict
to exercise one's mind,运思,cedict
to leave one's mortal frame,撒手人寰,cedict
unable to control one's tongue,嘴欠,cedict
to take circumstances into account,酌情,cedict
to break one's heart,断肠,cedict
up to now,暨今,cedict
to honor one's word,说话算话,cedict
to order people about,播弄,cedict
pain from a wound,创痛,cedict
to cut one's hair,祝发,cedict
to add some water,上水,cedict
one's flesh and blood,天亲,cedict
to declare one's love,告白,cedict
to raise one's wine cup,把酒,cedict
to give out,放出,cedict
to give out information,放风,cedict
to favor one side,右袒,cedict
to lose one's memory,失忆,cedict
to play against each other,对阵,cedict
to leave one's mortal envelope,遗蜕,cedict
to receive one's regular salary,带薪,cedict
one's wife and children,家眷,cedict
salt from a salt lake,池盐,cedict
scary to think about,细思极恐,cedict
to think about,胸怀,cedict
to make people laugh,逗人发笑,cedict
two arms and two legs,四体,cedict
to manifest one's true nature,现形,cedict
to get first blood,拿一血,cedict
to empty one's mind,放空,cedict
to break one's promise,食言,cedict
to cost one dearly,吃大亏,cedict
to make new advances,出新,cedict
to let one's eyes rove,流目,cedict
to give up evil,敛迹,cedict
to choose one's food carefully,拣饮择食,cedict
to nurse one's health,调理,cedict
to line one's pockets,发横财,cedict
to blow one's top,气炸,cedict
to offer one's congratulations,敬贺,cedict
restored to one's official post,官复原职,cedict
scar from a knife wound,刀疤,cedict
student who jumps a year,跳级生,cedict
to let one's imagination roam,浮想联翩,cedict
to blow one's cover,穿帮,cedict
to declare one's position,表态,cedict
to show no quarter,毫不留情,cedict
to lose one's cool,沉不住气,cedict
to break into two,咯嚓,cedict
to leave one's homeplace,离乡背井,cedict
to leave one's sickbed,下地,cedict
to give  up,割弃,cedict
to give oneself up,自首,cedict
to give up,割舍,cedict
to give up defending,弃守,cedict
to give up drinking,戒酒,cedict
to give up halfway,中辍,cedict
to give up smoking,戒烟,cedict
unwilling to give up,不死心,cedict
to pledge one's love,定情,cedict
to get back together,复合,cedict
to go back,反悔,cedict
to shed one's body,脱胎,cedict
to look out,当心,cedict
to educate one's children,教子,cedict
to cultivate one's mind,陶冶情操,cedict
leftovers from a meal,残羹,cedict
traitor to one's love,负心汉,cedict
to go too far,出圈儿,cedict
to exceed one's authority,越职,cedict
imploring over and over again,千叮万嘱,cedict
over and over again,一次又一次,cedict
to strongly defend one's position,固守,cedict
to cross one's heart,赌咒,cedict
to modify one's previous remark,改口,cedict
to break one's journey,勾留,cedict
to purify one's body,净身,cedict
to quit one's job,裸辞,cedict
to alter one's voice,变声,cedict
all roads lead to rome,条条大路通罗马,cedict
to close one's eyes,交睫,cedict
one's capable and virtuous relatives,茂亲,cedict
to bemoan one's lot,怨命,cedict
devoted to one's job,守职,cedict
to get over,想开,cedict
unable to get over,想不通,cedict
one's conduct and deeds,所作所为,cedict
to bear one's cross,含辛茹苦,cedict
to go through  trouble,费周折,cedict
to miss one's step,踏空,cedict
down and out,落托,cedict
to lose one's temper,使性子,cedict
hard to say,难保,cedict
to shift one's ground,转变立场,cedict
written comments from a superior,批示,cedict
to overstep one's authority,僭越,cedict
to lose one's spouse,失婚,cedict
to stop one's pen,煞笔,cedict
to lose one's footing,失足,cedict
to feel no shame,好意思,cedict
to drink one's fill,痛饮,cedict
to cause one,令人,cedict
to lose one's bearings,掉向,cedict
to lose one's chastity,失节,cedict
to lose one's eyesight,失明,cedict
to lose one's splendor,黯然失色,cedict
to lose one's standing,身败名裂,cedict
to lose one's virginity,破瓜,cedict
to visit one's parents,归宁,cedict
to go under water,潜水,cedict
rubbings from a tablet,拓片,cedict
to break one's oath,弃约背盟,cedict
to look up,朝天,cedict
to observe one's duty steadfastly,守职,cedict
to cover one's traces,敛迹,cedict
to improve one's luck,改运,cedict
to stamp one's foot,跌足,cedict
to regret one's past deeds,悔不当初,cedict
to accept one's punishment,领罪,cedict
ashes from a stove,炉渣,cedict
to eat one's fill,吃饱,cedict
one's bread and butter,衣食父母,cedict
to receive one's salary,关饷,cedict
adapted from a manga,漫改,cedict
a general or admiral,大将,cedict
to publish one's opinion,笔谈,cedict
to scratch one's foot,抠脚,cedict
to go through sheer hell,活受罪,cedict
time to come,往后,cedict
to concentrate one's attention,定神,cedict
to press one's luck,豁出去,cedict
to spend one's vacation,度假,cedict
to sell one's labor,营工,cedict
to remember one's parents,思亲,cedict
to find each other disagreeable,不对盘,cedict
to one's heart's content,痛快,cedict
to show some modesty,收敛锋芒,cedict
to reduce one's holdings,减持,cedict
to pass one's days,度日,cedict
to cultivate one's moral character,修身,cedict
to surpass one's father,跨灶,cedict
to tax one's ingenuity,用尽心机,cedict
to come into view,映入眼帘,cedict
to set up home,落户,cedict
to ignore one's proper occupation,不务正业,cedict
to wash one's hair,洗头,cedict
to express one's approval,竖起大拇指,cedict
to express one's feelings,表情,cedict
to express one's thanks,答谢,cedict
to know perfectly well,明知,cedict
to know well,掌握,cedict
unable to contain one's joy,喜不自胜,cedict
who could have thought that,想不到,cedict
to go down,下去,cedict
to inhabit one's role,入戏,cedict
to desert one's post,遐弃,cedict
to collect one's thoughts,回神,cedict
to estimate one's strength,量力,cedict
a tranquil heart or mind,居心,cedict
to go through numerous,几经,cedict
to run after two hares,脚踏两条船,cedict
to suit one's taste,合意,cedict
concentrating one's thoughts and efforts,一心一意,cedict
one's elders and betters,尊长,cedict
one's thoughts and feelings,感触,cedict
to back out,反悔,cedict
to achieve one's ambitions,径情直遂,cedict
to fully achieve one's ambitions,功完行满,cedict
to measure one's words,斟酌字句,cedict
to shift one's attention,转移视线,cedict
to raise one's eyes,举目,cedict
to raise one's spirits,振奋,cedict
to fling one's arm,甩动,cedict
to divide one's attention,一心二用,cedict
keeping to one's role,本分,cedict
to improve one's appearance,美容,cedict
to pick one's nose,挖鼻子,cedict
will to fight,斗志,cedict
music to one's ears,中听,cedict
to go through,经过,cedict
to go through challenging experiences,摸爬滚打,cedict
to go through customs,入关,cedict
to go through repeatedly,久经,cedict
to go through unhindered,通行无阻,cedict
a little more than,冒头,cedict
to invest one's emotions,投注,cedict
to change back into,变回,cedict
to repudiate one's wife,休妻,cedict
you asked for it,自找,cedict
to accumulate over time,积久,cedict
to take into custody,拘押,cedict
to make way,攘辟,cedict
to examine one's conscience,反省,cedict
according to one's capabilities,所能,cedict
according to one's wishes,随意,cedict
to seek one's livelihood,谋生,cedict
to choose one's words,遣词,cedict
to cross one's arms,抱臂,cedict
long and drawn-out,旷日持久,cedict
to recover one's sight,重光,cedict
to expound one's theory,立言,cedict
to seek one's roots,寻根,cedict
every day and every month,日月,cedict
to dye one's hair,染发,cedict
to take into consideration,顾及,cedict
to adjust one's direction,掉向,cedict
to one's surprise,不料,cedict
to go off-key,岔调,cedict
to harden one's heart,横心,cedict
to come into an account,进账,cedict
to waste one's breath,白费唇舌,cedict
to reveal one's talent,脱颖而出,cedict
to pick one's teeth,剔牙,cedict
to stand all alone,茕茕孑立,cedict
to back up,倒灌,cedict
to beat one's chest,捶胸,cedict
to search one's soul,反省,cedict
to neglect one's duty,溺职,cedict
all cut and dried,内定,cedict
to drop one's pants,褪下,cedict
to exert one's horse,汗马,cedict
can't manage to count,数不过来,cedict
to bare one shoulder,偏袒,cedict
to find out,了解,cedict
unable to find out,不得而知,cedict
to concentrate one's efforts,下工夫,cedict
to concentrate one's eyebrows,横眉,cedict
to demonstrate one's sincere convictions,明志,cedict
can't afford to play,玩不起,cedict
to mirror one's screen,投屏,cedict
to blow one's nose,擤鼻涕,cedict
to acknowledge one's mistake,认错,cedict
to forget one's lines,忘词,cedict
to forget one's manners,失态,cedict
to forget one's meals,忘餐,cedict
to forget one's roots,忘本,cedict
to advance one's learning,进学,cedict
to find enough time,抓功夫,cedict
to fulfill one's duty,尽义务,cedict
strange to say,说也奇怪,cedict
to display one's ignorance,露怯,cedict
to reveal one's feelings,告白,cedict
to reveal one's sexual orientation,出柜,cedict
to reveal one's valuables inadvertently,露白,cedict
to spread one's reputation,传名,cedict
to admit one's guilt,低头认罪,cedict
to throw one's energies,投注,cedict
to go beyond old ideas,推陈布新,cedict
to confess one's crime,首款,cedict
to beat one's brains,伤脑筋,cedict
to reform one's ways,洗手不干,cedict
to guard one's territory,守土,cedict
to twitch one's mouth,撇嘴,cedict
to repay one's debt,了债,cedict
to fulfill one's desire,随心,cedict
about to give birth,临产,cedict
to roll one's eyes,翻白眼,cedict
to neglect neither one,两不误,cedict
to deliver one's judgement,宣判,cedict
to ruin one's constitution,大伤元气,cedict
to radiate all around,四射,cedict
to bind one's breasts,束胸,cedict
to earn one's living,揾食,cedict
to fulfill one's dream,圆梦,cedict
to block one's ears,塞耳,cedict
to exhibit one's skills,露一手,cedict
to recover one's youthful vigor,返老还童,cedict
to curl one's lip,撇嘴,cedict
to burn one's boats,破釜沉舟,cedict
to burn one's eyebrows,燃眉,cedict
to burn one's fingers,吃苦头,cedict
to alter one's fate,改运,cedict
to bare one's chest,光膀子,cedict
to guard one's tongue,慎言,cedict
to nourish one's skin,养颜,cedict
to sow one's wild oats,寻花问柳,cedict
to wash one's feet,濯足,cedict
to wash one's hands,洗手,cedict
to destroy one's ink-slab,焚砚,cedict
to build up public opinion,造舆论,cedict
to empty one's bladder,小解,cedict
to confess one's fault,领罪,cedict
to preserve one's heritage,守业,cedict
to shift one's eyes,转移视线,cedict
to cool one's temper,消气,cedict
to narrow one's eyes,眯眼,cedict
to preserve one's integrity,守身,cedict
to crane one's neck,引领,cedict
to use every possible means,营谋,cedict
to empty one's bowels,大解,cedict
to stuff one's pockets,中饱私囊,cedict
to parade one's wealth,摆阔,cedict
to satisfy one's craving,解馋,cedict
to swing one's sleeve,甩袖子,cedict
to swallow one's anger,忍气吞声,cedict
every day and every hour,每时每日,cedict
to gather one's friends,呼朋引伴,cedict
to gather one's spirits,抖擞精神,cedict
to one's taste,对胃口,cedict
to defend one's dissertation,答辩,cedict
requiring much time and effort,耗时耗力,cedict
to conceal one's identity,匿影藏形,cedict
to destroy one's,自毁,cedict
to make matters even worse,雪上加霜,cedict
to relax one's efforts,松气,cedict
to cool one's heels,坐冷板凳,cedict
to say goodbye,告辞,cedict
to kick one's legs,蹬腿,cedict
to get back,追回,cedict
to dissipate one's wealth,败光,cedict
to dominate one's thoughts,熏心,cedict
to flaunt one's wealth,炫富,cedict
to extend new year's greetings,贺岁,cedict
to knit one's brow,皱眉,cedict
not inferior in any respect,毫不逊色,cedict
to twist one's waist,扭腰,cedict
to swing one's arms,摆手,cedict
to wet one's pants,尿裤子,cedict
to split one's sides laughing,捧腹大笑,cedict
to bare one's arms,攘臂,cedict
to bare one's fangs,呲牙咧嘴,cedict
to pursue one's studies,深造,cedict
to vent one's anger,出气,cedict
to summon one's courage,鼓起勇气,cedict
to quickly amend one's ways,朝过夕改,cedict
to fold one's arms,抄手,cedict
to cherish one's reputation,爱惜羽毛,cedict
to quell one's anger,息怒,cedict
to click one's tongue,咂嘴,cedict
to leave no stone unturned,倾箱倒箧,cedict
to assuage one's anger,解气,cedict
to feather one's nest,营私,cedict
to knit one's brows,颦眉,cedict
to curb one's evil instincts,收心,cedict
to brush one's teeth,刷牙,cedict
to relinquish one's grip,松手,cedict
to accomplish one's ambition,得志,cedict
to forfeit one's salary,罚俸,cedict
to render one's humble services,效犬马之劳,cedict
to broaden one's scope,扩大,cedict
to loosen one's grip,释手,cedict
to exhaust one's limited abilities,黔驴技穷,cedict
to squander one's fortune,败光,cedict
to wag one's tongue,动嘴皮,cedict
to offend one's elders,以下犯上,cedict
to offend one's superiors,犯上,cedict
to stamp one's feet,跺脚,cedict
to flock there,蜂拥而至,cedict
to spoil one's appetite,倒胃口,cedict
to snap one's fingers,弹指,cedict
to bewail one's poverty,哭穷,cedict
to interrupt one's studies,辍学,cedict
to discharge one's duties,尽职,cedict
to outsmart one's opponent,棋高一着,cedict
to cluck one's tongue,咄咄,cedict
to tighten one's belt,勒紧裤带,cedict
to one's satisfaction,满意,cedict
to shrug one's shoulders,耸肩,cedict
to restrain one's emotions,隐忍不发,cedict
to update one's blog,更博,cedict
to craft one's words,炼字,cedict
temple to one's forebears,祠庙,cedict
to neglect one's duties,疏忽职守,cedict
to wipe one's eyes,拭目,cedict
to dupe one's sovereign,欺君罔上,cedict
to swallow one's cries,吞声,cedict
to get  under control,稳控,cedict
resigned to one's fate,苟且,cedict
needless to say,自不待言,cedict
to say,口称,cedict
to say candidly,坦言,cedict
to say clearly,明言,cedict
to say definitely,说死,cedict
to say everything,倾诉,cedict
to say straightforwardly,直呼,cedict
unable to say,说不出,cedict
to tender one's resignation,请辞,cedict
to summon one's,鼓起,cedict
after a long time,天长日久,cedict
to resume one's studies,复学,cedict
yoke one has to endure,十字架,cedict
a laissez-passer or safe conduct,通行证,cedict
to sharpen one's sword,磨刀霍霍,cedict
to trim one's toenails,扦脚,cedict
to come into contact,交接,cedict
to drown one's sorrows,借酒浇愁,cedict
to sprain one's ankle,崴脚,cedict
to go off,出走,cedict
to go off accidentally,走火,cedict
to enlarge one's breasts,丰乳,cedict
to postpone one's graduation,延毕,cedict
to boast one's merits,逞能,cedict
to rack one's brains,劳心,cedict
to regain one's eyesight,复明,cedict
to regain one's youthful looks,逆生长,cedict
to whet one's appetite,两颊生津,cedict
to feast one's eyes,大饱眼福,cedict
to sway one's hips,扭腰,cedict
shrine dedicated to one's ancestors,祖祠,cedict
to realign one's allegiance,归附,cedict
to grind one's teeth,磨牙,cedict
to slash one's prices,杀价,cedict
to smack one's lips,吧唧,cedict
to vent one's spleen,舒气,cedict
to grit one's teeth tightly,咬紧牙关,cedict
to clench one's fists,攥拳头,cedict
to clench one's teeth,咬牙,cedict
to clap one's hands,拍手,cedict
to mend one's ways,改悔,cedict
to sate one's lust,泄欲,cedict
to vent one's grievances,诉冤,cedict
to slit one's wrists,割腕,cedict
to bellow one's grievances,叫嚷,cedict
to disobey one's benefactor,违恩负义,cedict
to wring one's hands,扼腕,cedict
to vacate one's bowels,蹲坑,cedict
to recharge one's batteries,充电,cedict
to recoup one's investment,回本,cedict
to recoup one's losings,捞本,cedict
to retrace one's steps,折回,cedict
to allay one's hunger,充饥,cedict
to overestimate one's capabilities,不自量力,cedict
to disrespect one's superiors,以下犯上,cedict
to swipe one's smartphone,刷手机,cedict
to twiddle one's thumbs,抠脚,cedict
to gnash one's teeth,切齿,cedict
to flub one's lines,穿帮,cedict
an interruption to one's education,失学,cedict
devoted to one's parents,孝顺,cedict
instructions to one's children,家训,cedict
to broaden one's horizons,拓展视野,cedict
to broaden one's horizons greatly,大开眼界,cedict
to moisten one's lips,沾唇,cedict
to one's liking,中听,cedict
to overrate one's abilities,鸡蛋碰石头,cedict
to redirect one's affections,移情,cedict
to redouble one's efforts,加大力度,cedict
to vaunt one's tricks,卖本事,cedict
to widen one's horizons,开眼,cedict
untrue to one's convictions,违心,cedict
put you in your place,给你点颜色看看,cedict
to make right,纠正,cedict
to possess no special talents,身无长技,cedict
to carry no weight,言之无物,cedict
now and then,不时,cedict
then and now,古今,cedict
to tell each other everything,无话不说,cedict
to cause no trouble,省心,cedict
to leave no trace,不落痕迹,cedict
to take over,并购,cedict
to make even,扯平,cedict
to even up,找齐,cedict
to allow no explanation,不由分说,cedict
to break all friendly ties,割袍断义,cedict
to break all ties,恩断义绝,cedict
to leave some leeway,留有余地,cedict
nothing to write home about,杀人不过头点地,cedict
to make great effort,用功,cedict
not in use,闲暇,cedict
a silver or gold ingot,元宝,cedict
to make good,抵偿,cedict
to get through,度过,cedict
to travel through time,穿越时空,cedict
to open up land,垦荒,cedict
to recover some lost ground,扳回一城,cedict
to let water out,放水,cedict
to cut some meat,割肉,cedict
to parrot other people's words,听见风就是雨,cedict
to come into vogue,兴起,cedict
to follow each other's accounts,互粉,cedict
to come into being,出世,cedict
all kinds and sorts,各式各样,cedict
everywhere and all directions,四处,cedict
to realize only then,方知,cedict
to go home,打道回府,cedict
to fall back into poverty,返贫,cedict
to think over,咀嚼,cedict
chinese and english two-way translation,汉英互译,cedict
to feel out,试探,cedict
to act out violently,发飙,cedict
to help each other,互助,cedict
to send out  without authorization,阑出,cedict
to set up separate households,分锅,cedict
to turn inside out,倒空,cedict
to go against,出乎,cedict
to go against orders,违令,cedict
to kill people like flies,杀人如麻,cedict
can afford to lose,输得起,cedict
to put out,作出,cedict
more than a hundred,百几,cedict
to end up empty-handed,一无所获,cedict
to press up against,紧贴,cedict
to gain some underhand advantage,捞一把,cedict
to move out,搬出去,cedict
to call out,呼唤,cedict
to point out,指出,cedict
to point out bluntly,直陈,cedict
over and over,一遍又一遍,cedict
to act up,作怪,cedict
stop and go,哩哩啦啦,cedict
to keep each other informed,通气,cedict
to become more serious,加重,cedict
to cry out against injustice,鸣不平,cedict
a talisman or lucky charm,符牌,cedict
to view close up,展玩,cedict
to show up,出现,cedict
to warm up again,回暖,cedict
a  pill or tablet,药片,cedict
to hear what was said,见说,cedict
to make easy money,发横财,cedict
to go away,外出,cedict
to set up an exhibit,布展,cedict
to hand out leaflets,派单,cedict
to put up collateral,抵押,cedict
a bamboo or wicker scoop,畚箕,cedict
a lantern or torchlight procession,火龙,cedict
according to some,一说,cedict
to put up scaffolding,搭架子,cedict
to make administration service-oriented,寓管理于服务之中,cedict
to end up abruptly,草草收场,cedict
about a year,一年半载,cedict
to spare no effort,不惜血本,cedict
to cling without letting go,缠绵不已,cedict
to face each other,相望,cedict
to no purpose,白白,cedict
time and place,时空,cedict
to set out,出航,cedict
to divide up an area,划位,cedict
refers to greenwich mean time,格林尼治,cedict
to get ripped off,挨宰,cedict
to make an unwise move,失着,cedict
to make an outgoing call,呼出,cedict
to go without meals,断顿,cedict
to divide people  into groups,编班,cedict
to set up camp,安营扎寨,cedict
to get old,上年纪,cedict
use both carrot and stick,软硬兼施,cedict
to help out,搭把手,cedict
to hold out,硬挺,cedict
a one-person exhibition,个展,cedict
to go around,兜圈子,cedict
to pull no punches,动真格,cedict
to pay out,赔付,cedict
to abandon all restraint,放浪形骸,cedict
to some degree,三分,cedict
to follow up,跟进,cedict
to take back,收回,cedict
to exceed all expectations,出人意表,cedict
to overcome all obstacles,排除万难,cedict
to try out,试探,cedict
to fall into bad company,滥交,cedict
thus and so,如此这般,cedict
to set up stall,摊售,cedict
to turn out,倒空,cedict
guaranteed to cure all diseases,包治百病,cedict
right to know,知情权,cedict
to run out,告罄,cedict
to come over,过来,cedict
to some extent,多多少少,cedict
to set up,安排,cedict
to set up an encampment,扎寨,cedict
to set up defenses,设防,cedict
to set up illegally,私立,cedict
to set up separately,分设,cedict
to set up specially,特设,cedict
to surmount all difficulties,过关斩将,cedict
to hold up an umbrella,打伞,cedict
to look into,探究,cedict
to hold things up,误事,cedict
to hold up,崇尚,cedict
to make friends again,重修旧好,cedict
to make healthy again,疗伤,cedict
to pay up,交钱,cedict
to let go,放开,cedict
to let go unpunished,不问,cedict
to let oneself go,任情,cedict
unwilling to let go,紧咬不放,cedict
to brook no delay,刻不容缓,cedict
having a one-track mind,死心眼儿,cedict
to draw air out,抽气,cedict
more than a billion,十多亿,cedict
to look exactly like,活像,cedict
to look like,肖似,cedict
to make large trades,操盘,cedict
to stand facing each other,对峙,cedict
to read out loud,读出,cedict
to make false charges against,陷害,cedict
to save up money,攒钱,cedict
unable to make ends meet,入不敷出,cedict
to open up,张开,cedict
to leave each other,分袂,cedict
were it not for,若非,cedict
to overemphasize some topic,偏科,cedict
to plan out,构思,cedict
to clear out accumulated items,出清,cedict
to turn up,竖起,cedict
time and again,屡次,cedict
to run up,助跑,cedict
can't bear to,不忍心,cedict
to spare no efforts,拼力,cedict
to love each other,相爱,cedict
to think back,回想,cedict
to build up,拔高,cedict
to become more differentiated,细化,cedict
to become more youthful,减龄,cedict
to start up,起动,cedict
to understand each other,交情匪浅,cedict
to keep covered up,隐含,cedict
to keep up,维系,cedict
to keep up appearances,撑门面,cedict
to keep up harmonious relations,亲睦,cedict
to go easy,从容,cedict
to blurt out without thinking,冲口而出,cedict
to read out,念诵,cedict
to take down,笔记,cedict
to take down notes,笔录,cedict
no longer a high priority,束之高阁,cedict
to go together,共赴,cedict
afraid to speak out,嘴软,cedict
to increase many times over,倍增,cedict
to no avail,奈何,cedict
to take things too hard,想不开,cedict
to come first,在先,cedict
to sit facing each other,对坐,cedict
to accompany over long term,久陪,cedict
to carry out trial,试点,cedict
to make extra money,捞外快,cedict
to make clear,昭示,cedict
to make distinctions clear,分清,cedict
to make an official visit,外出访问,cedict
to clear up,廓清,cedict
to clear up confusion,解惑,cedict
to clear up difficulties,释疑,cedict
can't afford to offend,惹不起,cedict
to reason things out,评理,cedict
to add up,相加,cedict
to go white,发白,cedict
to worry about being late,着忙,cedict
to make certain,确定,cedict
to talk about often,念叨,cedict
deep gratitude up to death,结草,cedict
to find another day,改天,cedict
to speak out,说出,cedict
to speak out fully,尽言,cedict
to force out,赶跑,cedict
to stand out,出众,cedict
to stand out markedly,跃然,cedict
no longer a child,老大不小,cedict
to figure out,弄懂,cedict
unable to figure out,弄不清,cedict
to get along together,对劲,cedict
to go along,沿着,cedict
beautiful inside and out,内外兼修,cedict
inside and out,里外,cedict
to race against time,与时间赛跑,cedict
to let out,放宽,cedict
to leave out,漏掉,cedict
to bring up,呼出,cedict
a one-piece dress,连衣裙,cedict
able to get pregnant easily,易孕,cedict
to make strange things happen,作怪,cedict
to make nuclear-free,无核化,cedict
to get really angry,火冒三丈,cedict
to make level,找平,cedict
to level up,上分,cedict
to put into water,下水,cedict
to drive out evil spirits,驱魔赶鬼,cedict
to sit up straight,坐好,cedict
to send out goods,发货,cedict
to turn over old accounts,翻老账,cedict
to feel about,摸索,cedict
to feel strongly about,热衷,cedict
to make public,公诸于世,cedict
to scoop up water,掬水,cedict
to put money into,注资,cedict
to what extent,多么,cedict
about to act,行将,cedict
to carry out,付诸实施,cedict
to carry out  conscientiously,笃行,cedict
to carry out commercial activities,经商,cedict
to carry out enforcement checks,缉查,cedict
to carry out resolutely,断行,cedict
to fall out,出列,cedict
a way out,出路,cedict
to bring into play,调动,cedict
to grow up,出息,cedict
to get away,脱身,cedict
to drive out,挤垮,cedict
to drive out devils,驱邪,cedict
to live more frugally,勒紧裤带,cedict
to line up,排队,cedict
to buy out,买断,cedict
to make an offer,报盘,cedict
to make money,挣钱,cedict
to make money online,网赚,cedict
to stand someone up,放鸟,cedict
to stand up,平身,cedict
to get round fast,不胫而走,cedict
to go wrong,出乱子,cedict
to go forward,前行,cedict
to wear inside out,穿反,cedict
to think through,琢磨,cedict
to go separate ways,各奔东西,cedict
well worth a second look,耐看,cedict
to lose out,吃亏,cedict
to go slow,怠工,cedict
to fight each other,内斗,cedict
to pull out hair,拔毛,cedict
to put about,扬言,cedict
to take long strides,拽步,cedict
to sort out,打理,cedict
to look over,寓目,cedict
to look over carefully,端详,cedict
to draw out,勾出,cedict
to make light chat,笑谈,cedict
to make everyone's lives better,兼济天下,cedict
to round up,兜捕,cedict
to break out,摆脱,cedict
to make things difficult,打横炮,cedict
to cut out,切除,cedict
to rule out,排除,cedict
to make love,作爱,cedict
to black out,昏天黑地,cedict
to move about,游动,cedict
to move things about,翻动,cedict
to get around,传开,cedict
reform and opening up,改开,cedict
to come  back,返回,cedict
to come back,来电,cedict
to encourage each other,互勉,cedict
to make war,开战,cedict
to light up,照亮,cedict
to sell out,售完,cedict
contrary to what usually happens,一反往常,cedict
to mark out,标注,cedict
to make whole,成全,cedict
good luck and long life,福寿绵长,cedict
to close up,闭塞,cedict
to look back upon,回溯,cedict
to haggle over every cent,锱铢必较,cedict
to take part,出赛,cedict
to go beyond,出乎,cedict
to pass out,背气,cedict
to pass out drunk,醉倒,cedict
to go straight,直行,cedict
to send out,外送,cedict
to send out troops,出师,cedict
to make expectoration easy,润肺,cedict
to go soft,发软,cedict
to make doubly sure,敲钉钻脚,cedict
use gentle methods and force,软硬兼施,cedict
to use both feet equally,左右开弓,cedict
to go flat,撒气,cedict
to top up,加满,cedict
to sound out,试探,cedict
to sound out opinions,探口气,cedict
to make an investigative visit,察访,cedict
to create more trouble,凑热闹,cedict
well-known far and near,遐迩皆知,cedict
to use violence against violence,以暴易暴,cedict
to make  available,腾出,cedict
to make available,释出,cedict
to watch out,提神,cedict
to die out,倒槽,cedict
to force into service,拉夫,cedict
to draw up,撰拟,cedict
to cover up,包庇,cedict
to make slow progress,蜗行牛步,cedict
to take off,脱下,cedict
to break up,分割,cedict
to cut up,分割,cedict
to stop up,堵死,cedict
to set about,下手,cedict
to talk about former times,叙旧,cedict
to sign out,签出,cedict
slow to heat up,慢热,cedict
to pick up speed,提速,cedict
short life and long life,夭寿,cedict
to contract out,出包,cedict
to step out,迈出,cedict
to sell up,出盘,cedict
to ask about,打听,cedict
to mark up,标记,cedict
a long time since,久已,cedict
good and bad people intermingled,良莠不齐,cedict
to keep time,走时,cedict
go to hell,夭寿,cedict
to get better,好起来,cedict
to pick up goods,提货,cedict
to board out,寄养,cedict
well-off and respected,安富尊荣,cedict
to go silent,闭麦,cedict
to fit out,整装,cedict
to go mad,发疯,cedict
to take great pains,不厌其烦,cedict
to accompany each other,相伴,cedict
to make an air raid,空袭,cedict
to lay out,布下,cedict
to go abroad,出洋,cedict
to guard each other,相保,cedict
to cross out,划掉,cedict
to make an approach,叩关,cedict
to seek out,觅取,cedict
to team up,组队,cedict
to work hard without complaint,任劳任怨,cedict
to get natural light,采光,cedict
to go hungry,挨饿,cedict
to make paper cutouts,剪纸,cedict
to paint out,涂去,cedict
to lead into sex,色诱,cedict
to take place,发案,cedict
to separate out,析出,cedict
to turn about,掉头,cedict
to strike out,三振,cedict
mixed-up and superfluous,芜累,cedict
to space out,拉开,cedict
to fish out,打捞,cedict
to lie stretched out,躺平,cedict
to go bankrupt,倒闭,cedict
mixed-up and illogical,芜杂,cedict
to go crazy,发疯,cedict
to confront each other,对峙,cedict
to wear out,用坏,cedict
to make an attempt,设法,cedict
to eat out,上馆子,cedict
to run about helplessly,慌成一团,cedict
to pick out,拔取,cedict
to make sense,成话,cedict
to laugh out loud,哈哈笑,cedict
to get authority,得势,cedict
to go bald,秃头,cedict
to raise up,举起,cedict
to come down,下来,cedict
to make rapid progress,跃进,cedict
day-to-day account,流水账,cedict
to make constant progress,与日俱进,cedict
to go commando,放空挡,cedict
to go ashore,登岸,cedict
to complement each other,互补,cedict
to go upstream,上水,cedict
to sign up,报名,cedict
to go pee,上一号,cedict
to go overboard,偏科,cedict
to go astray,误入歧途,cedict
to fly out,飞出,cedict
to pull out,扳动,cedict
to drop out,掉队,cedict
to get together,碰面,cedict
to get together socially,欢聚,cedict
nowhere to go,山穷水尽,cedict
to go,开走,cedict
to go bareheaded,光头,cedict
to go begging,乞讨,cedict
to go boating,泛舟,cedict
to go clubbing,泡吧,cedict
to go courting,冶游,cedict
to go downhill,衰落,cedict
to go downstairs,下楼,cedict
to go elsewhere,流失,cedict
to go everywhere,跑遍,cedict
to go fifty-fifty,二一添作五,cedict
to go hunting,打猎,cedict
to go offline,下网,cedict
to go online,上网,cedict
to go shopping,上街,cedict
to go sightseeing,游玩,cedict
to go smoothly,一帆风顺,cedict
to go underground,转入地下,cedict
to go upstairs,上楼,cedict
to go whoring,嫖娼,cedict
time and date,时日,cedict
to keep thinking about,惦记,cedict
to look down upon,傲睨,cedict
to look down upon everything,藐视一切,cedict
to skive off work,偷惰,cedict
to step up,加紧,cedict
to sex up,冶容,cedict
to offset each other's deficiencies,截长补短,cedict
to hug each other,相拥,cedict
to get rich quick,暴富,cedict
to check out,一探究竟,cedict
to ring out,响起,cedict
to warm up wine,温酒,cedict
to cough up blood,吐血,cedict
to clap each other's hands,击掌,cedict
to get past an opponent,过人,cedict
to print out,列印,cedict
to clean out,连锅端,cedict
to look after,侍弄,cedict
to make fire,取火,cedict
to only need,只消,cedict
to fit up,装修,cedict
to kick into high gear,加足马力,cedict
to throw out,扔掉,cedict
to make legal,合法化,cedict
to pour out wine,挹酌,cedict
to come through,传来,cedict
to drink up,吸尽,cedict
to join up,对接,cedict
to get stage fright,憷场,cedict
to push out,努出,cedict
to search out,寻出,cedict
to edit out,删减,cedict
to copy out,誊录,cedict
to dry out,干透,cedict
to roll out,舒展,cedict
to hang out,交往,cedict
to turn head over heels,打跟头,cedict
to stick out,凸出,cedict
to pack up,封裹,cedict
to link up,会合,cedict
to shake out,抖搂,cedict
to ship out,运出,cedict
to give back,回馈,cedict
to face about,转身,cedict
within a certain time limit,克日,cedict
to match up,媒合,cedict
to count out,数出,cedict
to lie curled up,蜷卧,cedict
to take severe measures against,严打,cedict
to eat up,吃掉,cedict
to put effort into,力作,cedict
to pick up cress,拾芥,cedict
to pick up,回升,cedict
to pick up an odor,串味,cedict
to pick up bits,拾零,cedict
to pick up girls,泡妞,cedict
to catch up vigorously,奋起直追,cedict
to cash out,套现,cedict
to order  about,驱役,cedict
to order about,摆布,cedict
to make an unethical profit,渔利,cedict
to cry out,出声,cedict
to flow out,外流,cedict
to stir up trouble,惹乱子,cedict
to shoot up,激增,cedict
to wash out,冲掉,cedict
to spread out,平摊,cedict
to spread out bedding,铺垫,cedict
to spread out widely,铺衍,cedict
to blow out,吹灭,cedict
to tear out,撕掉,cedict
to make ready,预备,cedict
to fly up,飘舞,cedict
to pull oneself up,攀登,cedict
to pull up,停车,cedict
to pull up seedlings,拔秧,cedict
to spend time alone,独处,cedict
to get along,共处,cedict
unable to get along,素不相能,cedict
such and such,如此这般,cedict
to jump out,跳出,cedict
to make an effort,勉力,cedict
to exterminate those who disagree,诛锄异己,cedict
to crowd out,排挤,cedict
to map out,计划,cedict
to empty out,掏空,cedict
to connect up,搭接,cedict
to touch up,点染,cedict
to balance up,相抵,cedict
to check up,查看,cedict
to make provision,提列,cedict
to thin out gradually,渐稀,cedict
to use military force indiscriminately,黩武,cedict
to phase out,淘汰,cedict
to make progress,上进,cedict
to slip out,滑出,cedict
to stretch out,伸直,cedict
to fill up,充塞,cedict
to make text bold,加粗,cedict
to clean up,整肃,cedict
to root out,除根,cedict
to kick out,革出,cedict
to dress up,修饰,cedict
to store up,储备,cedict
to knock out,震昏,cedict
to make trouble,倒蛋,cedict
to warm up,温热,cedict
to care about,介意,cedict
to make fast,关紧,cedict
to iron out,化解,cedict
to camp out,露营,cedict
to lean out,探身,cedict
to shut out,完封,cedict
to smooth out,抹平,cedict
to lock into place,锁定,cedict
to come off duty,下岗,cedict
to rush out,冲出,cedict
to beat  up,揍扁,cedict
to beat up,殴打,cedict
to viciously beat  up,毒打,cedict
to make peace,媾和,cedict
to speed up,加紧,cedict
to speed up gradually,渐快,cedict
to bring about,创造,cedict
to strip out,去掉,cedict
to breathe out,呼气,cedict
to dry up,干涸,cedict
to stir up emotion,煽情,cedict
to roll up,卷曲,cedict
to make extra efforts,加劲,cedict
already a long time,已久,cedict
to hang up,张挂,cedict
to hang up properly,挂好,cedict
to make an indiscreet remark,漏嘴,cedict
to stick up,翘起,cedict
to stock up,囤积,cedict
to pour out,倾吐,cedict
to pour out lies,满口谎言,cedict
to pour out obscenities,满口脏话,cedict
to shell out,交钱,cedict
to earth up,培土,cedict
to get benefit,获益,cedict
to square up,结清,cedict
to shake up,撼动,cedict
to lift up,抬起,cedict
to wind up,上发条,cedict
to dig out,挖掉,cedict
to hot up,升温,cedict
to drag out,拖长,cedict
to boil out,涌起,cedict
to filter out,滤出,cedict
to lease out,租让,cedict
to burst out,挤出,cedict
to burst out laughing,喷饭,cedict
to make an unreasonable scene,撒泼,cedict
to make learning fun,寓教于乐,cedict
to press into service,强征,cedict
not in good condition,不对劲,cedict
to make clothes,裁制,cedict
to stake out,标定,cedict
to look back,回望,cedict
to bind up,包扎,cedict
to take complete charge,大包大揽,cedict
to pig out,大吃,cedict
to cancel out,对消,cedict
to dream up,臆造,cedict
to cook up,编造,cedict
to gross  out,膈应,cedict
to block up,堵住,cedict
to wipe out,报销,cedict
to wipe out completely,全歼,cedict
to wipe out dissenters,诛锄异己,cedict
to wipe out illiteracy,扫盲,cedict
to log out,登出,cedict
to get dark,天黑,cedict
to fade out,淡出,cedict
to make tea,泡茶,cedict
to talk about,说到,cedict
to talk about everything,无所不谈,cedict
to squeeze out,压挤,cedict
a new year begins,一元复始,cedict
to mix up,搞混,cedict
to make  cry,说哭,cedict
to pair up,搭配,cedict
to take countermeasures against,反制,cedict
to take disciplinary action against,惩办,cedict
to take precautions against,预防,cedict
everything and more,十二分,cedict
to swell out,鼓起,cedict
to leak out,外溢,cedict
to pad out,充填,cedict
to spill out,散出,cedict
to get an electric shock,触电,cedict
to sketch out,勾画,cedict
to get cross-eyed,挑花眼,cedict
to spring up,崛起,cedict
to spring up everywhere,四起,cedict
to spring up unbidden,油然而生,cedict
to drown out,淹没,cedict
to bubble out,喷涌,cedict
to ladle out soup,舀汤,cedict
to tie up,占压,cedict
to climb up,爬上,cedict
to hole up,龟缩,cedict
to make secret inquiries,暗访,cedict
to weed out,攘除,cedict
to hollow out,掏空,cedict
to blow up,吹胀,cedict
to sniff out,侦破,cedict
to tear up,撕毁,cedict
to fork out,掏钱,cedict
to chew out,臭骂,cedict
to bail out,纾困,cedict
to flare out,拉平,cedict
to lock up,抱死,cedict
to censor out,审查,cedict
to divide up,分掉,cedict
to hear about,获知,cedict
to lash out,斥责,cedict
to puff out,喷出,cedict
to scout out,打探,cedict
to flip out,发飙,cedict
to make adequate preparation,作好准备,cedict
to blot out,抹杀,cedict
to jump up suddenly,一跃而起,cedict
to make wild conjectures,打闷雷,cedict
to make an exception,破例,cedict
to vent out,排走,cedict
to sum up,归纳,cedict
to muck out,起圈,cedict
to ferret out,揪出,cedict
to make empty promises,放空炮,cedict
to ramp up capacity,扩容,cedict
to seep out,渗出,cedict
to speak about,谈到,cedict
to plate up,摆盘,cedict
to use social connections,走门路,cedict
to fall into water,落水,cedict
to snuff out,绞杀,cedict
to gush out,涌出,cedict
to spurt out,喷出,cedict
to buy off influential people,绑桩,cedict
to blurt out,脱口,cedict
to bawl out,痛骂,cedict
slow to get started,慢热型,cedict
to ladle out,挹取,cedict
to fizzle out,告吹,cedict
here and now,此时此地,cedict
to flatten out,展平,cedict
to max out,刷爆,cedict
to peter out,失去后劲,cedict
to straighten out,整理,cedict
to use sign language,打哑语,cedict
to make an error,做错,cedict
to ease up,和缓,cedict
to make irresponsible criticism,妄下雌黄,cedict
to make textual criticism,考证,cedict
to bid up,哄抬,cedict
to take away sb's soul,勾魂,cedict
to feel like,想要,cedict
to buy time,争取时间,cedict
to wake up,睡醒,cedict
to wake up naturally,自然醒,cedict
to act like an idiot,卖傻,cedict
to put into gear,挂挡,cedict
to shut up,闭上,cedict
to put into disorder,弄乱,cedict
to stir up scandal,扒粪,cedict
to split up,分手,cedict
to pop up,弹出,cedict
to get news,获悉,cedict
slow to take effect,慢性,cedict
to boot up,开机,cedict
to make steel,炼钢,cedict
to summon up courage,硬着头皮,cedict
to get  ready,打点,cedict
to get ready,整妆,cedict
to fold up,收拢,cedict
red through and through,通红,cedict
to cheer up,振作,cedict
to make uniform,找齐,cedict
to change into,化作,cedict
to reckon up,合算,cedict
to make prompt decisions,当机立断,cedict
to make an excuse,托词,cedict
to make dirty,弄脏,cedict
to brush up,重温,cedict
to get cold feet,临阵退缩,cedict
to make bread,发面,cedict
to crop up,冒头,cedict
to let everyone know,公诸于世,cedict
to seal up,加封,cedict
to make discreet inquiries,打探,cedict
to stir up lust,诲淫,cedict
to dig up,出土,cedict
to float up,上浮,cedict
to get popular quickly,暴热,cedict
to make an amphibious assault,抢滩,cedict
to pile up,堆垒,cedict
to pile up errors,郢书燕说,cedict
to wrap up,包扎,cedict
to stir up havoc,兴风作浪,cedict
to get worse,变坏,cedict
before and after,上下,cedict
to snap up,抢购,cedict
to snap up undervalued stocks,抄底,cedict
to mess  up,搞砸,cedict
to mess things up,失事,cedict
to mess up,凸槌,cedict
to talk over sb's head,对牛弹琴,cedict
to make modest remarks,谦虚,cedict
to stir oneself up,振奋,cedict
to stir up,挑唆,cedict
to stir up emotions,激愤,cedict
to incite trouble between people,调嘴学舌,cedict
to leap up,升腾,cedict
to make compatible,合理化,cedict
to curl up,卷起,cedict
to curl up shivering,瑟缩,cedict
to make oneself scarce,拍拍屁股走人,cedict
to hook up,接上,cedict
to swallow up,并吞,cedict
to shore up,撑持,cedict
to make itself manifest,显灵,cedict
to drum up,兜揽,cedict
impossible to put into words,言不可传,cedict
to put into,付诸,cedict
to put into action,付之行动,cedict
to put into circulation,投放,cedict
to put into operation,投产,cedict
to put into practice,付诸实施,cedict
to put into production,上线,cedict
to stitch up,弥缝,cedict
to make haste,赶忙,cedict
to gang up,串通,cedict
to screw up,凸槌,cedict
to swell up,发胀,cedict
to tidy up,执拾,cedict
to doll up,捯饬,cedict
to take  away,弄走,cedict
to take away,取走,cedict
to make divine,神化,cedict
to make lively gestures,比手划脚,cedict
to stack up,码放,cedict
to bubble up,掀涌,cedict
to lap up,囫囵吞枣,cedict
to cough up phlegm,咳痰,cedict
to frost up,结霜,cedict
to rip up,撕毁,cedict
to tailor-make,量身定做,cedict
to make cynical remarks,说风凉话,cedict
to prop up,承托,cedict
to bundle up,卷巴,cedict
to foul up,搞砸,cedict
up to par,像样,cedict
to surge up,掀腾,cedict
to surge up violently,汹涌,cedict
to make an audio recording,收音,cedict
to tangle up,扭结,cedict
to rig up,搭建,cedict
to flare up,沸腾,cedict
to sew up,缝合,cedict
to use force,来硬的,cedict
to fog up,起雾,cedict
second only to father,亚父,cedict
to get an advantage,谋利,cedict
to puff up,竖起,cedict
to make merry,作乐,cedict
to grind up,磨碎,cedict
to sober up,解酲,cedict
to make mischief,作怪,cedict
to make an inventory,整点,cedict
to make inventory,清点,cedict
to scoop up,挹取,cedict
to make rash speculations,拚财,cedict
to make an  racket,吵吵嚷嚷,cedict
to swirl up,卷起,cedict
to make extravagant demands,奢求,cedict
to buckle up,扣上,cedict
to ramp up hiring,扩招,cedict
to muddle things up,打混,cedict
to mop up,扫荡,cedict
to feel well,爽健,cedict
to prick up,竖起,cedict
to huddle up,蜷伏,cedict
to perk up,扬起,cedict
to make sarcastic comments,冷言冷语,cedict
to make oblique accusations,指桑骂槐,cedict
to spend time,花时间,cedict
to take an order,点餐,cedict
to make bogus accusations,倒打一耙,cedict
to clog up,堵塞,cedict
to mark time,原地踏步,cedict
to make astronomical observation,测天,cedict
to clamber up,攀升,cedict
to hoist up,挂起,cedict
to silt up,淤浅,cedict
to make restitution,退缴,cedict
to spruce up,捯饬,cedict
to make endless exorbitant demands,诛求无已,cedict
to truss up,五花大绑,cedict
to make invidious comparisons,攀比,cedict
to make landfall,登陆,cedict
to gobble up,吞噬,cedict
to make obeisance,下拜,cedict
to get rich,发家,cedict
to suddenly get rich,暴发,cedict
to make hanky-panky,勾三搭四,cedict
to make,作下,cedict
to make  incursions,侵入,cedict
to make acquaintances indiscriminately,滥交,cedict
to make amends,补过,cedict
to make an agreement,定约,cedict
to make an appointment,相约,cedict
to make an associative connection,联想,cedict
to make an omelet,摊鸡蛋,cedict
to make arrangements,打发,cedict
to make ceramics,拉坯,cedict
to make concessions,退后,cedict
to make considered additions,酌加,cedict
to make considered reductions,酌减,cedict
to make continuous mistakes,一错再错,cedict
to make cutting remarks,挖苦,cedict
to make exaggerated claims,放卫星,cedict
to make excuses,推托,cedict
to make explosive allegations,爆料,cedict
to make eyes,挤眉弄眼,cedict
to make friends,交友,cedict
to make heavier,加重,cedict
to make inquiries,问津,cedict
to make insinuations,旁敲侧击,cedict
to make known,反映,cedict
to make monthly payments,包月,cedict
to make movies,从影,cedict
to make nightly rounds,查夜,cedict
to make offerings,上供,cedict
to make oneself presentable,梳洗,cedict
to make overtures,抛绣球,cedict
to make popcorn,爆玉米花,cedict
to make preparations,做准备工作,cedict
to make profits,盈利,cedict
to make suggestions,出主意,cedict
to make thoughtless remarks,说三道四,cedict
to make unfavorable comments,讲闲话,cedict
to make unnecesary,省去,cedict
to make widely known,嚷嚷,cedict
to make worthy contributions,立功,cedict
to relentlessly make excessive demands,诛求无厌,cedict
to liven things up,助兴,cedict
to ratchet up,加码,cedict
to kip up,鲤鱼打挺,cedict
to bound up,一跃而起,cedict
to brighten up,活跃,cedict
to fatten up,上膘,cedict
to freshen up,提神,cedict
to jack up,垫高,cedict
to package up,封包,cedict
to tighten up,收紧,cedict
to toughen oneself up,摔打,cedict
to zhoosh up,捯饬,cedict
up to,以至,cedict
to pass time idly,耍废,cedict
to come off,剥离,cedict
to get fresh,动手动脚,cedict
to group students into classes,编班,cedict
to start work,上工,cedict
to haggle over every ounce,斤斤计较,cedict
to take care,小心,cedict
a long time ago,老早,cedict
to get fat,发福,cedict
to take control,接掌,cedict
to take sb's side,袒护,cedict
back to back,背对背,cedict
to measure time,计时,cedict
to fall head over heels,栽筋斗,cedict
to get angry,上火,cedict
to voice concerns about,针砭,cedict
to begin work,开工,cedict
to learn about,得悉,cedict
to get tough,来硬的,cedict
to take things less seriously,轻松,cedict
to get instant results,立竿见影,cedict
to seem like,好像,cedict
to become well known,出名,cedict
to become well-known,打响名号,cedict
easy to use,好使,cedict
to look through,翻检,cedict
to get damp,返潮,cedict
to use  together,连用,cedict
to kill time,消磨时间,cedict
to express pessimistic views about,唱衰,cedict
to get smart,耍小聪明,cedict
in time with,合拍,cedict
to get results overnight,一蹴而就,cedict
to feel put off,下头,cedict
to write into,载入,cedict
to get impatient,沉不住气,cedict
to get revenge,报怨,cedict
to get goose bumps,起粟,cedict
to take an official post,做官,cedict
ability to get things done,执行力,cedict
to get,拿来,cedict
to get agitated,慌神,cedict
to get an std,得标,cedict
to get blackout drunk,喝断片,cedict
to get blamed,落埋怨,cedict
to get blocked,被墙,cedict
to get caught,挂住,cedict
to get charges dropped,顶罪,cedict
to get cheaper,降价,cedict
to get congested,堵车,cedict
to get disconnected,掉线,cedict
to get dressed,着衣,cedict
to get drunk,喝挂,cedict
to get emotional,泪奔,cedict
to get engaged,喝茶,cedict
to get excited,动情,cedict
to get flooded,进水,cedict
to get hammered,喝挂,cedict
to get infected,中招,cedict
to get involved,伸手,cedict
to get jailed,锒铛入狱,cedict
to get killed,毙命,cedict
to get lost,失迷,cedict
to get married,作合,cedict
to get oneself established,站稳脚步,cedict
to get plastered,一醉方休,cedict
to get promoted,升官,cedict
to get restless,蠢蠢欲动,cedict
to get sacked,回家吃自己,cedict
to get scolded,挨说,cedict
to get sidetracked,扯远,cedict
to get sleepy,犯困,cedict
to get soaked,淋湿,cedict
to get someone drunk,灌醉,cedict
to get students,招生,cedict
to get sunburnt,晒伤,cedict
to get things done,实干,cedict
to get things flowing,疏通,cedict
to get thoroughly drunk,一醉方休,cedict
to get undeserved rewards,无功受禄,cedict
to get wildly drunk,发酒疯,cedict
to turn grief into happiness,转悲为喜,cedict
to take french leave,拍拍屁股走人,cedict
to take leave,脱岗,cedict
to fall well short,差得多,cedict
to turn into,化作,cedict
to take effect,施行,cedict
to run into misfortune,遭难,cedict
to run headlong into,一头栽进,cedict
to shatter into small pieces,碎裂,cedict
to place under house arrest,软禁,cedict
to run into,碰上,cedict
to run into difficulties,出娄子,cedict
to run into problems,出包,cedict
to use strong words,严词,cedict
it just so happens that,正好,cedict
some deeper meaning in this,大有文章,cedict
to use foul language,开口成脏,cedict
through and through,从里到外,cedict
to beat time,打拍子,cedict
to waste time,废时,cedict
remarkable and original work,石破天惊,cedict
party officials and ordinary people,干群,cedict
to back down,退让,cedict
work and rest,劳逸,cedict
bits and pieces left over,边角料,cedict
to take office,上任,cedict
hard to take,不好受,cedict
each and every family,家家户户,cedict
to take cover,躲藏,cedict
to fly about,飞来飞去,cedict
to change over,改换,cedict
to add into,加上,cedict
new and different,新异,cedict
to come again,再临,cedict
to pay back money,还款,cedict
to worry about,挂虑,cedict
clothing and other personal items,衣物,cedict
to take an indirect approach,旁敲侧击,cedict
every frown and every smile,一颦一笑,cedict
to live  well,活好,cedict
nothing new to show,空洞无物,cedict
to roll about,打滚,cedict
to spread over an area,摆满,cedict
zhang three and li four,张三李四,cedict
to sink into water,沉溺,cedict
to bring into harmony,调谐,cedict
to withstand heavy use,禁用,cedict
to move over,挪开,cedict
eight-to-two powder,八二丹,cedict
to chat about domestic trivia,闲话家常,cedict
to take strong measures,严厉打击,cedict
to dream about,梦到,cedict
to pour water into,注水,cedict
months and year,年月,cedict
a long time,久长,cedict
few and far between,寥若晨星,cedict
to think big,大计,cedict
to take along,挈带,cedict
to bring into,纳入,cedict
to give change,找赎,cedict
to mill about,挤来挤去,cedict
to take upon oneself,担当,cedict
second only to,次于,cedict
to inject water into,注水,cedict
three principles and five virtues,三纲五常,cedict
to jump about,乱跳,cedict
to jump about wildly,蹿腾,cedict
to force entrance into,攻入,cedict
to contest first place,争先,cedict
to work together,共事,cedict
to hand over,交付,cedict
to work office hours,坐班,cedict
about to conclude,行将结束,cedict
to work hard,劳碌,cedict
to ill-use,作践,cedict
to look old,显老,cedict
pertaining to time,为时,cedict
to time,计时,cedict
to organize into groups,编组,cedict
to organize into teams,编队,cedict
to rush about,奔波,cedict
to inquire about,打问,cedict
hard to hold back,锐不可当,cedict
to stop work,停工,cedict
to bother about,计较,cedict
to think hard,劳心苦思,cedict
to pace about,蹀躞,cedict
small balance still to pay,尾欠,cedict
to float about,浮泛,cedict
to fall into enemy hands,失守,cedict
to value quantity over quality,重量轻质,cedict
to take an official appointment,居官,cedict
to drift about,流浪,cedict
to rotate about an axis,轴旋转,cedict
to take blood,抽血,cedict
to wander about destitute,流落,cedict
to wander about,游走,cedict
to put first,当头,cedict
to toss about,宛转,cedict
to restore old way,复旧,cedict
to idle about,游手好闲,cedict
to buzz about uselessly,狗扯羊皮,cedict
to know shame,识羞,cedict
to strut about feeling complacent,顾盼自雄,cedict
to reminisce about,念叨,cedict
to believe whatever people suggest,见风是雨,cedict
to take an opportunity,乘风,cedict
to input data into memory,寻址,cedict
to dodge about,东躲西闪,cedict
to flutter about,纷飞,cedict
to swirl about,婆娑,cedict
to bustle about,奔忙,cedict
to loaf about,游荡,cedict
to roam about,出没,cedict
to roam about unconstrained,四海为家,cedict
to feel very apologetic,过意不去,cedict
jade and jade-like stone,玉珉,cedict
to whine about hardships,叫苦,cedict
just a while before,曾几何时,cedict
to lead people astray,误人子弟,cedict
to grope about,摸索,cedict
to strut about,高视阔步,cedict
to flail about,乱动,cedict
to waft about,飘香,cedict
to use violence,动粗,cedict
about to inundate,弥漫,cedict
to brag about,夸耀,cedict
to fantasize sexually about,性幻想,cedict
to exercise control over,管束,cedict
plumbing and electrical work,水电工,cedict
to fall into dire straits,落难,cedict
to fall into disuse,废弛,cedict
to value sex over friendship,重色轻友,cedict
to turn over manure,倒粪,cedict
to fall into oblivion,埋没,cedict
to fall into disrepute,名誉扫地,cedict
to take appropriate steps,对症下药,cedict
to fall into,坠入,cedict
to turn everything over,翻遍,cedict
to turn over,兜翻,cedict
to know,晓得,cedict
to know contentment,知足,cedict
to know intuitively,心领神会,cedict
to know oneself,知己,cedict
to run over,撞倒,cedict
to work single-handed,单干,cedict
to drive piles into,打桩,cedict
to take shape,成形,cedict
to take trouble,费神,cedict
to place after,后置,cedict
to break into jail,劫狱,cedict
to break into laughter,失笑,cedict
to start over,重来,cedict
each and every moment,每分每秒,cedict
to take an indirect route,走弯路,cedict
to walk into,走入,cedict
a two-man saw,拉锯,cedict
to compare two unsatisfactory things,比烂,cedict
to take advantage,顺势,cedict
to take unfair advantage,占便宜,cedict
to take stock,审时度势,cedict
to vanish into thin air,云消雾散,cedict
to draw into,引入,cedict
to take an alternate route,另辟蹊径,cedict
to take apart,拆下,cedict
to falsely use,冒用,cedict
to use,使出,cedict
to use  continuously,连用,cedict
to use discretion,酌情,cedict
to use fully,施展,cedict
to use habitually,惯用,cedict
to use letters,用字,cedict
to use sparingly,爱惜,cedict
to use words,用字,cedict
distribution according to work,按劳分配,cedict
to break into,分成,cedict
to break into parts,肢解,cedict
to cut into,切入,cedict
to cut into pieces,切块,cedict
to break new ground,开拓,cedict
to win over,争取,cedict
to take fresh,纳新,cedict
to sell oneself into slavery,卖身,cedict
to send into exile,放逐,cedict
over and above,开外,cedict
to undertake mental work,用脑,cedict
to finish work,下工,cedict
to divide into equal parts,等分,cedict
to pass into oblivion,沉沦,cedict
to jump into bed,乱搞,cedict
to blend together well,浑然一体,cedict
talented man and beautiful woman,男才女貌,cedict
to manage people,用人,cedict
to take root,扎根,cedict
to take sb's temperature,量体温,cedict
to take temperature,试表,cedict
to come round,想通,cedict
to take silver,取银,cedict
to only partly understand,半懂不懂,cedict
to follow after,跟着,cedict
to discriminate against chinese people,排华,cedict
to charge into,冲向,cedict
to take an impression,取模,cedict
sensitivity to other's feelings,情面,cedict
to advertise freelance work,发案,cedict
to rise well,出饭,cedict
to hold back unpleasant news,报喜不报忧,cedict
to handle administrative work,省事,cedict
to give birth without complications,顺产,cedict
to avoid work,偷工,cedict
to take strict precautions,严防,cedict
to take an x-ray,照片子,cedict
to take refuge,藏身,cedict
to take medicine,吃药,cedict
to take medicine orally,内服,cedict
to come close,莅止,cedict
to sound like,听起来,cedict
to introduce  into,置入,cedict
to introduce into,导入,cedict
to take poison,服毒,cedict
to stand guard over,警卫,cedict
to take shelter,安身,cedict
to take pity,怜恤,cedict
to take courage,提起精神,cedict
to work extra hours,加点,cedict
three heads and six arms,三头六臂,cedict
to give special attention,开小灶,cedict
to take sb's pulse,把脉,cedict
to give away,送人,cedict
to give clear instructions,告谕,cedict
to take an exam,应考,cedict
once upon a time,从前,cedict
to sell well,畅销,cedict
to take revenge,报仇,cedict
to divide  into independent entities,分立,cedict
to step into,涉足,cedict
to take reckless risks,玩儿命,cedict
to treat guests well,好客,cedict
to treat well,善待,cedict
to put back,转回,cedict
to come together,汇聚,cedict
to take rash action,妄为,cedict
hesitant to take action,踟蹰不前,cedict
to give an order,出号,cedict
to ask after,探问,cedict
neat and well-spaced,匀整,cedict
to give unprincipled support,偏护,cedict
to forcibly take,抢夺,cedict
to take,吞服,cedict
to take  drugs,嗑药,cedict
to take  virginity,拿一血,cedict
to take action,采取行动,cedict
to take an elevator,坐电梯,cedict
to take an examination,下场,cedict
to take bribes,中饱私囊,cedict
to take chances,冒险,cedict
to take drugs,吸毒,cedict
to take everything remaining,包圆儿,cedict
to take funds,携款,cedict
to take measurements,实测,cedict
to take notes,作笔记,cedict
to take offense,介意,cedict
to take orders,受戒,cedict
to take precautions,戒备,cedict
to take precedence,占先,cedict
to take preemptive action,先发,cedict
to take prisoner,俘虏,cedict
to take responsibility,承头,cedict
to take risks,冒险,cedict
to take sb's measurements,量尺寸,cedict
to take seriously,放在心上,cedict
to take things philosophically,达观,cedict
to take turns,倒换,cedict
to pound into pieces,捣碎,cedict
to talk over,商量,cedict
to talk things over,协商,cedict
student conduct and life-guidance group,生教,cedict
what a pity,可惜,cedict
to fight over food,争嘴,cedict
to confuse two lines,串行,cedict
to separate into loads,分装,cedict
a spirit so invited,笔仙,cedict
educated and well-balanced,知书达理,cedict
spacious and well-lit,开朗,cedict
well established and growing strongly,根深叶茂,cedict
well-informed and experienced,博物多闻,cedict
well-structured and ordered,纲举目张,cedict
to eat too much,暴食,cedict
to look far ahead,瞻望,cedict
day and month,日月,cedict
to give an example,举例,cedict
to give full cooperation,通力合作,cedict
to run after,驰骛,cedict
to kick people around,仗势欺人,cedict
to win people's hearts,收拢人心,cedict
to wear  like babouche slippers,趿拉,cedict
to throw into disorder,搅乱,cedict
to convert  into cash,套现,cedict
to play back,回放,cedict
to enter into an examination,入场,cedict
to pull into,引入,cedict
to drop into,坠入,cedict
to hand back,交还,cedict
to come across,相逢,cedict
university and high school students,大中学生,cedict
little water and few utensils,疏水箪瓢,cedict
precipitation over a large area,普降,cedict
to boss people around,发号施令,cedict
to come upon,碰上,cedict
to fit well,可身,cedict
to guide into,导入,cedict
peddlers and common people,贩夫俗子,cedict
to help settle down,安置,cedict
to give water,饮水,cedict
day and night,不分昼夜,cedict
to think oneself clever,自作聪明,cedict
to investigate then ratify,核准,cedict
to skip work,旷工,cedict
to throw into,倾注,cedict
to throw oneself into,投入,cedict
to function well,好使,cedict
to give short weight,短斤缺两,cedict
left hook and right hook,左右勾拳,cedict
to beat  into,打成,cedict
to show how,指点,cedict
ability to work,劳动能力,cedict
rushed work leads to errors,忙中有失,cedict
to work,做事,cedict
to work energetically,大干,cedict
to work hectically,跑跑颠颠,cedict
to work industriously,实干,cedict
to work overtime,加班,cedict
to work resourcefully,巧干,cedict
to haggle over price,讨价还价,cedict
to write back,回信,cedict
to burst into loud laughter,哈哈大笑,cedict
to hold back,保留,cedict
to hold nothing back,毫无保留,cedict
to escape into exile,出奔,cedict
to place upside down,倒放,cedict
to expand into overseas markets,出海,cedict
to pay back,偿付,cedict
to look around,四顾,cedict
to hold state power,柄国,cedict
think to oneself,暗想,cedict
to think,动脑筋,cedict
to think critically,思辨,cedict
to think deeply,思索,cedict
to think longingly,眷顾,cedict
to think twice,手软,cedict
unable to think calmly,发热,cedict
to walk over,走去,cedict
to mix into,加入,cedict
to flow into,汇入,cedict
to report back,回报,cedict
to write such an inscription,落款,cedict
too many to count,数不过来,cedict
to load into,载入,cedict
to put down,讨平,cedict
to put down roots,落地生根,cedict
to leave without saying good-bye,不辞而别,cedict
to divide into categories,区分,cedict
to divide into groups,分组,cedict
to divide into portions,分装,cedict
to divide into rows,分列,cedict
to live off government money,吃皇粮,cedict
to remain forever new,万古长新,cedict
to give special approval,特准,cedict
to jump into,跳进,cedict
to spread like wildfire,不翼而飞,cedict
to empty into,注入,cedict
to give free rein,纵令,cedict
to channel into,纳入,cedict
to integrate into,纳入,cedict
to read very rapidly,一目十行,cedict
to flourish then decline,盛衰,cedict
to stop over,停留,cedict
to turn back,折回,cedict
a step up,提级,cedict
to argue over,辩论,cedict
left and right,左右,cedict
left and right hands,左右手,cedict
long life and prosperity,灵长,cedict
long-term peace and stability,长治久安,cedict
to steal into,潜入,cedict
to transform into acts,付之行动,cedict
to convert into,折合,cedict
to sink into oblivion,泯没,cedict
to enquire into,探究,cedict
to rush indiscriminately into action,妄动,cedict
to rush into,冲入,cedict
to rush into action,一哄而起,cedict
to sink into,沉沦,cedict
to sink into despondency,消沉,cedict
to inquire into,探问,cedict
to burst into bloom,吐艳,cedict
willingness to accept new ideas,心眼儿,cedict
to mature into,出落,cedict
to leave first,先走一步,cedict
to translate into,译成,cedict
to put through,打通,cedict
to tap into,发掘,cedict
a person strolling about,漫步者,cedict
to crack  into,打入,cedict
to pour into,注入,cedict
to substitute into,代入,cedict
to put right,改正,cedict
to pass over,横越,cedict
to trick into,诱使,cedict
to merge into,并入,cedict
middle-aged and elderly people,中老年人,cedict
to dig into,挖开,cedict
to cause people tremendous harm,害人不浅,cedict
to discharge into,排入,cedict
to retreat into privacy,消隐,cedict
to praise too much,过誉,cedict
to give rise,衍伸,cedict
short back and sides,三分头,cedict
to insert  into,接入,cedict
to carve into,凹雕,cedict
to come clean,坦承,cedict
to probe into,刺探,cedict
to squeeze into,钻进,cedict
truths too close to home,目不见睫,cedict
to play down,淡化,cedict
to grieve over sb's death,哀悼,cedict
to dip into,涉猎,cedict
to hand down,传流,cedict
to show great regard,抬举,cedict
to plunge into,一头栽进,cedict
to plug into,插上,cedict
to bump into,值遇,cedict
to blend into,融入,cedict
to shrink into,缩成,cedict
to watch over,守候,cedict
to embody into,具体到,cedict
to educate people,育人,cedict
to give an orderly account,敷陈,cedict
to win back,追还,cedict
to drip into,滴注,cedict
to last long,持久,cedict
to bully into,硬逼,cedict
over hills and dales,满山遍野,cedict
to crumble into pieces,揉碎,cedict
to choose fame over fortune,违利赴名,cedict
to intrude into,侵入,cedict
to trace over red characters,描红,cedict
to parachute into,伞降,cedict
to lure into,诱使,cedict
to sneak into,混入,cedict
to cram into,填堵,cedict
to keep  under control,平抑,cedict
to keep under control,镇得住,cedict
to barge into,挤进,cedict
to seep into,沁入,cedict
new and elegant,新雅,cedict
to pry into,刺探,cedict
to delve into,研读,cedict
to instill into,灌输,cedict
to aim too high,好高骛远,cedict
high and low water,高低潮,cedict
to play audio through speakers,外放,cedict
to come apart,脱节,cedict
to set down,手定,cedict
mystery known only to heaven,天机,cedict
to like,喜好,cedict
to like looking attractive,爱漂亮,cedict
to act before thinking,误打误撞,cedict
to stay over,盘桓,cedict
australia and new zealand,澳纽,cedict
new and dashing,新锐,cedict
new and pointed,尖新,cedict
to write down,写下,cedict
to write down afterwards,追记,cedict
to drift through life,苟存,cedict
to become second nature,成性,cedict
to place before,前置,cedict
to bring under permanent control,根治,cedict
lean and hungry look,菜色,cedict
so i have heard,如是我闻,cedict
to correlate well,呼应,cedict
wise and just,有道,cedict
to fight over,争夺,cedict
to cross over,渡过,cedict
both principal and interest,连本带利,cedict
to part company,分手,cedict
to paint over,涂去,cedict
to set right,拨正,cedict
to learn through experience,历练,cedict
life-and-death power,生杀大权,cedict
to come loose,松开,cedict
to give prior notice,另行通知,cedict
to give evidence,指证,cedict
to turn down,回绝,cedict
to turn down gracefully,婉拒,cedict
to turn upside down,倒立,cedict
to decide after intense deliberation,酌定,cedict
cut down and merge,裁并,cedict
to announce over loudspeakers,放送,cedict
to give food,施食,cedict
to counter every move,见招拆招,cedict
to give relief aid,赈济,cedict
genuine people and true events,真人真事,cedict
to fly over,飞越,cedict
to pull  over,拦检,cedict
to pull over,靠边,cedict
to talk back,强嘴,cedict
a particular year,年头,cedict
naive and innocent look,憨态,cedict
to rise very quickly,抟风,cedict
to treat people,待人,cedict
to come forth,响起,cedict
very powerful and capable,翻手为云覆手变雨,cedict
to keep down,压住,cedict
to keep prices down,平价,cedict
every word and deed,一言一动,cedict
details known only to insiders,秘辛,cedict
to bring under control,制服,cedict
just and forceful,理直气壮,cedict
just and honorable,正大光明,cedict
harder than climbing to heaven,难于登天,cedict
to come ashore,抵岸,cedict
every word and action,一言一行,cedict
to turn right,右转,cedict
to run through,细数,cedict
to follow good examples,学好,cedict
to come,前来,cedict
to come individually,单行,cedict
to come prepared,有备而来,cedict
to come true,应验,cedict
to come unglued,开胶,cedict
to come unsewn,开绽,cedict
high-minded and righteous person,义士,cedict
to stand back,退后,cedict
to push over,推倒,cedict
a hard time,受罪,cedict
buddhist monks and secular people,僧俗,cedict
to fuss over minor matters,斤斤计较,cedict
to roll over,转体,cedict
to suffer defeat after defeat,节节败退,cedict
joyous and contented look,福相,cedict
to ride roughshod over,宰割,cedict
to look upon,作为,cedict
not in detail,不详,cedict
a short time,一时半晌,cedict
balance between income and expenditure,收支相抵,cedict
to bind over,具结,cedict
admirable people and exemplary deeds,好人好事,cedict
wealthy and respectable people,非富即贵,cedict
to spread evenly over,铺盖,cedict
to marry after getting pregnant,先有后婚,cedict
to show off,作秀,cedict
middle and old age,中老年,cedict
to flow over,横流,cedict
to each his good points,马工枚速,cedict
to place high hopes,寄予厚望,cedict
to climb over,攀越,cedict
double dealing and back stabbing,两面三刀,cedict
to bridge over,搭连,cedict
to feel great,爽歪歪,cedict
to change old practices,一改故辙,cedict
to decide after consultation,商定,cedict
to decide after investigating,研定,cedict
to welcome new guests,迎新,cedict
to require much effort,耗力,cedict
to jump over,跳过,cedict
to look straight ahead,平视,cedict
to switch over,切换,cedict
to put off,延缓,cedict
to put off hiring,缓聘,cedict
to grow old together,偕老,cedict
a relaxing pass-time,消愁解闷,cedict
to lose its way,迷航,cedict
to give sincere advice,耳提面命,cedict
to fall back,倒退,cedict
to delay handing over,迟交,cedict
to triumph over an opponent,得胜,cedict
to ice over,冰封,cedict
to knock over,撞倒,cedict
to marry too early,早婚,cedict
start and end,起迄,cedict
to drive back,逐退,cedict
to lean over,俯身,cedict
to administer first aid,救护,cedict
just a few steps away,三脚两步,cedict
to smooth things over,打圆场,cedict
to freeze over,冰封,cedict
to give credit,归功,cedict
to buy back,回购,cedict
to tower over,崛立,cedict
to show great creativity,匠心独运,cedict
to rush over,赶来,cedict
to cultivate people's character,移情,cedict
to bend over,俯身,cedict
to eagerly seek talented people,求贤若渴,cedict
to trace over,描摹,cedict
long and difficult trek,长途跋涉,cedict
to give advice,出谋划策,cedict
to give an interview,受访,cedict
to recognize people,认人,cedict
to attract people's affection,讨人喜欢,cedict
disparity between rich and poor,贫富差距,cedict
deposit when submitting a tender,标金,cedict
to look forward,瞻望,cedict
to look forward eagerly,翘企,cedict
to boil over,沸腾,cedict
to eat people,食人,cedict
old and respected family,故家,cedict
to draw back,逡巡,cedict
to read through,通读,cedict
alternating between warm and cold,乍暖还寒,cedict
to puzzle over,疑惑,cedict
to prevail over,屈服,cedict
to send away under escort,押解,cedict
to set off an explosion,起爆,cedict
to cut back,删减,cedict
old and young,耄倪,cedict
to plaster over,涂盖,cedict
to stumble over words,吃螺丝,cedict
to soar over,腾越,cedict
to move house,搬动,cedict
again and again,一而再，再而三,cedict
occurring again and again,此起彼伏,cedict
to skip over,一带而过,cedict
to follow old patterns,因袭,cedict
to flip over,翻动,cedict
to give relief,济急,cedict
to preside over,主持,cedict
to gloss over,掩饰,cedict
to gloss things over,和稀泥,cedict
half a year,半年,cedict
to brood over,介怀,cedict
to water down,掺水,cedict
to choose after consideration,看中,cedict
to skim over,浏览,cedict
to ponder over,思考,cedict
to fret over trifles,想不开,cedict
to give audience,朝觐,cedict
to hunch over,弓背,cedict
to select very carefully,千挑万选,cedict
to topple over,倒下,cedict
to seek after,求取,cedict
to give birth,下崽,cedict
to vie over,争夺,cedict
to mull over,咂摸,cedict
to coo over,爱怜,cedict
to sway  through pillow talk,吹枕边风,cedict
to move within its range,游走,cedict
honed to perfection over centuries,久负盛名,cedict
to find things difficult,为难,cedict
once a year,每年一度,cedict
to give emphasis,加重语气,cedict
five viscera and six bowels,五脏六腑,cedict
to drift off course,迷航,cedict
to end here,到此为止,cedict
about a hundred,百儿八十,cedict
to give answering phrase,对课,cedict
to act under orders,奉命,cedict
good and bad luck,吉凶,cedict
mean and low,卑贱,cedict
to receive little support,寡助,cedict
to set off,出发,cedict
to set off firecrackers,打炮,cedict
to give emergency treatment,急救,cedict
to act without official approval,私行,cedict
end-to-end encryption,端到端加密,cedict
to cast an angry look,怒视,cedict
to send back,传回,cedict
to send back information,反馈,cedict
back and forth,来回,cedict
moving back and forth,踥踥,cedict
in this time,在这期间,cedict
to give an excuse,推托,cedict
to talk things through,有商有量,cedict
to play house,扮家家酒,cedict
to let down,辜负,cedict
to let someone down,挖墙脚,cedict
to garner new fans,圈粉,cedict
waist and back,腰板,cedict
to give shade,庇荫,cedict
to enroll new students,招生,cedict
back to front,颠倒,cedict
good quality and cheap,物美价廉,cedict
to write off,勾销,cedict
to wish good health,请安,cedict
stand like a wall,壁立,cedict
to answer back,反嘴,cedict
right and wrong,是非,cedict
to hold  high,高昂,cedict
to hold high,高举,cedict
to pay off,付清,cedict
to give sacrifice,祭赛,cedict
to give verbal instruction,言教,cedict
to put under surveillance,布控,cedict
to look ahead,展望,cedict
to criticize behind sb's back,戳壁脚,cedict
to put under,划归,cedict
to rank first,首重,cedict
large and small,大小,cedict
to give an overview,总述,cedict
to give vent,抒发,cedict
to try really hard,着力,cedict
to look familiar,面熟,cedict
wise and holy man,圣贤,cedict
to give an enema,灌肠,cedict
to give alms,施舍,cedict
to give oneself leeway,宽打窄用,cedict
to fall down,掉落,cedict
to give,予以,cedict
to give classes,任课,cedict
to give directions,指路,cedict
to give instructions,点拨,cedict
to give lessons,授课,cedict
to give nonsensical instructions,瞎指挥,cedict
to give offense,开罪,cedict
to give orders,授命,cedict
to give peonies,赠芍,cedict
to give preferential treatment,开小灶,cedict
to give presents,孝敬,cedict
to give problems,出问题,cedict
to give thanks,祝谢,cedict
to give thought,着想,cedict
to give unnecessary details,赘述,cedict
to maintain good health,养生,cedict
to close down,倒闭,cedict
to arrest people indiscriminately,乱抓,cedict
to step back,却步,cedict
and such,之类,cedict
hard to pin down,难以捉摸,cedict
to turn off,断开,cedict
sensitive to people's needs,亲民,cedict
each to his own,一个萝卜一个坑,cedict
to run off,撒脚,cedict
to run off rebuffed,打跑,cedict
to run high,高涨,cedict
to turn green again,返青,cedict
to stand between,隔断,cedict
to recruit talented people,求人,cedict
to sit down,坐下,cedict
to hold an important office,持重,cedict
to look pregnant,显怀,cedict
to fool people,掩人耳目,cedict
to start off,开行,cedict
relations between labor and capital,劳资关系,cedict
to change  again,再改,cedict
to fashion after,仿行,cedict
to look anxious,愁眉苦脸,cedict
most advanced and sophisticated,尖端,cedict
to carry things through,善始善终,cedict
to carry through,办妥,cedict
exclusive right to trade,专卖,cedict
good and bad mingle,泥沙俱下,cedict
to fall through,吹台,cedict
to sweep through society,劲吹,cedict
hand-to-hand combat,肉搏战,cedict
good and bad,优劣,cedict
good and bad intermingled,龙生九子,cedict
to break down,出毛病,cedict
to choose an auspicious day,涓吉,cedict
to look blank,发直,cedict
open and clear,开朗,cedict
to scare people,唬人,cedict
to astonish people,惊人之举,cedict
high and wide,高旷,cedict
man and heaven,天人,cedict
to cut down,削减,cedict
to annoy people,惹人心烦,cedict
mother and child,母子,cedict
mother and her child,娘俩,cedict
to mock people,损人,cedict
isolated and without help,孤立无援,cedict
to look alike,撞脸,cedict
way to survive,活路,cedict
to look miserable,愁眉苦脸,cedict
wise and able person,人杰,cedict
irrational and egocentric young woman,小仙女,cedict
to experience good luck,走好运,cedict
fighting hand-to-hand,徒手,cedict
hand-to-hand fighting,白刃战,cedict
to become moist again,回潮,cedict
to inquire after,寻访,cedict
to pick an auspicious day,择日子,cedict
to pull back,回采,cedict
to mark down,减价,cedict
to incite people,煽风点火,cedict
to look askance,俾倪,cedict
to look famished,面有菜色,cedict
to look,一睹,cedict
to look carefully,谛视,cedict
to look concentratedly,盯视,cedict
to look displeased,拉下脸,cedict
to look inquiringly,探视,cedict
to look intensively,饱览,cedict
to look skyward,朝天,cedict
to look tired,面露倦意,cedict
to look unwell,脸都绿了,cedict
to hoodwink people,偷天换日,cedict
not in harmony,不相符,cedict
to antagonize people,树敌,cedict
to eat such foods,食补,cedict
not in vain,不枉,cedict
to break through,攻破,cedict
to break through hardships,披荆斩棘,cedict
to chase after,追赶,cedict
to chase after girls,泡妞,cedict
rich and important person,舍人,cedict
to hit back,反制,cedict
to appear before,映入,cedict
great skill and strategy,雄才大略,cedict
inevitable and right,理所当然,cedict
large and influential family,大族,cedict
to hold under duress,劫持,cedict
father and his child,爷俩,cedict
old and strong,苍劲,cedict
to beat back,打退,cedict
to push back,推后,cedict
to bow down low,下拜,cedict
to machine-gun down,扫射,cedict
head and face,头脸,cedict
to die down,熄火,cedict
to roll back,回滚,cedict
to verify after consultation,酌核,cedict
to manage state affairs,治国理政,cedict
to marry down,下嫁,cedict
ups and down,低昂,cedict
to pass through,渡过,cedict
to earn back,赚回来,cedict
parent and child,亲子,cedict
rouge and white lead,朱粉,cedict
to flow back,回流,cedict
to provide full board,包吃包住,cedict
high and low,高高低低,cedict
to accept without question,照单全收,cedict
deep and still,渊渊,cedict
to stare back,瞠目以对,cedict
odd and even,奇偶,cedict
to step down,下台,cedict
to step down gracefully,甘拜下风,cedict
to lay off staff,优化,cedict
interactions between heaven and mankind,天人感应,cedict
to level off,平整,cedict
to plot against sb's life,谋害,cedict
to write without basis,乱写,cedict
to lead  away,领走,cedict
to place an order,下订单,cedict
to break even,保底,cedict
another visit to doctor,复诊,cedict
to act blindly without thinking,轻举妄动,cedict
to act without justification,师出无名,cedict
to lay down compost,积肥,cedict
right and unalterable,天经地义,cedict
to press down,压住,cedict
to glance back,反顾,cedict
to let off lightly,轻饶,cedict
even and smooth,匀溜,cedict
to lay down,定下,cedict
to lay down arms,倒戈卸甲,cedict
between laughter and tears,哭笑不得,cedict
wife and child,妻儿,cedict
to hold memorial service,开吊,cedict
to set oneself against,作对,cedict
to become clear,明亮,cedict
mean and cowardly,卑怯,cedict
mean and lowly,下流,cedict
to announce good news,报喜,cedict
to play second fiddle,甘拜下风,cedict
many and elaborate,繁缛,cedict
to put together various bits,杂凑,cedict
forced to move away,偏安,cedict
to move away,移去,cedict
good fortune and reputation,禄籍,cedict
to strike down,打垮,cedict
chest sticking to back,前胸贴后背,cedict
packed chest to back,前胸贴后背,cedict
a fuss about nothing,杀人不过头点地,cedict
to slow down,徐缓,cedict
to slow down gradually,渐慢,cedict
to slow things down,放慢脚步,cedict
to wire back,回电,cedict
to greet  before anything else,首映,cedict
to find an alternative,另辟蹊径,cedict
to lie down,倒卧,cedict
to live without purpose,偷生,cedict
to wear down,消磨,cedict
able to move unhindered,纵横,cedict
relations between labor and employer,劳雇关系,cedict
undecided between taking and leaving,去取之间,cedict
to grow old,变老,cedict
long and narrow,狭长,cedict
to stand off,对抗,cedict
to follow local customs,走乡随乡,cedict
to flash back,倒叙,cedict
to hold  open,撑开,cedict
to try again,重试,cedict
to act young,装嫩,cedict
to meet again,再会,cedict
to shoot down,打下,cedict
to pester without end,缠绵不已,cedict
to want sex,好色,cedict
to settle down,安家,cedict
long and thin,箧箧,cedict
to let  off,放一马,cedict
to let off,不问,cedict
dinner and floor show,上菜秀,cedict
fashionable and good-looking guy,型男,cedict
to dive down fast,俯冲,cedict
good and honest,善良,cedict
to build another,再建,cedict
to pull down,拉倒,cedict
to leave off,辍止,cedict
to leave off studying,辍学,cedict
to leave off writing midway,辍笔,cedict
to drop down,掉下,cedict
to bounce back,反弹,cedict
many and complicated,繁琐,cedict
many and confused,云云,cedict
many and disorderly,烦杂,cedict
many and varied,冗杂,cedict
long and arduous journey,山长水远,cedict
to shrink back,拉稀,cedict
affable and even-tempered,仁义,cedict
distribution according to need,按需分配,cedict
high and cold,高寒,cedict
to step between,插足,cedict
to flare back,回火,cedict
to touch down,着陆,cedict
right to vote,投票权,cedict
miss high and mighty,大小姐,cedict
hand and foot,手脚,cedict
to round off,四舍五入,cedict
as far as i know,据我所知,cedict
life and death crisis,生死关头,cedict
good and evil,善恶,cedict
to hark back,重提旧事,cedict
incitement to subvert state power,煽动颠覆国家政权,cedict
to back,支持,cedict
spinning around and around,滴溜溜,cedict
to sell off cheap,甩卖,cedict
to throw down,扔下,cedict
to move  around,搬动,cedict
to while away,消磨,cedict
to beat down,打压,cedict
good-looking and intelligent,秀外慧中,cedict
great wisdom and knowledge,大智慧,cedict
face yellow and body emaciated,面黄肌瘦,cedict
big and small,巨细,cedict
to express good wishes,恭贺,cedict
nothing to choose between them,不分伯仲,cedict
to fall off,摇滚,cedict
to succeed through failure,以失败而告终,cedict
to change train,换乘,cedict
give a course,开课,cedict
to hang down,下垂,cedict
to breathe down sb's neck,盯住,cedict
modern history and contemporary history,近现代史,cedict
to change money,换钱,cedict
to fight off tough competition,力挫,cedict
to wind down,收场,cedict
profound and long-lasting,深远,cedict
knowing how to accumulate wealth,生财有道,cedict
to drive off,开走,cedict
to start school,开学,cedict
to check through,托运,cedict
to count down,倒数,cedict
beautiful and good,美善,cedict
good times and hardships,甘苦,cedict
talented and good-looking,才貌双全,cedict
church and state,政教,cedict
high flown and impractical opinion,迂论,cedict
to remain high,居高不下,cedict
point-and-shoot camera,傻瓜相机,cedict
to lie between,介乎,cedict
to track down,侦缉,cedict
to find fault,找刺儿,cedict
to hold power,执政,cedict
to hold power improperly,窃权,cedict
to burn down,付之丙丁,cedict
to follow sb's example,看齐,cedict
to bring under cultivation,垦耕,cedict
long and tedious,冗长,cedict
to cherish every moment,惜寸阴,cedict
to flow down,披垂,cedict
to play around,玩乐,cedict
to wash down,冲刷,cedict
long and arduous,修阻,cedict
wide and open,豁然,cedict
old and weak,年老力衰,cedict
to add interest,加油添醋,cedict
to hand around,流播,cedict
to study under,师从,cedict
law and order,治安,cedict
long and continuous,绵长,cedict
to top off,封顶,cedict
to find an excuse,借故,cedict
to hunt down,追捕,cedict
to tear down,打掉,cedict
clear and simple,简单明了,cedict
simple and clear,简明,cedict
legal system and institutions,法制,cedict
to lock down,封控,cedict
to show an effect,显效,cedict
proof against wear and tear,耐穿,cedict
pure and high-minded,清风劲节,cedict
to draw off,引流,cedict
to show special favor towards,宠幸,cedict
preemptive right to purchase,优先承购权,cedict
to break off,中断,cedict
to break off an engagement,退婚,cedict
to break off diplomatic ties,断交,cedict
to break off relations,绝交,cedict
to break off writing,煞笔,cedict
to lurk under water,沉潜,cedict
official rank and pay,禄秩,cedict
hard to tell,难说,cedict
deep water and scorching fire,水深火热,cedict
life and death,生灭,cedict
to cut off,剪掉,cedict
large-scale import and export,大进大出,cedict
short and small,矮小,cedict
unable to sit still,静坐不能,cedict
to knock down,打倒,cedict
to lay before,递交,cedict
family love and joy,天伦之乐,cedict
politics and law,政法,cedict
stylish and confident middle-aged woman,熟女,cedict
to turn away,背转,cedict
to shut down,停工,cedict
to fall far short,差远,cedict
to distinguish oneself through virtue,立德,cedict
to provide support,压阵,cedict
to read again,再读,cedict
to flow through,游走,cedict
to rush down,奔泻,cedict
to sink down,下沉,cedict
to turn left,向左拐,cedict
to slide down,下滑,cedict
to bend down,鞠躬,cedict
to run away,出走,cedict
to crash down,崩倒,cedict
to cause great suffering,荼毒,cedict
to value both equally,手心手背都是肉,cedict
to sell off,变卖,cedict
to calm down,息怒,cedict
to find surety,具保,cedict
far and near,远近,cedict
to find guarantor,具保,cedict
old and wise,老成持重,cedict
to mark off,区隔,cedict
like a father,亚父,cedict
to act together,合演,cedict
to ask around,打听,cedict
to long press,长按,cedict
to find,寻获,cedict
to find acceptable,悦纳,cedict
to find amusement,取乐,cedict
to find excuses,出脱,cedict
to crack down,严厉打击,cedict
to stream down,簌簌,cedict
to set level,放平,cedict
water and land transport,水陆交通,cedict
to pour down,下注,cedict
to right justify,右对齐,cedict
high-to-medium-altitude air defense,中高度防空,cedict
to stop still,凝滞,cedict
to float down,飘落,cedict
to feel tenderness toward,怜惜,cedict
a year's harvest,年头,cedict
famous mountains and great rivers,名山大川,cedict
to pin down,牵制,cedict
high and distant,藐藐,cedict
to slip through,漏掉,cedict
to send off,欢送,cedict
to glance through,涉览,cedict
to remember old friends,念旧,cedict
to weigh down,牵累,cedict
after a while,等一会,cedict
still and silent,阒然,cedict
high merit and worthy prospects,功高望重,cedict
to nail down,敲定,cedict
man kam to,文锦渡,cedict
high and steep,岌嶪,cedict
to feel warm inside,窝心,cedict
to put layer upon layer,堆叠,cedict
to chop down trees,砍树,cedict
power and position,权位,cedict
nine tones and six modes,九声六调,cedict
to provide care,安养,cedict
to provide critical care,救治,cedict
to crush down,压住,cedict
to melt down,回炉,cedict
old friends and relatives,三亲六故,cedict
relatives and old friends,亲旧,cedict
transmitted person-to-person,人传人,cedict
half and half,参半,cedict
half true and half false,半真半假,cedict
to provide free medical treatment,义诊,cedict
to change major,转科,cedict
to rush through urgently,抢通,cedict
to strap down,捆扎,cedict
high and mighty,拿大,cedict
court music and vulgar music,雅郑,cedict
a long-term plan,远谋,cedict
to splash down,溅落,cedict
to keep an official position,留职,cedict
to construct under contract,承建,cedict
to plan far ahead,深谋远虑,cedict
to squat down,蹲下,cedict
famous far and wide,顶港有名声，下港上出名,cedict
to kneel down,膝盖,cedict
to win power,得势,cedict
to put together,拼合,cedict
to put together hastily,凑付,cedict
to trickle down,淌下,cedict
to swoop down,俯冲,cedict
to cascade down,倾泄,cedict
to mow down,撂倒,cedict
high-spirited and smug,志高气扬,cedict
to bring false charges against,构陷,cedict
to turn around,反身,cedict
to turn around quickly,急转,cedict
to turn things around,扭转乾坤,cedict
to keep within limits,遏制,cedict
to pare down,精减,cedict
high sounding and impractical,迂阔,cedict
high-pitched and penetrating,高亢,cedict
high-sounding and impractical,迂滞,cedict
both virtue and reward,名利双收,cedict
down to,以至,cedict
to hold water,成立,cedict
to run around,跑来跑去,cedict
old and frail,老态,cedict
to cram too hard,恶补,cedict
to flash through,闪过,cedict
to purify through ritual,祓除,cedict
strong and courageous person,好汉,cedict
old-fashioned and dilapidated,废旧,cedict
old and decrepit,老气横秋,cedict
to clear away,清除,cedict
to raise high,扶揄,cedict
old and damaged,旧损,cedict
old and faded,人老珠黄,cedict
old and gray-haired,白发苍苍,cedict
old rules and customs,陈规旧习,cedict
to leaf through,翻检,cedict
woman's tender and soft hands,纤手,cedict
to seem almost genuine,几可乱真,cedict
to squeeze through,挤过,cedict
to leave home,出走,cedict
face to face,面对面,cedict
face-to-face meeting,面谈,cedict
open and happy,爽然,cedict
to reach great heights,登峰造极,cedict
to move together,联动,cedict
source and course,源流,cedict
to appraise through discussion,评议,cedict
research and study,研习,cedict
to hold an official post,轩冕,cedict
to call together,召开,cedict
to thumb through,翻阅,cedict
large and firm-fleshed,肥硕,cedict
low and small,矮小,cedict
to order away,斥退,cedict
possessing both integrity and talent,德才兼备,cedict
to stay high,高企,cedict
to place above,凌驾,cedict
to ask an enormous price,要谎,cedict
economy and trade,经贸,cedict
to pierce through,刺穿,cedict
to flip through,翻阅,cedict
to skim through,概览,cedict
interest and capital,子母,cedict
to muddle through,将错就错,cedict
both fame and fortune,名利双收,cedict
black and white picture,单色照片,cedict
clever and quick-witted person,机灵鬼,cedict
to rummage through,翻遍,cedict
to swish through,空心,cedict
to collect local cultural material,采风,cedict
to protect against fire,防火,cedict
great and lasting happiness,遐福,cedict
naval and air military base,海空军基地,cedict
to show poor taste,落俗,cedict
middle and elementary school,中小学,cedict
to increase without letup,有增无减,cedict
to right wrongs,伸冤,cedict
to stay home alone,守空房,cedict
to lose self-control,失态,cedict
to lay off,裁革,cedict
to lay off employees,裁员,cedict
to return home,回家,cedict
notorious far and wide,臭名远扬,cedict
to need,得要,cedict
to urgently need,亟需,cedict
to stand against,敌视,cedict
to cross off,划掉,cedict
to set free,放走,cedict
to mediate between,居间,cedict
development and change,流变,cedict
place to store goods,仓位,cedict
to accomplish much,大有作为,cedict
bad-tempered and unpleasant person,丧气鬼,cedict
to want,愿意,cedict
plain tea and simple food,粗茶淡饭,cedict
to separate off,分拆,cedict
known far and wide,远近皆知,cedict
spreads far and wide,远扬,cedict
to mean,代指,cedict
to reach an end,告终,cedict
to change profession,改行,cedict
hard to play,难弹,cedict
to strike off,除名,cedict
to turn white-hot,白热化,cedict
to enjoy showing off,爱现,cedict
to buy popular support,邀买人心,cedict
to cast pearls before swine,对牛弹琴,cedict
to finish last,吊车尾,cedict
water and land,水陆,cedict
to pick off,摘下,cedict
to feel happy,开心,cedict
just a moment ago,刚刚,cedict
to pay bride-price,纳聘,cedict
to finish off,煞尾,cedict
to report bad news,报忧,cedict
to order  around,支使,cedict
messy hair and dirty face,蓬头垢面,cedict
to hold an inconsequential job,坐冷板凳,cedict
to agree without prior consultation,不谋而合,cedict
both funny and extremely embarrassing,哭笑不得,cedict
question and answer,问答,cedict
fair and clear,白净,cedict
to win an initial success,打响,cedict
to turn round,掉头,cedict
beginning and end,起讫,cedict
family and consumer science,家政学,cedict
human testimony and material evidence,人证物证,cedict
to visit sb's home,串门,cedict
adept and valiant military general,健将,cedict
to pull off,拔掉,cedict
to add less,少放,cedict
to buy again,复购,cedict
sound used to call cats,哗儿哗儿,cedict
wise and virtuous woman,淑女,cedict
body and mind,身心,cedict
old scores to settle,宿怨,cedict
numerous and close together,繁密,cedict
to call upon,省视,cedict
cause and effect,因果,cedict
to leave early,早退,cedict
power and influence,威势,cedict
nodding off to sleep,假寐,cedict
to bow before,俯首称臣,cedict
simple and easy,简易,cedict
husband's father and mother,翁姑,cedict
mouth like a torrent,口若悬河,cedict
to hold together,维系,cedict
to wash off dust,涤尘,cedict
to feel respect,起敬,cedict
to cover an area,成片,cedict
to pay an undercover visit,密访,cedict
age and experience,年资,cedict
green hills and clear waters,青山绿水,cedict
to both benefit,同蒙其利,cedict
matter and mind,物质文明和精神文明,cedict
to show poor judgment,买椟还珠,cedict
broad-minded and open,胸怀,cedict
free and easy,挥霍,cedict
to throw off,挣脱,cedict
to throw off blindness,脱盲,cedict
to throw off inhibitions,甩开膀子,cedict
painted into a corner,无路可逃,cedict
state within a state,国中之国,cedict
to draw government pay,食禄,cedict
to write an account,记述,cedict
plug and play,随插即用,cedict
to play across,划过,cedict
principal and interest,本利,cedict
to report success,报喜,cedict
far and deep,杳霭,cedict
home and abroad,中外,cedict
to enter sb's house,入户,cedict
to feel cold,发冷,cedict
rise and fall,低昂,cedict
to mouth off,嘴炮,cedict
easy to push around,好惹,cedict
delicate interest and charm,雅意,cedict
necessary and sufficient condition,充要条件,cedict
to square off,拳脚相向,cedict
to shake off,甩开,cedict
to shake off responsibility,褪套儿,cedict
to lift off,升空,cedict
simple and kind,淳厚,cedict
small and medium enterprise,中小企业,cedict
navy and air force,海空军,cedict
to meet together,相会,cedict
to talk without thinking,满嘴跑舌头,cedict
to change key,变调,cedict
to put forward,倡言,cedict
to repeat an old stratagem,故伎重演,cedict
to show filial respect,孝敬,cedict
remote and desolate area,山陬海澨,cedict
arrogant and self-important,自视清高,cedict
to become an official,入仕,cedict
place to settle,着落,cedict
leading to good consequences,良性,cedict
it so happened that,偏巧,cedict
moral nature and skill,品学,cedict
to pair off,捉对,cedict
to discuss official business,议事,cedict
to run together,重叠,cedict
to grow without restraint,横生,cedict
to open an account,开户,cedict
official call to arms,檄文,cedict
to break open,擘开,cedict
to wash off,涤去,cedict
talented and accomplished woman,才媛,cedict
poor and humble family,寒门,cedict
truth to tell,天地良心,cedict
to drive away evil spirits,祛邪,cedict
party and government administration,党政,cedict
to cut open,划破,cedict
mutual help and protection,守望相助,cedict
to speak without thinking,信口开河,cedict
to open wide,大开,cedict
to arrive late,迟到,cedict
to decide alone without consultation,独断,cedict
to blow off,打爆,cedict
to tear off,掀掉,cedict
to reduce pay,减俸,cedict
teaching and research office,教研室,cedict
openly and without fear,明目张胆,cedict
to turn toward,归向,cedict
to follow bad examples,学坏,cedict
to win instant success,一炮而红,cedict
to ward off evil spirits,辟邪,cedict
morning and night,夙夜,cedict
to play music,弦而鼓之,cedict
open and vast,开旷,cedict
to become an instant hit,一炮而红,cedict
to issue an order,发令,cedict
to assume great airs,摆架子,cedict
to change shape,变样,cedict
public and private,公私,cedict
machinery and power-generating equipment,机电,cedict
water supply and drainage,给排水,cedict
open and honest,磊磊,cedict
narrow and small,窄小,cedict
to move forward,渐进,cedict
to switch off,刹车,cedict
to pay an overdue tax,补税,cedict
to live together,同居,cedict
different thoughts coming to mind,思潮起伏,cedict
beijing language and culture university,北京语言大学,cedict
fallen into a trap,身陷牢笼,cedict
to govern armed forces,治军,cedict
to pay tax,完税,cedict
collect and record,采录,cedict
possible to reach,可通,cedict
profit and loss account,损益表,cedict
to feel weak,没劲,cedict
to never stop,不绝于耳,cedict
rich and influential person,豪富,cedict
rich and powerful person,富豪,cedict
reluctant to part,依依,cedict
to become aware,感觉到,cedict
to carry away everything,席卷,cedict
to meet violent death,毙命,cedict
weak and inept person,扶不起的阿斗,cedict
have no use for,用不着,cedict
clear and refreshing autumn weather,秋高气爽,cedict
to kick off,开球,cedict
to hold several teaching jobs,兼课,cedict
to lump different matters together,一概而论,cedict
to become popular overnight,一夜爆红,cedict
clear and soft,清婉,cedict
to cast off,摆脱,cedict
to knock off,下工,cedict
to change speed,变速,cedict
to show promise,大放光明,cedict
to leave without paying,吃霸王餐,cedict
to change direction,调转,cedict
life and livelihood,日月,cedict
water and fire,龙虎,cedict
clear and square,方正,cedict
to demand sb's life,索命,cedict
big and strong,五大三粗,cedict
economy and informatization commission,经信委,cedict
hong kong and macao area,港澳地区,cedict
industrial and mining area,工矿用地,cedict
to tip off,密告,cedict
carefree and comfortable life,清福,cedict
to shut off,关断,cedict
lacking strength and support,势单力薄,cedict
to send punitive forces against,兴师问罪,cedict
finance and trade,财贸,cedict
to drive away,赶出,cedict
to drive away cares,散心,cedict
able and efficient,精明能干,cedict
strong wind and heavy rain,狂风骤雨,cedict
secure and lucrative job,金饭碗,cedict
sweating like a pig,汗如雨下,cedict
attractive and easy mark,肥羊,cedict
curved like a bow,弓状,cedict
to strain off,淘选,cedict
tough and stocky build,熊腰虎背,cedict
too embarrassing to mention,隐秘难言,cedict
to maintain self-control,自制,cedict
to charge against,冲销,cedict
to strip off,剥掉,cedict
to receive general approval,众望所归,cedict
to ward off,抵挡,cedict
to ward off calamities,攘灾,cedict
like a drowned rat,落汤鸡,cedict
vague and general,空泛,cedict
distinguished service and achievement,勋业,cedict
to change clothes,更衣,cedict
to feel empty,若有所失,cedict
person narrow-minded and shortsighted,斗筲之器,cedict
to improve water quality,改水,cedict
sharp and clear,清脆,cedict
room and board,食宿,cedict
worse than a beast,禽兽不如,cedict
to blindly follow suit,亦步亦趋,cedict
to follow suit,学样,cedict
to become partner,搭伙,cedict
perfect and without blemish,完美无缺,cedict
to change track,转轨,cedict
to provide an answer,解答,cedict
to raise interest rates,加息,cedict
to become suddenly popular,窜红,cedict
to brush off,不予理会,cedict
to become apparent,表面化,cedict
to seal off,封锁,cedict
fierce and combative party,鹰派,cedict
large and beautiful,硕丽,cedict
large and spacious,高敞,cedict
to feel sad,心酸,cedict
to feel sick,作呕,cedict
to twist off,拧开,cedict
to part,乖离,cedict
to part forever,永别,cedict
to part ways,拜拜,cedict
to remain within bounds,不越雷池,cedict
clear and fresh,干爽,cedict
to walk away abruptly,掉头就走,cedict
bright and clear,璀璀,cedict
clear and bright,明皎,cedict
to heat until red-hot,烧红,cedict
to change route,改道,cedict
to feel guilty,负疚,cedict
to encounter poor service,花钱受气,cedict
to snap off,攀折,cedict
coiled like a snake,蛇形,cedict
stinks to high heaven,浊臭熏天,cedict
to lose face,丢丑,cedict
to become warm,变暖,cedict
fish and water,鱼水,cedict
to obtain confessions under torture,屈打成招,cedict
to read sb's mind,读心,cedict
to feel deeply hurt,伤心,cedict
to add everything together,综计,cedict
to wander off,走散,cedict
to supply again,补发,cedict
to wipe off,拭除,cedict
to meet death,赴死,cedict
to change guard complement,换防,cedict
candid and open,开诚相见,cedict
to defend against risk,套期保值,cedict
to bring trouble upon oneself,惹娄子,cedict
to change shift,交接班,cedict
to act cool,扮酷,cedict
to chop off,砍断,cedict
to tell fortune,算命,cedict
to tell sb's fortune,批命,cedict
to review case files,阅卷,cedict
school rules and regulations,校规,cedict
simple and direct transaction,一手交钱，一手交货,cedict
head spinning and blurred vision,头昏眼晕,cedict
a dream come true,得志,cedict
to palm off,假冒,cedict
to clear land,开地,cedict
to arrive home,临门,cedict
black and white,单色,cedict
black and white tv,黑白电视,cedict
writing concerning love and sex,绮语,cedict
to measure oneself against,一较高下,cedict
to govern,治理,cedict
to govern directly,直辖,cedict
to break away,摆脱,cedict
to rip off,敲诈,cedict
to peel off,剥掉,cedict
power and wealth,权利,cedict
to tick off,勾出,cedict
to apply eye drops,上眼药,cedict
to prepare against natural disasters,备荒,cedict
to stagger employees' days off,轮休,cedict
to shave off,刮掉,cedict
to cut away,剪掉,cedict
to tee off,发球,cedict
head and tail,首尾,cedict
to produce less,减产,cedict
to scrape off,刮掉,cedict
clear and sweet,清甜,cedict
to feel nervous,打鼓,cedict
party and government organizations,党政机关,cedict
to pinch off,夹断,cedict
to choke off,噎住,cedict
to become hot,升温,cedict
to occupy an important position,高居,cedict
to inspect another's discipline,纪检,cedict
to fend off,打跑,cedict
to feel anxious,人心惶惶,cedict
father and mother,怙恃,cedict
mother and father,二老,cedict
loyal and dependable person,香草,cedict
to sponge off others,吃白饭,cedict
to accept an order,领命,cedict
to slack off,打马虎眼,cedict
to decipher an old script,释文,cedict
to nip off,掐断,cedict
to become rich,发财致富,cedict
to enjoy popular support,众望所归,cedict
talk nicely and avoid disputes,多栽花少栽刺,cedict
to last,延续,cedict
innocent and naive person,小白兔,cedict
art and drama college,艺术学院,cedict
to hive off,分拆,cedict
a well-known reputation,如雷贯耳,cedict
small and exquisite,小巧,cedict
medical care and medicines,医药,cedict
to open shop,开店,cedict
to scurry off,窜逃,cedict
to leave unfinished business,拉后钩儿,cedict
to save life,全活,cedict
to save sb's life,再造,cedict
to doze off,度估,cedict
to play dead,假死,cedict
to slag off,恶言伤人,cedict
ability to hold drink,酒力,cedict
to scamper off,鼠窜,cedict
to swagger off,扬长而去,cedict
to slink off,溜号,cedict
to seek help,求救,cedict
light and quick,轻快,cedict
to goof off,偷懒,cedict
maternity and early childhood,孕婴童,cedict
to slacken off,懈气,cedict
to obtain an earthly hand,地和,cedict
to feel shame,识羞,cedict
to protect against,免受,cedict
to protect against natural disasters,防灾,cedict
to keep watch,值守,cedict
to act stupid,装傻,cedict
price-to-book ratio,市净率,cedict
small and densely populated,地狭人稠,cedict
small odds and ends,零杂,cedict
past and present,今昔,cedict
north and south,南北,cedict
north and south america,南北美,cedict
north and south american continents,美洲大陆,cedict
north and south korea,南北韩,cedict
north and south poles,地理极,cedict
south and north poles,南北极,cedict
loud and clear,嘹亮,cedict
rich and powerful family,门阀,cedict
clever and knowledgeable person,智者,cedict
start and development,端绪,cedict
to lower interest rates,降息,cedict
sincere belief and diligent study,笃信好学,cedict
to feel awkward,犯难,cedict
computer-aided design and drawing,电脑辅助设计与绘图,cedict
to play video games,打电动,cedict
to cherish old friendships,念旧,cedict
cruel and tyrannical person,阎王,cedict
to tell,吐露,cedict
to tell an untruth,说谎,cedict
to tell lies,妄言,cedict
to tell others,外传,cedict
to tell respectfully,敬告,cedict
to tell stories,说话,cedict
to tell tales,挑拨是非,cedict
to pound against,冲击,cedict
to feel sb's pulse,切脉,cedict
scratch-and-win lottery,刮刮乐,cedict
to satisfy both sides,两全,cedict
poor and simple,清苦,cedict
face powder and eyebrow liner,粉黛,cedict
to renew old cordial relations,重修旧好,cedict
to buy real estate,置业,cedict
increase and decrease,损益,cedict
power and virtue,威德,cedict
to open fire,放枪,cedict
to talk big,吹擂,cedict
to sit around,闲坐,cedict
adherence to old ideas,迂腐,cedict
to reopen old wounds,翻老账,cedict
to accommodate both,两全,cedict
broad and level,坦荡,cedict
level and broad,夷旷,cedict
to accept without thinking,囫囵吞枣,cedict
to feel ashamed,害臊,cedict
to press against,抵住,cedict
to develop cancer,患癌,cedict
to pass away,上山,cedict
to feel hatred,怀恨,cedict
to feel jealous,吃醋,cedict
able to pass muster,够格,cedict
to feel indignant,愤愤不平,cedict
door and window,户牖,cedict
to fight against terrorism,反恐,cedict
to feel numb,发麻,cedict
deep and wide,深广,cedict
to feel dizzy,晕眩,cedict
power and prestige,权威,cedict
to lose control,失手,cedict
to send  away,支开,cedict
to send away,屏退,cedict
to change gear,换挡,cedict
to feel apologetic,抱歉,cedict
to feel remorse,失悔,cedict
slick and sly person,油条,cedict
sly and cunning person,白骨精,cedict
to feel apprehensive,嘀咕,cedict
to feel nostalgic,怀旧,cedict
fame and power,声势,cedict
to feel aggrieved,委委屈屈,cedict
to become famous,扬名,cedict
to meet an attack,应敌,cedict
to sound different,变声,cedict
presumptuous and ignorant person,妄人,cedict
to bring  closer together,拉近距离,cedict
to bring together,合拢,cedict
to feel despondent,惆怅若失,cedict
to become thin,消瘦,cedict
to feel dejected,憋闷,cedict
to convey under guard,押运,cedict
to feel queasy,闹心,cedict
to feel,感受,cedict
to feel agitated,心烦,cedict
to feel beleaguered,草木皆兵,cedict
to feel deeply,深感,cedict
to feel deeply concerned,殊深轸念,cedict
to feel discouraged,泄劲,cedict
to feel disgusted,不是滋味,cedict
to feel disheartened,丧气,cedict
to feel dissatisfied,抱怨,cedict
to feel embarrassed,不好意思,cedict
to feel embarrassment,发窘,cedict
to feel gratified,窝心,cedict
to feel helpless,无助感,cedict
to feel intimidated,望而生畏,cedict
to feel jilted,失恋,cedict
to feel nauseous,作呕,cedict
to feel oppressed,憋闷,cedict
to feel perplexed,困惑不解,cedict
to feel pleased,快慰,cedict
to feel puzzled,迷惑不解,cedict
to feel reassured,吃了定心丸,cedict
to feel rejuvenated,返老还童,cedict
to feel relieved,安心,cedict
to feel revolted,膈应,cedict
to feel sentiments,感怀,cedict
to feel stuck,卡关,cedict
to feel suddenly,顿觉,cedict
to feel suffocated,憋气,cedict
to feel terrified,打怵,cedict
to feel transported,消魂,cedict
to feel uncomfortable,不舒服,cedict
to feel unwell,难受,cedict
to feel vexed,窝囊,cedict
to feel wronged,委屈,cedict
to become sad,发愁,cedict
to value money highly,重利,cedict
to grow light,天亮,cedict
head-and-shoulders photo,大头照,cedict
to act dumb,耍赖,cedict
drink and drive,饮酒驾车,cedict
clear and lively,清朗,cedict
to become fat,蹲膘,cedict
sentiment and face,情面,cedict
local conditions and customs,风土人情,cedict
flashy and enticing person,骚包,cedict
full and accurate,详实,cedict
to turn red,涨红,cedict
clear and coherent,通顺,cedict
crisp and clear,清寒,cedict
to show forth,跃然,cedict
tactless and impulsive person,半吊子,cedict
add and delete,增删,cedict
to house,收容,cedict
to play ball,打球,cedict
love and respect,爱戴,cedict
to act cute,装可爱,cedict
industry and commerce,工商,cedict
word formation and inflection,词法,cedict
to half-understand,似懂非懂,cedict
young and pretty,少艾,cedict
pampered and spoiled since childhood,娇生惯养,cedict
to act,扮演,cedict
to act arbitrarily,专断,cedict
to act boldly,放胆,cedict
to act brilliantly,演活,cedict
to act condescending,神气活现,cedict
to act coquettishly,撒娇,cedict
to act discourteously,失礼,cedict
to act energetically,力行,cedict
to act expediently,行权,cedict
to act independently,独立自主,cedict
to act ostentatiously,招摇,cedict
to act prudently,审慎行事,cedict
to act rashly,胡抡,cedict
to act recklessly,不知死活,cedict
to act servilely,卑躬屈节,cedict
to act shamelessly,耍无赖,cedict
to act tactfully,知趣,cedict
to act temperamental,使性,cedict
to act tyrannically,欺男霸女,cedict
to act wickedly,放刁,cedict
to render meritorious military service,立军功,cedict
too horrible to contemplate,不堪设想,cedict
to study hard,力学,cedict
to become angry,变色,cedict
to suddenly become extremely angry,齌怒,cedict
to become visible,现形,cedict
to discuss without inhibition,畅谈,cedict
to rest against,倚靠,cedict
clear and crystalline,粼粼,cedict
to die without regret,死而无悔,cedict
to become blind,失明,cedict
clear and sonorous,清朗,cedict
clear and detailed,分星掰两,cedict
clear and logical,头头是道,cedict
clear and melodious,清越,cedict
clear and penetrating,精辟,cedict
to discuss politics,议政,cedict
to discuss politics online,键政,cedict
to bring bad luck,带赛,cedict
to show tolerance,包容,cedict
to hand-wash,手洗,cedict
to keep fit,健身,cedict
to show compassion,怜恤,cedict
to show partiality,徇情,cedict
to attend graduate school,读研,cedict
to finish school,毕业,cedict
to put forth,努劲儿,cedict
to produce an effect,显效,cedict
to change countenance,变色,cedict
to travel around an island,环岛,cedict
able and virtuous,贤良,cedict
to bring disaster upon,祸及,cedict
to show ingenuity,别具匠心,cedict
to show filial piety,反哺,cedict
to show filial piety towards,孝顺,cedict
innocent and without apprehension,无猜,cedict
to become pregnant,受胎,cedict
method to settle an issue,解决办法,cedict
to change,中转,cedict
to change  illegally,套换,cedict
to change  repeatedly,一改再改,cedict
to change color,变色,cedict
to change completely,改样,cedict
to change considerably,改头换面,cedict
to change dramatically,剧变,cedict
to change feathers,换毛,cedict
to change gears,打档,cedict
to change hands,倒手,cedict
to change irregularly,变幻,cedict
to change lanes,变道,cedict
to change owners,易主,cedict
to change places,换个儿,cedict
to change planes,转机,cedict
to change positions,转变立场,cedict
to change precipitously,陡变,cedict
to change production,转产,cedict
to change residence,迁离,cedict
to change shifts,倒班,cedict
to change sides politically,变节,cedict
to change unpredictably,变幻莫测,cedict
to change workshifts,换工,cedict
unsusceptible to change,难以撼动,cedict
to show theatrical affectation,做张做势,cedict
foot-and-mouth disease,口蹄疫,cedict
to show,出示,cedict
to show appreciation,慰劳,cedict
to show approval,赞扬,cedict
to show clearly,彰明,cedict
to show consideration,照顾,cedict
to show favoritism,偏宠,cedict
to show initiative,率先,cedict
to show kindness,示恩,cedict
to show oneself,现身,cedict
to show tenderness,爱怜,cedict
to show understanding,体谅,cedict
to show weakness,示弱,cedict
to promote again,再迁,cedict
to become anxious,发急,cedict
to win an award,获奖,cedict
to provide financial aid,资助,cedict
to place,安放,cedict
to send word,捎信,cedict
mark to market,盯市,cedict
to produce cold air,制冷,cedict
to move  aside,挪开,cedict
to move aside,走开,cedict
to arrive early,早来,cedict
mud and sand flow together,泥沙俱下,cedict
air and space agency,航空航天局,cedict
to lack proper care,失调,cedict
knowledge and experience,识度,cedict
to become dominant,得势,cedict
to pull open,拉开,cedict
to set apart,派任,cedict
to scrape together money,罗掘,cedict
to own,占有,cedict
to own jointly,共有,cedict
to provide warm hospitality,热情款待,cedict
to open access,打通,cedict
to lead astray,下水,cedict
to draw water,吊水,cedict
to develop,建构,cedict
to develop simultaneously,并举,cedict
to independently develop,自研,cedict
industry and agriculture,工农业,cedict
next to serve,下任,cedict
to lead,主导,cedict
to lead troops,带兵,cedict
to lead troups,领军,cedict
to become prominent,出列,cedict
to let things happen,任随,cedict
honest and far-seeing,塞渊,cedict
to become corrupt,腐化,cedict
damage to goods during shipping,海损,cedict
to convey  under escort,押送,cedict
to ask advice,领教,cedict
to seem familiar,眼熟,cedict
upright and above board,不愧不怍,cedict
to become naked,裸裎,cedict
to compete again,再赛,cedict
to bring shame upon,抹黑,cedict
if you think about it,算起来,cedict
to lose money,折本,cedict
to become rigid,僵化,cedict
mother and son,子母,cedict
to move upwards,上坡,cedict
to put,放置,cedict
to put things simply,简言之,cedict
to build character,陶冶情操,cedict
difficult to understand,晦涩,cedict
east and west,东西,cedict
east and west germany,东西德,cedict
east and west hemispheres,东西半球,cedict
yesterday and today,今昔,cedict
to die without progeny,断子绝孙,cedict
to post away,调职,cedict
to die without illness,无疾而终,cedict
to train hard,苦练,cedict
to become notorious,扬名,cedict
widely read and knowledgeable,博闻强识,cedict
to write an article,撰文,cedict
to end abstinence,开戒,cedict
to draw near,逼近,cedict
to teach class,教课,cedict
profitable to both sides,双赢,cedict
coming to an end,阑珊,cedict
to end,告终,cedict
to end disastrously,吃大亏,cedict
to become extinct,死绝,cedict
to attend boarding school,住读,cedict
to attend school,上学,cedict
inspection and control bureau,监理所,cedict
water and soil,水土,cedict
father and elder brother,父兄,cedict
to become invalid,作废,cedict
to arise again,再起,cedict
water and grass,水草,cedict
to cook again,回锅,cedict
always moaning and complaining,满腹牢骚,cedict
humanities and social sciences,人文社会学科,cedict
to become numb,箍麻,cedict
to advise against,劝阻,cedict
to become smug,上脸,cedict
sea and land hotpot,海陆煲,cedict
sea and land,海陆,cedict
to clear internal heat,清火,cedict
to become outdated,老化,cedict
to become rowdy,开锅,cedict
to dispatch an advance party,打前站,cedict
to become dilapidated,败落,cedict
to become stunted,矮化,cedict
to provide transport,承运,cedict
to play deaf-mute,装聋作哑,cedict
to push open,推开,cedict
light and soft,嗫嗫,cedict
to play dirty tricks,使坏,cedict
near and distant relatives,远门近枝,cedict
to become,化作,cedict
to become addicted,上瘾,cedict
to become agitated,方寸大乱,cedict
to become airsick,晕机,cedict
to become alienated,疏离,cedict
to become an arhat,入圣,cedict
to become an immortal,得道,cedict
to become an unlawful ruler,篡立,cedict
to become assimilated,融通,cedict
to become attached,结缘,cedict
to become bruised,瘀伤,cedict
to become cancerous,癌变,cedict
to become civilized,开化,cedict
to become congested,拥堵,cedict
to become convinced,想通,cedict
to become cooler,降温,cedict
to become corrupted,腐坏,cedict
to become damaged,破损,cedict
to become debased,减色,cedict
to become degraded,蜕化,cedict
to become demoralized,丧志,cedict
to become depraved,堕落,cedict
to become devaluated,贬值,cedict
to become disenchanted,去魅,cedict
to become drunk,酒醉,cedict
to become dysfunctional,失调,cedict
to become enemies,结仇,cedict
to become engaged,许婚,cedict
to become enlightened,开悟,cedict
to become established,着床,cedict
to become estranged,失和,cedict
to become excited,犯劲,cedict
to become exhausted,累坏,cedict
to become fashionable,风行,cedict
to become formed,成型,cedict
to become immortal,登仙,cedict
to become impoverished,破产,cedict
to become incapacitated,失能,cedict
to become inflamed,发炎,cedict
to become infuriated,红眼,cedict
to become intoxicated,沉醉,cedict
to become mildewed,长毛,cedict
to become moldy,发霉,cedict
to become naturalized,入籍,cedict
to become neighbors,搭街坊,cedict
to become prettier,出脱,cedict
to become prosperous,发家,cedict
to become reconciled,和好如初,cedict
to become restless,骚动,cedict
to become revisionist,变修,cedict
to become seasick,晕船,cedict
to become seasoned,摸爬滚打,cedict
to become shaped,成型,cedict
to become somebody,成龙,cedict
to become spirited,来神,cedict
to become sworn brothers,拜把子,cedict
to become tarnished,发暗,cedict
to become threatening,蠢蠢欲动,cedict
to become unconscious,晕倒,cedict
to become unconstrained,脱缰,cedict
to gradually become,渐趋,cedict
safe and secure,安全无虞,cedict
to compete against,一较高下,cedict
intimate friend and companion,挚友良朋,cedict
to suffer second persecution,二茬罪,cedict
survey and research workers,调研人员,cedict
to play stupid,卖傻,cedict
turning alternately green and white,乍青乍白,cedict
young and tender,稚嫩,cedict
bread and water,粗茶淡饭,cedict
to live alone,独居,cedict
young and vigorous,年富力强,cedict
mellow and full,圆润,cedict
to face an attack,迎击,cedict
wealth and official post,利禄,cedict
to request help,求助,cedict
a very slight effort,举手之劳,cedict
to leave office,卸任,cedict
to hold tight,拘守,cedict
supply and demand,供求,cedict
brick and mortar business,实体店,cedict
to cold start,冷启动,cedict
to move,倒弄,cedict
to move elsewhere,他迁,cedict
to move emotionally,激动,cedict
to move forwards,上进,cedict
to move quickly,飞身,cedict
to move randomly,乱动,cedict
to move rhythmically,律动,cedict
to move sideways,拨动,cedict
to move stealthily,潜行,cedict
to move swiftly,驰骛,cedict
to move towards,走向,cedict
unable to move,僵住,cedict
unable to move freely,行动不便,cedict
meticulous and diligent study,钻坚仰高,cedict
abstruse and full,邃密,cedict
full and bulging,鼓鼓囊囊,cedict
low and deep,低沉,cedict
to set sail,扬帆,cedict
to read music,读谱,cedict
to call,冠以,cedict
to call  personally,躬诣,cedict
to call oneself,自称,cedict
to call sweetly,啼啭,cedict
to jokingly call,戏称,cedict
crowded to bursting point,挤满,cedict
to point,指引,cedict
to point towards,指向,cedict
to lift open,掀开,cedict
safe and sound,安全无事,cedict
measurement and control,测控,cedict
a good while,良久,cedict
friends and family,亲朋好友,cedict
wealthy and influential family,豪门,cedict
in accord with fact,原原本本,cedict
willing to help others,乐于助人,cedict
style and structure,规制,cedict
to pass water,撒尿,cedict
to turn positive,翻红,cedict
to try wearing clothes,试穿,cedict
level and oblique tones,平仄,cedict
ginseng and young deer antler,参茸,cedict
close and dear,亲切,cedict
to run dry,断流,cedict
track and field competition,田径赛,cedict
name and reality,名实,cedict
spring and autumn period,春秋,cedict
easy to understand,平易近人,cedict
to spend money,掏钱,cedict
to spend money recklessly,乱花钱,cedict
young and ignorant,童蒙,cedict
easy to carry,便携,cedict
young and clumsy,稚拙,cedict
pure and simple,纯属,cedict
to play crazy,折腾,cedict
to keep warm,保暖,cedict
to appreciate life,品味生活,cedict
to lose hope,失望,cedict
to die young,夭亡,cedict
to guard against evil,除邪,cedict
to hold audience,听事,cedict
to shop around,货比三家,cedict
round and fat,滚瓜溜圆,cedict
to extort under false pretenses,讹诈,cedict
father and son,父子,cedict
failure to meet,失迎,cedict
food and sex,食色,cedict
far and indistinct,杳冥,cedict
to maintain order,纠察,cedict
china education and research network,中国教育和科研计算机网,cedict
decline and fall,衰亡,cedict
to agree upon,议定,cedict
young and inexperienced,初出茅庐,cedict
young and promising,年轻有为,cedict
to battle against,开战,cedict
guarantee to pay compensations,包赔,cedict
a quick look,一眼,cedict
selfless and public spirited,舍己为公,cedict
to push-start,推车发动,cedict
to set aside,搁置,cedict
to follow,伴随,cedict
to follow blindly,盲从,cedict
to follow closely,跟脚,cedict
to follow everywhere,鞍前马后,cedict
to follow immediately afterwards,紧接,cedict
to follow lustful desires,恣欲,cedict
to follow obediently,唯命是从,cedict
to follow orders,奉命,cedict
to follow precedent,萧规曹随,cedict
to follow precisely,紧跟,cedict
to follow sb's tracks,跟踪,cedict
to follow your orders,得令,cedict
science and technology,科学技术,cedict
to play dumb,打马虎眼,cedict
to keep goal,守门,cedict
to spread open,劈开,cedict
to win gold medal,夺冠,cedict
to stand above,高居,cedict
door to door,门到门,cedict
warm and kind,温良,cedict
to keep score,记分,cedict
smooth and round,圆润,cedict
money and grain,钱粮,cedict
mother and daughter,母女,cedict
to play chess,下棋,cedict
trade and commerce,商贸,cedict
thick eyebrows and big eyes,浓眉大眼,cedict
to collect water,积水,cedict
to guard against theft,防盗,cedict
to tear open,掀开,cedict
generation and age ranking,行辈,cedict
to report an error,报错,cedict
open space within a structure,闶阆,cedict
hard to understand,疑难,cedict
to provide financial relief,纾困,cedict
to play truant,旷课,cedict
to scrape together enough,凑足,cedict
rough-and-ready method,概测法,cedict
blue and white porcelain,青花瓷,cedict
to help disaster victims,救灾,cedict
to play hopscotch,跳房子,cedict
to play mahjong,搓麻将,cedict
to play,吹奏,cedict
to play  backwards,倒放,cedict
to play boisterously,耍闹,cedict
to play cards,打扑克,cedict
to play games,闹着玩儿,cedict
to play knucklebones,邷么儿,cedict
to play marbles,弹球,cedict
to play matchmaker,撮合,cedict
to play poker,打扑克,cedict
to play pubg,吃鸡,cedict
to play tricks,做鬼,cedict
to play yabao,押宝,cedict
to enter without permission,擅闯,cedict
to administer state affairs,听事,cedict
love and hate,爱憎,cedict
to talk sense,讲理,cedict
to hand,呈给,cedict
to arrive without invitation,不速而至,cedict
to wait until,直待,cedict
to bake again,回炉,cedict
to let pass,放行,cedict
blue and white,青花,cedict
blue-and-white flycatcher,白腹姬鹟,cedict
to keep hot,保温,cedict
to stay level,持平,cedict
to spare sb's life,饶命,cedict
to live apart,分居,cedict
to live miles apart,一个天南，一个地北,cedict
simple and honest,憨厚,cedict
plain and simple,平易近人,cedict
to translate again,重译,cedict
to exercise power,行使职权,cedict
to exercise power arbitrarily,威福自己,cedict
render service to repay kindness,报效,cedict
to set forth,揭举,cedict
material and spiritual culture,物质文明和精神文明,cedict
to discuss behind closed doors,辟室密谈,cedict
to suspend service,停航,cedict
to reckon again,重算,cedict
a new shift,瓜代,cedict
simple and crude cart,柴车,cedict
to defend against an accusation,分辩,cedict
steady and serious character,脚踏实地,cedict
to close an account,销户,cedict
food and drink,吃喝,cedict
such a big,偌大,cedict
to collect money,敛钱,cedict
to steam again,回笼,cedict
to stay young forever,青春永驻,cedict
tall and big,魁伟,cedict
to force upon,强加,cedict
to seem,好似,cedict
to knock against,碰击,cedict
half to death,半条命,cedict
to travel without ostentation,轻车简从,cedict
rob peter to pay paul,拆东补西,cedict
elder brother and his wife,兄嫂,cedict
light and shadow,光影,cedict
to guard against,戒备,cedict
to guard against earthquakes,防震,cedict
to report an emergency,告急,cedict
to run wild,猖獗,cedict
major and minor third,大小三度,cedict
complete and accurate,翔实,cedict
success and failure,得失,cedict
industry and mining,工矿,cedict
to retire early,早退,cedict
to open treaty ports,开埠,cedict
to set upright,竖直,cedict
to sit together,并坐,cedict
to lean against,背倚,cedict
to lean closely against,紧靠,cedict
to eat without paying,吃白食,cedict
to eat without working,吃粮不管事,cedict
strong and bitterly cold,劲峭,cedict
to gesticulate while talking,指手画脚,cedict
to pay salary,出粮,cedict
nature and scenery,自然风光,cedict
to remit home,汇回,cedict
without stopping to rest,马不停蹄,cedict
to bow again,再拜,cedict
to maintain social stability,维稳,cedict
money and belongings,浮财,cedict
money and riches,千金,cedict
money and valuables,财宝,cedict
to write an essay,作文,cedict
to break fresh ground,别开生面,cedict
to state,建言,cedict
to state clearly,表明,cedict
to state explicitly,明示,cedict
to state formally,申明,cedict
to state openly,公然表示,cedict
able to react resourcefully,急中生智,cedict
to blow away dust,吹灰,cedict
to provide emergency assistance,救急,cedict
appointment to an important post,任事,cedict
bridal room and ornamented candles,洞房花烛,cedict
to provide oxygen complement,充氧,cedict
to spend big,砸钱,cedict
simple and neat,素净,cedict
to decide behind closed doors,内定,cedict
to supply water,供水,cedict
to split open,劈裂,cedict
to throw away,丢掉,cedict
to hold forth,调嘴,cedict
second to none,寡二少双,cedict
simple and convenient,简便,cedict
pedantic and unrealistic view,迂见,cedict
to manage,代管,cedict
to hold accountable,追责,cedict
to record sound,录音,cedict
to prolong life,延年,cedict
to travel around,周游,cedict
literature and history,文史,cedict
to laugh away,一笑了之,cedict
to set  afoot,发轫,cedict
to rebel against orthodoxy,离经叛道,cedict
body and soul,形神,cedict
to hold preliminary heats,预赛,cedict
to bring forward,提早,cedict
to draw together,并拢,cedict
to push away,推开,cedict
to render meritorious service,立功,cedict
to set,下山,cedict
to offer evidence,举证,cedict
according to reason,据理,cedict
to raise money,募款,cedict
to keep oneself pure,守身,cedict
to start an engine,开机,cedict
to pay tribute,纳贡,cedict
to brush against,擦掠,cedict
to assess an entire lot,估堆儿,cedict
to provide shade,遮荫,cedict
sudden and violent attack,突击,cedict
to crack open,破壳,cedict
to plot against,暗算,cedict
simple and elegant,淡雅,cedict
light and shade,显晦,cedict
simple and sincere,诚朴,cedict
to file away,归案,cedict
to discriminate against,歧视,cedict
entrance and exit door,出入门,cedict
to write prose,属文,cedict
to leave behind,留下,cedict
smooth and easy,流畅,cedict
difficult to approach,难于接近,cedict
father and daughter,父女,cedict
simple and crude,简陋,cedict
light and convenient,轻便,cedict
highbrow art and literature,阳春白雪,cedict
remain calm and undaunted,坦然无惧,cedict
literature and art,文艺,cedict
brightest and best,魁元,cedict
to burst open,崩裂,cedict
to turn tail,打退堂鼓,cedict
wide and bright,宽亮,cedict
round and plump,滴溜溜,cedict
to write an inscription,题字,cedict
to cut class,翘课,cedict
to add something extra,追加,cedict
to waste away,消瘦,cedict
to pit oneself against,别苗头,cedict
morning and evening,早晚,cedict
to turn pale,失色,cedict
to solicit financial help,打把势,cedict
close and distant,亲疏,cedict
sound and video,音视,cedict
to hold concurrent posts,兼职,cedict
to include,内含,cedict
to hold supremacy,独尊,cedict
clinging abjectly to life,贪生怕死,cedict
documents relating to sb's life,生活资料,cedict
to lengthen life,增年,cedict
true to life,写实,cedict
to ask,叩问,cedict
to ask earnestly,央告,cedict
to ask oneself,反躬自问,cedict
to ask oneself honestly,扪心自问,cedict
to ask questions,诘问,cedict
to ask repeatedly,叮问,cedict
to test drive,试车,cedict
ability to write,笔头,cedict
to write,执笔,cedict
to write badly,涂鸦,cedict
to write elegantly,笔下生花,cedict
to write freely,信笔,cedict
to write jointly,合著,cedict
to write personally,手书,cedict
gentle and kind,温蔼,cedict
thanks to your help,鼎力,cedict
to help,帮同,cedict
to help greatly,大有裨益,cedict
to help others,助人,cedict
to pay homage,参谒,cedict
to live an exhausting journey,一路风尘,cedict
easy to learn,好学,cedict
round and bulging,圆鼓鼓,cedict
to court death,寻死,cedict
single spear and horse,单枪匹马,cedict
to turn hostile suddenly,变脸,cedict
to sell hot air,买空卖空,cedict
to hold,占有,cedict
to hold an additional,加持,cedict
to hold concealed,蕴聚,cedict
to hold exploratory discussions,酝酿,cedict
to hold hands,拉手,cedict
to hold onto,捉住,cedict
to hold resolutely,立定,cedict
to hold shares,持股,cedict
to germinate again,复萌,cedict
real ability and learning,真才实学,cedict
real swords and spears,真刀真枪,cedict
eastern and western culture,东西方文化,cedict
to reach marriageable age,及笄,cedict
to travel far,远游,cedict
to pay,交纳,cedict
to pay bitterly,吃大亏,cedict
to pay dearly,吃苦头,cedict
to pay reparations,赔款,cedict
to pay respects,请安,cedict
to pay retroactively,补发,cedict
to pay sb's wages,关饷,cedict
to pay taxes,上税,cedict
to pay wages,开支,cedict
to drink water,饮水,cedict
red flowers and green willow,花红柳绿,cedict
short takeoff and landing aircraft,短距起落飞机,cedict
to tour around,玩遍,cedict
to order goods,定购,cedict
simple and industrious,勤朴,cedict
easy to remember,好记,cedict
dangerous and difficult,险阻,cedict
difficult and dangerous,艰险,cedict
to service,检修,cedict
to dash against,冲打,cedict
to relate,叙述,cedict
to save water,节水,cedict
complicated and simple,繁简,cedict
simple and frank,拙直,cedict
simple and unadorned,古朴,cedict
thrifty and simple,俭朴,cedict
to provide moisture,滋润,cedict
to muster large forces,兴师动众,cedict
to pour cold water,浇冷水,cedict
computer and video games,电子游戏,cedict
big and stout,磊落,cedict
love and marriage,婚恋,cedict
a child's play,小儿科,cedict
to carry along,挟带,cedict
to wash away,冲刷,cedict
green willows and red flowers,柳绿花红,cedict
to cut short,中断,cedict
to keep silent,不言不语,cedict
to keep totally silent,一声不响,cedict
to  report,呈报,cedict
to report,汇报,cedict
to report expenses,报账,cedict
to report secretly,密告,cedict
body armor and helmet,盔甲,cedict
to broadcast live,直播,cedict
to prop open,撑开,cedict
to discuss together,共商,cedict
to rank second,次之,cedict
to search without notification,突击检查,cedict
to hide away,蛰藏,cedict
dizzy and light-headed,头晕脑胀,cedict
to release flood water,泄洪,cedict
difficult to achieve,难以实现,cedict
to sleep around,乱搞,cedict
to crusade against,讨伐,cedict
to open ballot boxes,开票,cedict
healthy and active,活蹦乱跳,cedict
to walk past,走过,cedict
able to resist hardship,耐劳,cedict
normal and proper practice,常道,cedict
wise and kind,贤慧,cedict
big dipper and altair,斗牛,cedict
to buy detail,零买,cedict
to quit school,退学,cedict
to raise difficult questions,发难,cedict
double and single,双独,cedict
blue-and-green landscape,青绿山水,cedict
political and legal affairs commission,政法委,cedict
to skip school,翘课,cedict
to provide,供给,cedict
to provide an explanation,辩解,cedict
to provide assistance,应援,cedict
to provide catering,办桌,cedict
to provide feedwater,给水,cedict
to provide loans,放贷,cedict
to visit north korea,访朝,cedict
free and unconstrained,悠哉悠哉,cedict
free and unconventional,疏放,cedict
free and unfettered,散诞,cedict
free and unrestrained,恣肆,cedict
leisurely and free,安闲舒适,cedict
powerful and free,豪放,cedict
kind and honest,厚道,cedict
history and biography,记传,cedict
flickering light and passing shadows,浮光掠影,cedict
light and airy,虚飘飘,cedict
light and airy feeling,飘飘然,cedict
light and graceful,轻盈,cedict
to nestle against,依偎,cedict
to disappear without trace,不翼而飞,cedict
close to death,垂危,cedict
to rise above,越过,cedict
torn body and crushed bones,粉身碎骨,cedict
to fall behind,名落孙山,cedict
to benchmark against,对标,cedict
to left justify,左对齐,cedict
to turn sour,酸败,cedict
hard to remember,难记,cedict
to continue despite repeated prohibition,屡禁不止,cedict
to perform together,配角,cedict
to save money,储蓄,cedict
to open an aperture,凿空,cedict
a real man,大男人,cedict
to try,企图,cedict
to try  oneself,亲测,cedict
to try harder,加大力度,cedict
to grow hair,长毛,cedict
to open,打开,cedict
to open hostilities,开仗,cedict
to open onto,朝向,cedict
to meet,交接,cedict
to meet friends,会友,cedict
to meet secretly,密会,cedict
to sell short,做空,cedict
to short-sell,抛空,cedict
to start an opera,开戏,cedict
liter and decaliter dry measure,升斗,cedict
to happen upon,偶见,cedict
to ensure public security,保安,cedict
things return to normal,云散风流,cedict
to wonder whether,忖度,cedict
to slip away,拍拍屁股走人,cedict
hard to pass,难行,cedict
to love music,爱乐,cedict
to push around,欺压,cedict
to turn renegade,叛离,cedict
scientific and technical staff,科技人员,cedict
to turn,掉向,cedict
to turn cartwheels,横翻筋斗,cedict
to turn towards,朝向,cedict
broad and deep,汪汪,cedict
track and field,田径,cedict
track and field sports,田径运动,cedict
fair-haired and blue-eyed,金发碧眼,cedict
difficult to protect,难保,cedict
city and countryside,城乡,cedict
chance and opportunity,机运,cedict
to leave hospital,出院,cedict
to stand firm,挺住,cedict
to assume full responsibility,总揽,cedict
to increase troop numbers,增兵,cedict
to exterminate an entire family,灭门,cedict
complete and beautiful,十全十美,cedict
to increase revenue,增收,cedict
subject and predicate,主谓,cedict
to cast away,丢掉,cedict
to divide exactly without remainder,整除,cedict
to hang around,打混,cedict
thick and strong,壮硕,cedict
according to law,依法,cedict
to assume control,接管,cedict
to steal away,溜之大吉,cedict
to run aground,搁浅,cedict
to achieve prominent success,放卫星,cedict
to run amok,大闹,cedict
numerous and wide-ranging,繁博,cedict
to determine policy,决策,cedict
to run,执行,cedict
to run amuck,横行,cedict
to run errands,跑腿,cedict
to run quickly,奔驰,cedict
to run risks,走险,cedict
poetry and pictorial art,诗画,cedict
research and development,研发,cedict
teaching and research,教研,cedict
to wind around,绕过,cedict
easy and comfortable,安逸,cedict
easy and relaxed,飘然,cedict
easy and unhurried,舒缓,cedict
to collect together,总合,cedict
to swim away,游走,cedict
to cause death,害死,cedict
to cause sb's death,要命,cedict
a great number,悠悠,cedict
alone and poor,孤寒,cedict
bone structure and physiognomy,骨法,cedict
nice to hear,受听,cedict
to remain single,久旷,cedict
domestic and international,国内外,cedict
clothes and food,衣食,cedict
profit and loss,损益,cedict
bit and pieces,零杂,cedict
to quit social media,退网,cedict
in love with,爱恋,cedict
notice to leave,逐客令,cedict
husband and wife,两口儿,cedict
to require effort,费劲,cedict
screen and stage,影剧,cedict
direct and efficient,干脆利落,cedict
transport and sale,运销,cedict
to sweep away,横扫,cedict
honest and upright approach,前门,cedict
wide-ranging and profound,博大精深,cedict
coming together and separating,聚散,cedict
to obtain water,取水,cedict
tall and strong physique,彪个子,cedict
to return fire,还击,cedict
to let matters rest,干休,cedict
to issue an infringement notice,开罚单,cedict
to build,修建,cedict
to cut staff,裁员,cedict
to break ground,动土,cedict
north to south,南北,cedict
tall and strong,人高马大,cedict
to cut across,横切,cedict
cat and mouse game,猫鼠游戏,cedict
to drain away,排走,cedict
to die hard,死而不僵,cedict
quiet and safe,平安,cedict
to commit  often,常犯,cedict
to live incognito,埋名,cedict
design and color,花色,cedict
to brush away,划拉,cedict
fame and position,名位,cedict
to live,住居,cedict
to live aimlessly,瞎混,cedict
to live forever,永生,cedict
to live frugally,省吃俭用,cedict
to live independently,单过,cedict
to live peacefully,安居,cedict
to start,下手,cedict
to start broadcasting,开播,cedict
to start building,动土,cedict
to start collecting taxes,开征,cedict
to start daycare,入托,cedict
to start digging,破土,cedict
to start drilling,开钻,cedict
to start eating,开吃,cedict
to start negotiations,开议,cedict
to start plowing,开犁,cedict
to start running,起跑,cedict
to start screening,上片,cedict
to start shooting,投拍,cedict
to start speaking,开腔,cedict
to start talking,启齿,cedict
to start using,启用,cedict
to break serve,破发,cedict
to begin an exam,开考,cedict
keep your thoughts to yourself,免开尊口,cedict
to keep,保守,cedict
to keep an appointment,守约,cedict
to keep doing,一犯再犯,cedict
to keep hidden,私藏,cedict
to keep mentioning,挂在嘴上,cedict
to keep promises,守信,cedict
to keep repeating,念叨,cedict
to keep stationed,留驻,cedict
unable to keep,保不住,cedict
to store water,储水,cedict
to really hurt,疼死,cedict
thick and deep,宽厚,cedict
capital and profit,本利,cedict
to drag away,拖走,cedict
a few days before,前几天,cedict
hard and dangerous,高难,cedict
radiating health and vigor,神采奕奕,cedict
gentle wind and warm sunshine,风和日暄,cedict
kind and charitable,乐善好施,cedict
food and agriculture,粮农,cedict
tough and strong,强韧,cedict
eager to win,好胜,cedict
short and stout,矮胖,cedict
to chase away,驱赶,cedict
blood and vital breath,血气,cedict
to spread around,张扬,cedict
to drift away,游离,cedict
to seize power,夺权,cedict
to lip-read,唇读,cedict
to stand alone,孑立无依,cedict
to control flow,节流,cedict
free to choose,自选,cedict
to achieve success,出线,cedict
to shift around,游移,cedict
to add glory,增光,cedict
bank deposits and loans,存贷,cedict
to support tibetan independence,援藏,cedict
to vanish forever without trace,石投大海,cedict
to vanish without trace,销声匿迹,cedict
to adopt an original approach,别出心裁,cedict
warm and fine,煦煦,cedict
to wipe away,湔雪,cedict
to wipe away tears,抹泪,cedict
to second,征调,cedict
difficult to travel,难走,cedict
finance and accounting,财会,cedict
finance and economics,财经,cedict
finance and taxation,财税,cedict
to transmit an order,传令,cedict
to fade away,寂灭,cedict
smoke and fire,烟火,cedict
police and criminals,警匪,cedict
to club together,出份子,cedict
wide and knowledgeable,博物多闻,cedict
to scare away,吓跑,cedict
to fall due,到期,cedict
penny wise and pound foolish,贪小失大,cedict
to crowd around,围拢,cedict
to face upwards,仰天,cedict
to begin,入手,cedict
to begin abruptly,大作,cedict
to begin schooling,开蒙,cedict
to begin shooting,开拍,cedict
to begin sowing,开播,cedict
to let alone,放任,cedict
to draw air using bellows,鼓风,cedict
teaching and administrative staff,教职员,cedict
to heat water,烧水,cedict
rock-firm and unyielding,坚如磐石,cedict
to question via torture,拷问,cedict
lustrous and black,乌亮,cedict
search and rescue dog,搜救犬,cedict
heavy makeup and gaudy dress,浓妆,cedict
to flush away,冲走,cedict
to carry forward,推进,cedict
literature and language,语文,cedict
to oscillate without pause,游移不定,cedict
to gain an easy victory,轻取,cedict
front and rear,前后,cedict
to accept an acting role,接戏,cedict
radio and television,广电,cedict
to head,率领,cedict
happy and content,怡然自得,cedict
to fall forward,颠踣,cedict
to stuff full,塞满,cedict
a great life-saving favor,恩同再造,cedict
music and song,笙歌,cedict
to rip away,撕掉,cedict
strong and swift,劲急,cedict
to stew meat without seasoning,清炖,cedict
to snatch away,夺走,cedict
to glance around,东张西望,cedict
official rank and salary,禄位,cedict
voice and features,音容,cedict
to kid around,打哄,cedict
to idle away,消磨,cedict
to wield  power,掌权,cedict
strong and vigorous,身强力壮,cedict
poor and rich,贫富,cedict
a good word,好话,cedict
us securities and exchange commission,美国证券交易委员会,cedict
to win,胜出,cedict
to win an election,胜选,cedict
to win an honor,争光,cedict
to win decisively,大胜,cedict
to win easily,稳胜,cedict
to win honor,做脸,cedict
to rust away,锈蚀,cedict
to bring relief,缓解,cedict
to obey an order,从命,cedict
in this way,如斯,cedict
to slap sb's face,打嘴,cedict
debauched and corrupt environment,灯红酒绿,cedict
fine and soft,细软,cedict
to usurp political power,篡政,cedict
to usurp power,篡权,cedict
to adjust components during testing,调试,cedict
dainty and delicate girl,小女人,cedict
to chatter away,唠叨,cedict
to chatter away incessantly,磨豆腐,cedict
to lure away,引开,cedict
to practice birth control,节育,cedict
to arrogate power,擅权,cedict
to drive forward,推进,cedict
nice and warm,暖和,cedict
pick and roll,挡拆,cedict
to increase,再育,cedict
to increase daily,日益增加,cedict
to increase efforts,加劲,cedict
to increase markedly,百倍,cedict
to increase production,增产,cedict
to increase rapidly,激增,cedict
to increase sharply,暴涨,cedict
to increase slightly,微升,cedict
to increase steadily,与日俱增,cedict
to offer credit,赊欠,cedict
to wither away,消亡,cedict
to seep away,漏掉,cedict
to curve around,弯曲,cedict
to stand straight,屹立,cedict
to fit together,协调,cedict
china and north korea,中朝,cedict
us and north korea,美朝,cedict
south korea and australia,韩澳,cedict
to stow away,逃票,cedict
strong and upright,劲直,cedict
to whittle away,消磨,cedict
to proof-read,审校,cedict
to plan,企划,cedict
to plan matters,谋事,cedict
to nose around,探查,cedict
to stash away,秘藏,cedict
nearby and therefore convenient,近便,cedict
to rush around everywhere,满天飞,cedict
to fritter away,虚度,cedict
to lose blood,失血,cedict
to sit cross-legged,盘坐,cedict
able to withstand careful appreciation,耐看,cedict
to book ahead,预订,cedict
to offer advice,出主意,cedict
to clear,昭雪,cedict
to clear accounts,清算,cedict
to clear customs,通关,cedict
to clear landmines,排雷,cedict
to clear mines,扫雷,cedict
to ejaculate onto sb's face,颜射,cedict
dry and heavy,干涩,cedict
hide and seek,藏猫儿,cedict
to collect tax,收税,cedict
to joke around,说着玩,cedict
to face opprobrium,冒大不韪,cedict
to beautify sb's face,美颜,cedict
to face,朝向,cedict
to face childbirth,临产,cedict
to face dangers,冒着,cedict
to sb's face,当面,cedict
to waste money,乱花,cedict
to join together,拼缀,cedict
deep roots and vigorous foliage,根深叶茂,cedict
stout and strong,肥壮,cedict
to add,加上,cedict
to add details,点染,cedict
to add luster,增光,cedict
to add precision,精密化,cedict
to add warmth,加温,cedict
to surreptitiously add,偷加,cedict
plump and strong,膘肥体壮,cedict
strong and muscular,健硕,cedict
to press hard,紧逼,cedict
to maintain harmony among relatives,睦亲,cedict
to reflect light,反光,cedict
to force feed,硬灌,cedict
to force-feed ducks,填鸭,cedict
to scheme together,共谋,cedict
able to,可以,cedict
able to fulfill,具备,cedict
to pace around nervously,转腰子,cedict
slow and patient,慢性,cedict
to confess without being pressed,不打自招,cedict
to fool around,打哄,cedict
supple and strong,柔韧,cedict
fire and ice,冰火,cedict
to earn money,赚钱,cedict
to tag along behind,跟屁股,cedict
to draw blood,抽血,cedict
domestic and foreign,内外,cedict
happy and sad,可歌可泣,cedict
to fall below,跌破,cedict
courageous and strong,孔武有力,cedict
healthy and strong,茁壮,cedict
strong and healthy,康强,cedict
stable and permanent attitude,稳恒态,cedict
to attend court,听审,cedict
to practice strict economy,厉行节约,cedict
parent and subsidiary,母子,cedict
to offer an opinion,置喙,cedict
to fluctuate within,游走,cedict
to drink hard,狂饮,cedict
honest and upright official,清官,cedict
to drain flood-water,排洪,cedict
to lose heart,泄劲,cedict
deep and profound,沉邃,cedict
deep and profound meaning,渊诣,cedict
healthy and secure,安泰,cedict
fresh and green,青翠,cedict
to order,判令,cedict
to order dishes,点菜,cedict
firm and substantial,坚实,cedict
quality and quantity,质量,cedict
to burn money,烧包,cedict
to link together,牵连,cedict
to sell sex,卖肉,cedict
military strategy and tactics,兵法,cedict
to rest easy,安枕,cedict
to corrupt politics,乱政,cedict
ground-to-air missile,地对空导弹,cedict
claim to rights,权利要求,cedict
to focus attention upon,瞩目,cedict
fair and honest,中正,cedict
to strongly support,狂顶,cedict
to support,仗腰,cedict
to support oneself,自立,cedict
to support terrorism,支恐,cedict
to support tibet,援藏,cedict
to support unconditionally,一边倒,cedict
to receive an official's salary,受俸,cedict
to mess around,乱来,cedict
every word is a gem,字字珠玑,cedict
skin and hair,皮毛,cedict
to cough without phlegm,干咳,cedict
to channel water,引水,cedict
to travel together,搭帮,cedict
performers and production team,剧组,cedict
to enjoy together,共享,cedict
wear and tear,消损,cedict
to wander around,转悠,cedict
to fall dead,倒毙,cedict
sound and meaning,音义,cedict
to collect scrap material,拾零,cedict
to inform,上覆,cedict
to respectfully inform,谨启,cedict
male and female,两性,cedict
male and female slaves,臣妾,cedict
dry and clean,干爽,cedict
soft skin and tender flesh,细皮嫩肉,cedict
to read aloud,吟诵,cedict
hard to separate,无间,cedict
to rove around,转来转去,cedict
to study abroad,留学,cedict
to die an untimely death,英年早逝,cedict
to produce heat,制热,cedict
to water-cool,水冷,cedict
gospel according to st mark,马可福音,cedict
to enjoy success,得志,cedict
to pursue public affairs,奉公,cedict
quick and violent,迅猛,cedict
to finish class,下课,cedict
to produce an item,出品,cedict
to study medicine,学医,cedict
deep and shrewd,胸有城府,cedict
to perform music,合奏,cedict
to receive an award,领奖,cedict
to employ,使用,cedict
to employ workers,用工,cedict
east to west,东西方,cedict
a weary look,倦容,cedict
sweet and sour fish,糖醋鱼,cedict
key and lock,锁钥,cedict
to piece together incorrectly,拼错,cedict
cleanliness is next to godliness,澡身浴德,cedict
next to,邻接,cedict
next to nothing,微乎其微,cedict
to eat individual meals,分餐,cedict
to loop around,卷绕,cedict
brother and sister,兄妹,cedict
to wait upon,侍候,cedict
deep and sonorous,宽亮,cedict
soft and warm,暄腾,cedict
to test-fire,试射,cedict
to pull toward shore,靠岸,cedict
trust and justice,信义,cedict
to read,参阅,cedict
to read cursorily,涉猎,cedict
to read intensively,饱读,cedict
to read newspapers,读报,cedict
to read respectfully,捧读,cedict
to read silently,默念,cedict
to read smoothly,顺口,cedict
deep and detailed investigation,极深研几,cedict
deep and resounding,凝重,cedict
deep and somber,杳杳,cedict
deep plowing and careful cultivation,深耕细作,cedict
deep rooted and influential,积厚流广,cedict
to escort  during transportation,押车,cedict
continuous and patient effort,长流水，不断线,cedict
to collect evidence,取证,cedict
responsible and diligent,尽职尽责,cedict
wealth and influence,财势,cedict
screen-to-body ratio,屏占比,cedict
to withdraw money,取现,cedict
to fuss around,狗扯羊皮,cedict
to serve food,上菜,cedict
to buzz around,交驰,cedict
to march toward,迈向,cedict
to lose contact,失联,cedict
to monkey around,瞎晃,cedict
to imitate sb's example,学样,cedict
to coil around,缠结,cedict
nippon telegraph and telephone,日本电报电话公司,cedict
to collect material,取材,cedict
cock-and-bull story,不经之谈,cedict
to hover around,晃悠,cedict
to impose martial law,戒严,cedict
to step across,跨越,cedict
to pull oneself together,抖擞精神,cedict
to pull together,同心协力,cedict
eager to study,好学,cedict
to interrogate during investigation,侦讯,cedict
to gain experience,涉世,cedict
potential to rise,上升空间,cedict
to mass produce,批量生产,cedict
to mass-produce,量产,cedict
to cut sb's hair,理头,cedict
to question,审问,cedict
to question angrily,叱问,cedict
to question closely,叮问,cedict
to question intensely,逼问,cedict
to question oneself,反省,cedict
to revolve around,围绕,cedict
to skate around,一带而过,cedict
to thrash around,打把势,cedict
precise and appropriate,精当,cedict
to fall ill,受病,cedict
rough and ready outfit,草台班子,cedict
to clown around,逗乐,cedict
air-to-air missile,空对空导弹,cedict
fine and smooth,缜润,cedict
to roam around,逛逛,cedict
to whirl around,翻卷,cedict
my husband and master,郎君,cedict
to pool money,凑钱,cedict
morning and twilight,晨昏,cedict
to reduce internal heat,去火,cedict
to reach rock bottom,扫地,cedict
to walk alone,踽踽独行,cedict
remnants after a disaster,劫余,cedict
to drive fast,遄征,cedict
a disdainful look,白眼,cedict
to swarm around,一拥而上,cedict
food and beverage,餐饮,cedict
original and unique,颖异,cedict
a little while,一时半晌,cedict
to absorb water,吃水,cedict
hard to bear,难熬,cedict
east sichuan and chongqing,巴州,cedict
pleasant to hear,中听,cedict
a long talk,长谈,cedict
temperature and pressure,温压,cedict
to transform nature,移山倒海,cedict
food and clothing,吃穿,cedict
food and lodging,吃住,cedict
to create trouble,扰攘,cedict
ancient and modern,古今,cedict
oil and gas,油气,cedict
to share nuptial cup,合卺,cedict
to extract water,脱水,cedict
air conditioning and central heating,冷暖房,cedict
firm and solid,牢靠,cedict
to putter around,瞎忙,cedict
to stand guard,守备,cedict
to defer study,休学,cedict
to settle an account,付账,cedict
vast and various,缤纷,cedict
matted hair and bare feet,蓬头跣足,cedict
plant diseases and insect pests,病虫,cedict
to focus light,聚光,cedict
flesh and blood,膏血,cedict
to borrow money,借债,cedict
to let slip,失语,cedict
heart and soul,一心,cedict
to market,推销,cedict
obstinate and self-opinionated,刚愎自用,cedict
civil and military,文武,cedict
civil and military officials,文武百官,cedict
fresh and clean,清新,cedict
combining native and foreign methods,土洋并举,cedict
to lose shape,走形,cedict
to boil water,烧水,cedict
strange and interesting item,珍闻,cedict
wealth and profit,财利,cedict
bright and clean,光洁,cedict
to deposit money,储币,cedict
supply and marketing,供销,cedict
supply and sales,供销,cedict
full to bursting,爆棚,cedict
full to overflowing,严了眼儿,cedict
displaying strength and discipline,堂堂正正,cedict
low and gently sloping,低缓,cedict
low and unhurried,低缓,cedict
rough and ready,克难,cedict
rites and music,礼乐,cedict
to stand tall,耸立,cedict
to ignore an issue,撇开不谈,cedict
to fall flat,毫无效果,cedict
to fall apart,土崩瓦解,cedict
sincere and serious,诚笃,cedict
to lend money,借款,cedict
to control,克制,cedict
to control oneself,自抑,cedict
to smear sb's name,抹黑,cedict
to strictly control,严控,cedict
unable to control oneself,不能自已,cedict
to cause trouble,出娄子,cedict
to stay behind,留下,cedict
to raise an ill wind,煽阴风,cedict
flight and hotel,机加酒,cedict
to discharge water,出水,cedict
to bring,带来,cedict
to talk rubbish,白扯淡,cedict
to advance together,并进,cedict
winter and summer,冬夏,cedict
fish and meat,鱼肉,cedict
meat and fish,荤腥,cedict
hard to imagine,想不到,cedict
to attend class,上课,cedict
a high-class upright character,高风峻节,cedict
to prepare food,调理,cedict
gold and silver leaf,金银箔,cedict
to pump water,抽水,cedict
to talk incessant nonsense,磨嘴,cedict
elder and younger brother,昆仲,cedict
fierce and ambitious character,雄长,cedict
hard to avoid,难免,cedict
sudden and unexpected disaster,飞来横祸,cedict
bed and bamboo sleeping mat,床笫,cedict
to train abroad,留洋,cedict
to talk nonsense,乱弹琴,cedict
expenditure and income,出入,cedict
income and expenditure,收支,cedict
mental and physical,身心,cedict
mental and physical efforts,心力,cedict
to operate,作业,cedict
to operate jointly,合营,cedict
quick and skillful,轻灵,cedict
to name,冠名,cedict
to establish separate units,分设,cedict
to water-ski,滑水,cedict
to study,修习,cedict
to study attentively,研读,cedict
to study diligently,刻苦钻研,cedict
to study intensively,精研,cedict
to study meticulously,钻研,cedict
post and telecommunications,邮电,cedict
edge and corner,棱角,cedict
to hit hard,沉重打击,cedict
to lose spirit,失神,cedict
to declare war,宣战,cedict
to level,垫平,cedict
board and lodging,食宿,cedict
having money to spare,方便,cedict
dark and moist,阴湿,cedict
to grow cotton,种花,cedict
to let things slide,放任自流,cedict
safe and healthy,康泰,cedict
noble and benevolent character,光风霁月,cedict
pride comes before a fall,满招损，谦受益,cedict
pride goes before a fall,骄者必败,cedict
fire and candles,火烛,cedict
to reason,说理,cedict
to invite job applications,征聘,cedict
to select an auspicious date,择日,cedict
to leave port,出口,cedict
to charge forward,猛冲,cedict
to drink along,陪酒,cedict
to distribute land,分地,cedict
to break drug dependence,勒戒,cedict
metal and stone,金石,cedict
screen and roll,挡拆,cedict
wife and children,妻子,cedict
concise and effective,精悍,cedict
dark and swarthy,黑不溜秋,cedict
to touch-type,盲打,cedict
ill-informed and narrow-minded,孤陋寡闻,cedict
dark and forbidding,黑森森,cedict
dark and gloomy,晦暗,cedict
to leave loose ends,留尾巴,cedict
to continue,下去,cedict
to continue blundering,一错再错,cedict
to continue upholding,坚执,cedict
to zealously continue fighting,恋战,cedict
physical and chemical factors,理化因素,cedict
to reduce pressure,减压,cedict
to grab money,刻剥,cedict
comfortable and happy,恬畅,cedict
happy and carefree,开畅,cedict
happy and easygoing,恺悌,cedict
happy and excited,兴高采烈,cedict
harmonious and happy,和乐,cedict
healthy and happy,康乐,cedict
fine and delicate,精妙,cedict
official documents and letters,文牍,cedict
to lose weight,掉秤,cedict
to lose weight dramatically,暴瘦,cedict
to splash water,打水,cedict
to wage war,交战,cedict
to seek an answer,索解,cedict
to divert water,退水,cedict
villa and park,庄园,cedict
to offer an apology,赔礼,cedict
a win-win situation,双赢,cedict
gold and silver foil,金银箔,cedict
to stick together,抱成一团,cedict
ambitious and ruthless character,枭雄,cedict
to tread water,踩水,cedict
trepidation remaining after a trauma,心有余悸,cedict
culture and education,文教,cedict
wind and rain,风雨,cedict
wretched wind and rain,风雨凄凄,cedict
dreadful to hear,惨不忍闻,cedict
to apply intelligence,巧干,cedict
movies and television,影视,cedict
to agree,同意,cedict
to agree blindly,苟同,cedict
to agree implicitly,冥合,cedict
to agree tacitly,默认,cedict
to mutually agree,商约,cedict
to resemble nature itself,浑然天成,cedict
slash-and-burn agriculture,斫畬,cedict
to talk bullshit,满嘴喷粪,cedict
blood and tears,血泪,cedict
qi and blood,气血,cedict
to ride together,共乘,cedict
to return empty,回空,cedict
to return empty-handed,空手而归,cedict
easy to handle,灵便,cedict
sand and stone,砂石,cedict
pure and quiet,清恬,cedict
difficult to preserve,难保,cedict
poor and feeble,贫弱,cedict
to talk drivel,咧咧,cedict
to deliberately complicate an issue,横生枝节,cedict
to talk,动嘴,cedict
to talk bluntly,直言,cedict
to talk evasively,含糊其词,cedict
to talk freely,畅谈,cedict
to talk glibly,耍嘴皮子,cedict
to talk incessantly,刺刺不休,cedict
to talk irrelevantly,打哈哈,cedict
to talk irresponsibly,口不择言,cedict
to talk officiously,打官腔,cedict
to talk shit,扯鸡巴蛋,cedict
iron and stone,铁石,cedict
to purify water,净水,cedict
to travel across,横跨,cedict
to serve notice,送达,cedict
to scatter money,散钱,cedict
to donate money,捐款,cedict
oil and coal,矿物燃料,cedict
after a catastrophe,灾后,cedict
to cause an accident,肇事,cedict
firm and upright,坚挺,cedict
to worship money,拜金,cedict
to speak conceited nonsense,口出狂言,cedict
poor and shabby dwelling,破瓦寒窑,cedict
desolate and poor,荒瘠,cedict
exit and entry administration bureau,出入境管理局,cedict
drag and drop,拖拉,cedict
gentle and quiet,文静,cedict
quiet and gentle,恬和,cedict
empty and quiet,空阒,cedict
red and swollen,红肿,cedict
to offer sacrifice,吊祭,cedict
to fly past,飞越,cedict
to raise blood glucose levels,升糖,cedict
clean and honest,纯洁,cedict
clean and honest government,廉政,cedict
to remain constant,守恒,cedict
gold and silver,金银,cedict
rich and bright colors,文采,cedict
to spend  effort,费周折,cedict
to spend effort,费神,cedict
to serve its purpose,用得其所,cedict
to stand erect,挺立,cedict
writing brush and ink stone,笔砚,cedict
tea and dim sum,茶点,cedict
hair and beard,须发,cedict
to purchase foreign exchange,购汇,cedict
to cost,耗资,cedict
to window-shop,逛街,cedict
to solve behind closed doors,私了,cedict
poor and lowly,贫贱,cedict
to solicit business,招揽生意,cedict
to band together,呼朋引伴,cedict
to remain tight-lipped,闭口不谈,cedict
to establish contact,打通,cedict
coarse and fine,粗细,cedict
restoring agricultural land to forest,退耕还林,cedict
dry and rough,干涩,cedict
song and dance troupe,歌舞团,cedict
to water,上水,cedict
to eye covetously,虎视眈眈,cedict
to speak frankly,直白,cedict
to grow apprehensive,发怵,cedict
green and lush,绿莹莹,cedict
to court disaster,作死,cedict
to require,必需,cedict
to receive news,闻讯,cedict
fine and glossy,细润,cedict
western zhou  and eastern zhou,东西周,cedict
firm and resolute,决心,cedict
to book,定舱,cedict
to book tickets,订票,cedict
to organize,主办,cedict
to organize things,打点,cedict
to teach confucian doctrine,传经,cedict
to fall sick,害病,cedict
to stop pain,止痛,cedict
fine and meticulous,纤悉,cedict
original and ingenious,匠心独运,cedict
significant ups and downs,大起大落,cedict
desire to exist,生愿,cedict
to grow,出落,cedict
to grow crops,产粮,cedict
to grow flowers,种花,cedict
to grow plants hydroponically,水培,cedict
to grow replacement teeth,换牙,cedict
to grow taller,长高,cedict
to grow vegetables,种菜,cedict
to grow vigorously,勃兴,cedict
reluctant to leave,留恋,cedict
northern and southern dynasties,南北朝,cedict
fame and profit,名利,cedict
to hear,审理,cedict
to hear clearly,听清,cedict
to hear litigation,听讼,cedict
to hear suddenly,忽闻,cedict
to hear wrongly,听岔,cedict
unpleasant to hear,逆耳,cedict
to stand upright,兀立,cedict
green and flourishing,芊萰,cedict
to issue an imperial edict,降旨,cedict
to demand immediate action,刻不容缓,cedict
to chance upon,恰遇,cedict
firm and persistent,坚毅,cedict
to mix  together,厮混,cedict
to mix together,夹杂,cedict
pleasant and romantic dream,绮梦,cedict
to consider,参酌,cedict
to consider carefully,思虑,cedict
to consider erroneously,误作,cedict
to consider repeatedly,巴前算后,cedict
to consider thoroughly,花心思,cedict
thick and broad,宽厚,cedict
thick stems and broad leaves,粗枝大叶,cedict
to receive worldwide attention,举世瞩目,cedict
excavated soil and rock,土石方,cedict
detailed and fine,玲珑,cedict
fine and careful,绵密,cedict
to leave harbor,出港,cedict
to break wind,放屁,cedict
beijing steel and iron institute,钢铁学院,cedict
to leave surplus,残余,cedict
scrupulous attention to detail,一板一眼,cedict
to improve blood circulation,活血,cedict
to flow together,交汇,cedict
hard to handle,难以应付,cedict
straight and smooth,直顺,cedict
net used to catch fish,网罟,cedict
to expect,守候,cedict
to expect anxiously,跂想,cedict
fish and chips,鱼薯,cedict
to remit money,汇款,cedict
strange and grand,奇伟,cedict
fund offered to private placement,私募基金,cedict
hair and makeup,梳化,cedict
tall and straight,亭亭玉立,cedict
to lie deep,深藏,cedict
to save food,节食,cedict
to sit tight,静坐不动,cedict
lofty and unyielding character,傲骨,cedict
don't speak to,别理,cedict
to speak,做声,cedict
to speak bluntly,直言不讳,cedict
to speak cautiously,慎言,cedict
to speak engagingly,娓娓而谈,cedict
to speak forthrightly,直言,cedict
to speak glibly,耍贫嘴,cedict
to speak haltingly,嗫嚅,cedict
to speak highly,抬举,cedict
to speak incoherently,口不择言,cedict
to speak indirectly,转圈,cedict
to speak publicly,讲演,cedict
to speak rudely,出言不逊,cedict
to speak sarcastically,挖苦,cedict
to speak seriously,言重,cedict
to speak softly,轻声细语,cedict
to speak tentatively,聊叙,cedict
unable to speak,结舌,cedict
a large number,大数,cedict
to earn foreign exchange,创汇,cedict
courage and resource,胆略,cedict
to lay low,匿影藏形,cedict
to refund money,退钱,cedict
fresh and intense,鲜烈,cedict
to break apart,断裂,cedict
bottom to top,下至上,cedict
army and navy,水陆师,cedict
navy and army,海陆军,cedict
to carry oneself tall,英姿飒爽,cedict
thin and weak,瘦弱,cedict
to train,执教,cedict
to train assiduously,勤学苦练,cedict
to train oneself,创练,cedict
to train troops,养兵,cedict
to fly across,飞越,cedict
to let her rip,开大油门,cedict
to offer incense,上香,cedict
positive and negative,正反,cedict
various bits and bobs,杂物,cedict
various emotions and desires,七情六欲,cedict
to squander money,挥霍,cedict
near to,挨近,cedict
to force,勒令,cedict
to suffer an unjust death,冤死,cedict
to stand aloof,超脱,cedict
noble and clean-living,高洁,cedict
warm and generous,温厚,cedict
sick and weak,病弱,cedict
mouth and nose,口鼻,cedict
to offer,奉上,cedict
to offer an explanation,辩白,cedict
to offer birthday congratulations,祝寿,cedict
to offer condolences,吊唁,cedict
to offer excuses,推搪,cedict
to offer flowers,献花,cedict
to offer respectfully,奉献,cedict
to offer sacrifices,祭奠,cedict
to respectfully offer,敬备,cedict
to launder money,洗白,cedict
to let drip,淌下,cedict
rights and benefits,权益,cedict
to receive heaven's command,真命,cedict
to stand,禁受,cedict
to stand firmly,站稳脚跟,cedict
to stand idly,呆站,cedict
to stand imposingly,雄峙,cedict
to stand proudly,傲立,cedict
to stand respectfully,肃立,cedict
fresh and pure,清纯,cedict
to break discipline,乱纪,cedict
to serve  outside prison,监外执行,cedict
harmonious and affectionate couple,鲽鹣,cedict
room to maneuver,恢恢有余,cedict
bits and piece,七七八八,cedict
string and wind instruments,丝竹管弦,cedict
film and theater,影剧,cedict
to receive an imperial command,奉诏,cedict
to return alive,生还,cedict
three women makes a crowd,三个女人一个墟,cedict
flat and smooth,平滑,cedict
to reflect upon oneself,内省,cedict
to leave idle moments,留白,cedict
inside and outside,内外,cedict
often refers to confucius,鲁人,cedict
wondrous wisdom and knowledge,妙智慧,cedict
to view,寓目,cedict
to view broadly,放眼,cedict
to view oneself,自视,cedict
to seek medical advice,就诊,cedict
to cover distance,越过,cedict
trial and error,试错,cedict
rent and debt,租债,cedict
to appear listless,发蔫,cedict
to draw tight,收束,cedict
convenient and fast,便捷,cedict
to apply makeup conspicuously,浓妆艳抹,cedict
to submit an expense account,报销,cedict
search and rescue,搜救,cedict
to crowd together,挨挤,cedict
to allow,任令,cedict
to teach,传人,cedict
to appear,出来,cedict
to appear clearly,凸现,cedict
to appear personally,出面,cedict
to appear publicly,出台,cedict
to appear repeatedly,转悠,cedict
to appear suddenly,乍现,cedict
to appear unexpectedly,爆出,cedict
to apply,予以,cedict
to apply an undercoat,打底,cedict
to apply externally,外敷,cedict
to apply fertilizer,施肥,cedict
to apply mechanically,搬用,cedict
to step forward,开步,cedict
to step forward bravely,挺身而出,cedict
to hard code,写死,cedict
to send an army,兴师,cedict
safety and danger,安危,cedict
bright and sunny weather,晴好,cedict
ear nose and throat,耳鼻咽喉,cedict
to flow toward,流向,cedict
broad and extensive,渊广,cedict
quiet and remote,幽僻,cedict
to gather closely together,攒簇,cedict
to gather together,积聚,cedict
to let,任由,cedict
chinese and western medicine,中西医,cedict
to sell goods,售货,cedict
nice and salty,咸津津,cedict
capital and materials,资财,cedict
comfort and leisure,闲逸,cedict
fresh and cool,清爽,cedict
to contribute material,捐物,cedict
ready and waiting,整装待发,cedict
calm and practical,稳实,cedict
hat and clothes,衣冠,cedict
to borrow sb's authority,借势,cedict
hairdresser and beauty parlor,理容院,cedict
to test positive,呈阳性,cedict
to lie low,埋伏,cedict
to promote younger staff,年轻化,cedict
divine strategy and wonderful planning,神机妙算,cedict
clean and jerk,挺举,cedict
cold and dismal,凄凄,cedict
experience is a good teacher,三折肱为良医,cedict
stable and permanent,稳恒,cedict
to involve,包括,cedict
to involve others,株治,cedict
cold and desolate,冷寂,cedict
desolate and cold,荒寒,cedict
to remain silent,杜口,cedict
to further,增进,cedict
to fast charge,快充,cedict
to perform weird dance moves,尬舞,cedict
memorial hall and tomb,祠墓,cedict
given leave to sue,追诉,cedict
to leave,下场,cedict
to leave impulsively,阑出,cedict
to leave matters unresolved,留尾巴,cedict
to leave secretly,溜走,cedict
to leave uncovered,曝露,cedict
bamboo and wood,竹木,cedict
courage and strength,勇力,cedict
violent wind and rainstorm,暴风骤雨,cedict
to acquire land,收地,cedict
cold and sluggish,冷涩,cedict
unable to remain calm,沉不住气,cedict
to throw an explosive charge,投弹,cedict
heaven and earth,两仪,cedict
to emit light,生光,cedict
gasoline and diesel oil,轻质石油,cedict
alone and helpless,伶仃,cedict
to record,收录,cedict
to record faithfully,直书,cedict
to record illicitly,侧录,cedict
sand and dust storm,沙尘暴,cedict
to lose territory,失地,cedict
hot and sour shredded potato,酸辣土豆丝,cedict
cannot afford to lose,输不起,cedict
to produce offspring,孕育,cedict
to produce foam,发泡,cedict
to knock together,搭建,cedict
smoke and dust,烟尘,cedict
to process,加工,cedict
thick and thin,粗细,cedict
horse and mule,骡马,cedict
mule and horse carts,骡马大车,cedict
cold and cheerless,冷冷清清,cedict
cold and offensive,丧梆,cedict
cold and threatening,冷森森,cedict
cold and uncaring,漠然置之,cedict
elevated and cold,高冷,cedict
gloomy and cold,阴冷,cedict
fast and abundant,灵通,cedict
to journey together,同行,cedict
to aim low,浅希近求,cedict
stable and steady,稳健,cedict
audio and video,音像,cedict
block and tackle,滑轮,cedict
gentle and lovely,柔媚,cedict
to kill-green,杀青,cedict
to issue,作出,cedict
to issue an invitation,约请,cedict
to issue approval,批办,cedict
to issue instructions,发出指示,cedict
to issue orders,行令,cedict
to issue tickets,订票,cedict
dead and injured,死伤,cedict
dead and wounded,死伤者,cedict
to educate,培养,cedict
rich and fertile,沃衍,cedict
close to zero,近零,cedict
hard to defeat,顽强,cedict
to break faith,背信,cedict
to cause harm,为害,cedict
sharp ears and keen eyes,耳聪目明,cedict
desire to commit murder,杀机,cedict
to swallow whole,囫囵吞下,cedict
to press forward,一往无前,cedict
road to ruin,死路一条,cedict
jade and stone,玉石,cedict
a little early,稍早,cedict
to believe,信奉,cedict
to believe firmly,坚信,cedict
to believe oneself infallible,自以为是,cedict
to believe rumors,听风就是雨,cedict
to falsely believe,误信,cedict
to firmly believe,确信,cedict
to sincerely believe,笃信,cedict
to fall asleep,入眠,cedict
crude and ill-educated,粗鲁不文,cedict
to accept defeat,纳降,cedict
close to shore,靠岸,cedict
filial piety and fraternal duty,孝悌,cedict
shape and color,形色,cedict
hot and sour sauce,酸辣酱,cedict
to string together,贯串,cedict
tea and cake,茶点,cedict
primary and secondary,主从,cedict
clean and spotless,洁净无瑕,cedict
to drive sheep,赶羊,cedict
to rent land,租地,cedict
strange and prominent,奇崛,cedict
to produce,出产,cedict
floor-to-ceiling window,落地窗,cedict
hot and sour soup,酸辣汤,cedict
to court,抛绣球,cedict
to court favor,邀买人心,cedict
running neck and neck,连镳并轸,cedict
rich and diverse,缤纷,cedict
to accept criticism gladly,闻过则喜,cedict
gold and jade,金玉,cedict
to crash together,相撞,cedict
manacles and leg-irons,镣铐,cedict
to self-reflect,自反,cedict
to experience sheer ecstasy,欲仙欲死,cedict
army and government,军政,cedict
to joke together,谈笑风生,cedict
pure and honest,淳厚,cedict
spring and autumn,春秋,cedict
rain and snow,降水,cedict
to push along,推行,cedict
joss stick and candle,香烛,cedict
to speed along,急驰,cedict
to receive medical treatment,就医,cedict
to value,估价,cedict
to value highly,尊尚,cedict
to value loyalty,讲义气,cedict
vast and empty,寂寥,cedict
to cross-examine,反诘问,cedict
to catch fire,发火,cedict
food to accompany wine,酒菜,cedict
fast and nimble,迅捷,cedict
ashamed and sorry,愧恨,cedict
to ban an  account,封号,cedict
bid inviting and bid offering,招投标,cedict
political and military achievements,文治武功,cedict
length and breadth,纵横,cedict
to steal an online account,盗号,cedict
to lack food supplies,缺粮,cedict
to correct student papers,批卷,cedict
to love,喜好,cedict
to love ardently,热爱,cedict
to love dearly,心疼,cedict
to love deeply,笃爱,cedict
to love hong kong,爱港,cedict
to love tenderly,怜爱,cedict
bright and brilliant,濯濯,cedict
wind and frost,风霜,cedict
to diffuse light,散光,cedict
air-to-surface missile,空地导弹,cedict
to suggest,倡议,cedict
tall and thin,修长,cedict
to lose steam,失去后劲,cedict
to panic buy,哄抢,cedict
pain and itch,痛痒,cedict
software and hardware,软硬件,cedict
branch and leaf,枝叶,cedict
empty and silent,空寂,cedict
broad and profound,该博,cedict
physical and spiritual,形神,cedict
reform and renewal,更新换代,cedict
quiet and contented,恬淡,cedict
thick and solid,粗壮,cedict
strange tales and absurd arguments,奇谈怪论,cedict
to return merchandise,退货,cedict
to fall vacant,出缺,cedict
wine and meat,酒肴,cedict
hard to solve,难解,cedict
to earnestly hope,期望,cedict
to hope,希冀,cedict
a great name,重名,cedict
to concern,事关,cedict
to twist together,扭结,cedict
pain and difficulties,疾苦,cedict
rare and precious,难能可贵,cedict
quiet and desolate,寂寥,cedict
to lack self-awareness,目不见睫,cedict
soft and fragrant,温馨,cedict
easy to grasp,易理解,cedict
hot and sour noodles,酸辣粉,cedict
peace and happiness,安乐,cedict
peace and prosperity,太平盛世,cedict
peace and security,太平,cedict
to return,反复,cedict
to return an invitation,回请,cedict
to suffer serious injury,伤筋动骨,cedict
to express an opinion,出点子,cedict
bright and neat,光鲜,cedict
straight and impressive looking,气宇轩昂,cedict
to free,解脱,cedict
to free oneself,抽身,cedict
to rely heavily upon,倚重,cedict
to rely upon,倚托,cedict
to clearly understand,洞悉,cedict
to fully understand,了知,cedict
to understand,了解,cedict
to understand clearly,明了,cedict
to understand completely,了知,cedict
to understand instantly,秒懂,cedict
to understand profoundly,熟习,cedict
to understand tacitly,心领神会,cedict
to understand thoroughly,心领神会,cedict
unable to understand,不开窍,cedict
to break loose,褪套儿,cedict
to buy soy sauce,打酱油,cedict
reaction to light,光感应,cedict
to light,燃放,cedict
to deal,做买卖,cedict
to fall headlong,倒栽葱,cedict
to carry,提溜,cedict
to carry passengers,载客,cedict
to carry secretly,挟带,cedict
isolated and quiet,幽寂,cedict
peaceful and quiet,清静,cedict
quiet and comfortable,安适,cedict
quiet and secluded,清幽,cedict
retired and quiet,恬雅,cedict
sweet and sour meat,咕咾肉,cedict
to mind,介意,cedict
bitter and sad,悲酸,cedict
pure and holy,圣洁,cedict
to age,老化,cedict
to age prematurely,早衰,cedict
guest and host,宾主,cedict
to fall,下坠,cedict
to fall dramatically,跳水,cedict
to fall gently,飘落,cedict
to fall heavily,瓢泼而下,cedict
to fall rapidly,骤降,cedict
to fall scattered,散落,cedict
to suffer attack,遇袭,cedict
mouth and teeth,口齿,cedict
to snuggle close,贴近,cedict
carrying pole and its load,挑子,cedict
to confer an award,颁奖,cedict
eliminate vice and exalt virtue,激浊扬清,cedict
to patch together,缝缀,cedict
soft and chewy,软糯,cedict
soft and immature,稚嫩,cedict
starchy and soft,面糊,cedict
to sing antiphonal answer,对歌,cedict
to check an amount,点见,cedict
stubborn and conservative,泥守,cedict
to measure speed,测速,cedict
to hard-boil,煮硬,cedict
close to,将近,cedict
to close,上门,cedict
to close firmly,关紧,cedict
to close securely,紧闭,cedict
hot and stuffy,闷热,cedict
extravagance and waste,铺张浪费,cedict
master and disciple,师徒,cedict
ice and snow,冰雪,cedict
to burn joss paper,烧钱,cedict
to burn paper offerings,烧纸,cedict
plus and minus signs,加减号,cedict
to seek profit,营利,cedict
tributary goods and finances,财赋,cedict
fun and mockery,谑剧,cedict
pure and innocent,纯情,cedict
hot and numbing,麻辣,cedict
steady and honest,稳厚,cedict
to buy wholesale,打趸儿,cedict
iron and steel works,钢铁厂,cedict
wuhan iron and steel,武汉钢铁公司,cedict
cast and crew,剧组,cedict
tablet with inscription in gold,金榜,cedict
to promote sex,诲淫,cedict
fresh and elegant,清逸,cedict
mellow and rich,醇厚,cedict
rich and mellow,香醇,cedict
to seek knowledge,求学,cedict
efficient and unscrupulous,老辣,cedict
strange and deceitful,奇谲,cedict
strange and paradoxical,吊诡矜奇,cedict
slash and burn,刀耕火种,cedict
delicate and pretty,清秀,cedict
to serve tea,敬茶,cedict
to reduce output,减产,cedict
conduct and learning,品学,cedict
morality and conduct,德行,cedict
bright and intelligent,水汪汪,cedict
to visit relatives,走亲戚,cedict
to evolve together,合流,cedict
to create mankind,造人,cedict
to fix upon,定出,cedict
rich and variegated,渊富,cedict
to enter hospital,入院,cedict
rich and overbearing,财大气粗,cedict
to fuse together,融合为一,cedict
stagnating and conservative,故步自封,cedict
to collect debt,要账,cedict
to buy liquor,打酒,cedict
rich and imposing,财大气粗,cedict
rich and powerful,富强,cedict
clothes and ornaments,衣饰,cedict
clothes and shoes,衣履,cedict
airborne sand and dust,沙尘,cedict
to share sb's fate,垫背,cedict
in touch with,接触,cedict
to hit rock bottom,跌至谷底,cedict
steep and perilous path,危径,cedict
master and servant,主仆,cedict
intelligent and capable,精明强干,cedict
to short-circuit,秀逗,cedict
to drive,乘车,cedict
to drive backwards,倒车,cedict
to drive oneself somewhere,自驾,cedict
to remain chaste,守身,cedict
to happen simultaneously,并发,cedict
to happen unexpectedly,横生,cedict
broad and powerful,浩荡,cedict
to express emotion,抒情,cedict
mother-to-infant transmission,母子垂直感染,cedict
aircraft takeoff and landing gear,起落装置,cedict
ink and wash painting,水墨画,cedict
to price,划价,cedict
to thread together,贯通,cedict
to air-dry,风干,cedict
rare animals and birds,珍禽奇兽,cedict
annual repairs and maintenance,岁修,cedict
to harbor hard feelings,怀恨在心,cedict
to reduce rent,减租,cedict
to create an uproar,闹闹攘攘,cedict
to sit upright,端坐,cedict
to experience,感受,cedict
to experience adventures,历险,cedict
to experience tenesmus,下坠,cedict
to personally experience,亲历,cedict
elegant and pure,雅洁,cedict
to catch fish,摸鱼,cedict
dragon's pool and tiger's den,龙潭虎穴,cedict
to choose an appropriate location,选点,cedict
to forget former enmity,尽释前嫌,cedict
to remain,仍旧,cedict
to remain cheerful,谈笑自若,cedict
to remain unconscious,昏迷不醒,cedict
to remain undecided,首鼠两端,cedict
to remain unmoved,不为所动,cedict
to remain widowed,居孀,cedict
weak and indecisive,蔫呼呼,cedict
to complete,完毕,cedict
to complete negotiations,说好,cedict
narrow and shallow,浅短,cedict
meat and bread soup,泡馍,cedict
to lose  utterly,丢到家,cedict
to cancel an account,销帐,cedict
rules and discipline,法纪,cedict
precious and odd,珍异,cedict
according to season,按季,cedict
sharp-sighted and deft,眼明手快,cedict
to kindly accept,笑纳,cedict
to buy,代购,cedict
to buy frenetically,抢购,cedict
to buy groceries,买菜,cedict
to buy shares,股票投资,cedict
to buy tickets,买票,cedict
to buy votes,买票,cedict
to create,创设,cedict
to create chinese characters,造字,cedict
to create confusion,闹腾,cedict
to create graphics,制图,cedict
to create obstacles,留难,cedict
to fight alone,单打独斗,cedict
caustic and sharp-tongued,轻嘴薄舌,cedict
to usurp authority,窃权,cedict
to flock together,集群,cedict
to lose patience,不耐烦,cedict
to click together,一拍即合,cedict
to eat hot pot,打边炉,cedict
ebb and flow,沉浮,cedict
hurried and brief,急促,cedict
patient and accommodating,忍让,cedict
to drink alone,独酌,cedict
to claim,坚称,cedict
to claim damages,索赔,cedict
to claim falsely,佯言,cedict
to claim ownership,诈冒,cedict
to claim unjustly,窃据,cedict
to cause mischief,作祟,cedict
to test negative,呈阴性,cedict
sharp-eyed and adroit,眼疾手快,cedict
righteousness and justice,道义,cedict
garrulous and sharp-tongued,贫嘴滑舌,cedict
sharp and clearcut,有棱有角,cedict
to glue together,黏合,cedict
to sew together,缝合,cedict
to lose momentum,失去后劲,cedict
dad and mom,爸妈,cedict
plaintiff and defendant,两造,cedict
to skip class,跷课,cedict
trial and execution,审处,cedict
sharp and unkind,尖酸刻薄,cedict
remote and vast,旷渺,cedict
crime and punishment,罪刑,cedict
fresh and moist,甜润,cedict
hard to endure,难以忍受,cedict
to research,研究,cedict
to research carefully,精研,cedict
subject to,受支配,cedict
subject to availability,售完即止,cedict
to enter sleep mode,睡眠,cedict
divide and conquer,化整为零,cedict
to reduce troop numbers,裁兵,cedict
to hang low,低垂,cedict
vertical takeoff and landing aircraft,垂直起落飞机,cedict
sweet and innocent,甜稚,cedict
payment and pension,俸恤,cedict
to prepare feed,备料,cedict
arch-criminal and archenemy,元恶大憝,cedict
tender and lovely,娇嫩,cedict
to cause havoc,大闹,cedict
nose and throat,鼻咽,cedict
to sound familiar,耳熟,cedict
to save effort,省力,cedict
to refer,参考,cedict
to suffer financial loss,破财,cedict
honest and generous,仁厚,cedict
to rake together,归拢,cedict
rain and dew,雨露,cedict
hard to accomplish,难以实现,cedict
to repay sb's kind acts,结草衔环,cedict
to accept surrender,受降,cedict
to squeeze short sellers,轧空,cedict
bright and luminous,炳耀,cedict
to clan together,集群,cedict
to muddle things together,缠夹不清,cedict
to display shockingly bad behavior,撒野,cedict
to sit astride,骑坐,cedict
to huddle together,缩成一团,cedict
to cause,使成,cedict
to cause complications,困扰,cedict
to cause difficulties,拿人,cedict
to supply goods,供货,cedict
to hide behind,掩盖,cedict
prosperity and decline,兴衰,cedict
agriculture and forestry,农林,cedict
to sit idly,闲坐,cedict
to sit properly,坐好,cedict
to sit quietly,静坐,cedict
to sit silently,默坐,cedict
to sell meat,卖肉,cedict
to sweep past,掠过,cedict
to sell abroad,外销,cedict
to stretch across,横跨,cedict
odd and picturesque,古里古怪,cedict
fresh and tasty,爽口,cedict
fresh fruits and vegetables,鲜货,cedict
coarse and wild,狂野,cedict
mad and violent,猖厉,cedict
pretty and flirtatious,妖冶,cedict
technical and vocational,技职,cedict
to completely lose,丧尽,cedict
to lose,丢掉,cedict
to lose  completely,灭绝,cedict
to lose an election,败选,cedict
to lose color,失色,cedict
to lose consciousness,不省人事,cedict
to lose effectiveness,失效,cedict
to lose fans,掉粉,cedict
to lose favor,失宠,cedict
to lose flavor,走味,cedict
to lose leaves,落叶,cedict
to lose luster,减色,cedict
to lose virginity,破处,cedict
bright and beautiful,亮丽,cedict
bright and cheerful,明朗,cedict
bright and easily understood,冏彻,cedict
bright and shiny,精光,cedict
bright and spacious,敞亮,cedict
golden-bright and dazzling,金灿灿,cedict
to exchange fire,拼火,cedict
to puff hard,哼哧,cedict
anxious to learn,求知,cedict
hip-and-gable roof,歇山顶,cedict
ability to walk,腿脚,cedict
to walk,步履,cedict
to walk quickly,快步流星,cedict
to walk slowly,彳亍,cedict
to walk unsteadily,步态蹒跚,cedict
to rise,上升,cedict
to rise abruptly,崛起,cedict
to rise dramatically,暴涨,cedict
to rise rapidly,窜升,cedict
to rise steadily,步步高升,cedict
to rise suddenly,勃兴,cedict
to rise vigorously,奋起,cedict
to cross-dress,变装,cedict
to stride toward,迈向,cedict
dense and sticky substance,油子,cedict
to pass an entrance exam,考取,cedict
to pass entrance exam,考入,cedict
to sail west,下西洋,cedict
to approach sb's ear,附耳,cedict
to express boundless pleasure,惊喜若狂,cedict
pad to stop bleeding,止血垫,cedict
pure and concise,精粹,cedict
alyxia root and herb,阿利藤,cedict
to suffer damage,受损,cedict
vague and unclear vision,眼花,cedict
to bad-mouth,上眼药,cedict
narrow and bending,蓬心,cedict
excellent and unrivaled,卓尔不群,cedict
capable and experienced,干练,cedict
mountain and fields,山野,cedict
to share vile habits,臭味相投,cedict
wine and women,酒色,cedict
to sort,分拣,cedict
plug to stop bleeding,止血栓,cedict
to measure distance,测距,cedict
to brush past,擦身而过,cedict
pure and limpid,剔透,cedict
sweet and sour pork,古老肉,cedict
to limit,制止,cedict
vast and obscure,茫茫,cedict
hard to dispel,难解,cedict
pure and kindhearted,纯良,cedict
pure and unadulterated,纯真,cedict
to visit,上门,cedict
to visit china,访华,cedict
to visit frequently,常来常往,cedict
to visit historic sites,览古,cedict
to visit hong kong,访港,cedict
to visit prostitutes,嫖娼,cedict
to visit scenic spots,览胜,cedict
to visit taiwan,访台,cedict
belching and acid reflux,嗳气吞酸,cedict
to design,构思,cedict
vast and profound,洪渊,cedict
accuse and criticize,弹斥,cedict
to share,共享,cedict
to share equally,均摊,cedict
to share everything,不分彼此,cedict
to share profits,分账,cedict
to share profits equitably,平等互利,cedict
to share tribulations,分忧,cedict
hard to fathom,难测,cedict
to perform magic,变把戏,cedict
wild and disorderly,猖乱,cedict
wild and fanciful thoughts,遐思,cedict
empty and trite,陈腐,cedict
thin and brittle,薄脆,cedict
to collect rent,收租,cedict
to reduce penalty,减刑,cedict
to seek alternative employment,另谋高就,cedict
to trade,做买卖,cedict
to trade insults,对骂,cedict
to trade using coercion,强买强卖,cedict
to voice chat,语音,cedict
honest and straightforward,心口如一,cedict
gentle and agreeable,柔顺,cedict
gentle and beautiful,柔美,cedict
gentle and refined,娴静,cedict
gentle and reserved,阴柔,cedict
fierce and tough,凶悍,cedict
bell and drum,铃鼓,cedict
sweet and delicious,甜津津,cedict
devour raw meat and fowl,茹毛饮血,cedict
honest and sincere,敦厚,cedict
sincere and honest,朴实,cedict
to represent,代表,cedict
spacious and empty,空旷,cedict
to receive mail,收报,cedict
verdant and thick,葱葱,cedict
to swim across,泅渡,cedict
meat and vegetable,荤素,cedict
cleft lip and palate,唇颚裂,cedict
to cut using oxyacetylene torch,氧割,cedict
to draw,不分胜负,cedict
to draw an impossible comparison,拟于不伦,cedict
to draw lots,抽签,cedict
to draw straws,抓阄,cedict
hard to,难以,cedict
hard to undo,难解,cedict
rhyme and tone,韵调,cedict
to cover,包罗,cedict
to cover densely,密布,cedict
to cover traces,抹杀,cedict
sour and sweet,酸甜,cedict
sweet and sour,甜酸,cedict
thin and pallid,憔悴,cedict
loyal and brave,忠勇,cedict
to requisition land,征地,cedict
to flash past,一闪而过,cedict
an unappealing and unsatisfying meal,粗饭,cedict
famous and valuable,名贵,cedict
to catch cold,伤风,cedict
to post an article online,发文,cedict
talent and virtue,才德,cedict
string to tie hair,头绳,cedict
refusing to accept,拒不接受,cedict
to accept,受取,cedict
to accept abdication,受禅,cedict
to accept liability,认赔,cedict
to accept punishment,认罚,cedict
to accept responsibility,引咎,cedict
to accept tacitly,默许,cedict
to accept wholeheartedly,心服,cedict
to accept willingly,心悦诚服,cedict
unwilling to accept,不甘于,cedict
keen and alert,耳聪目明,cedict
as good as it gets,尽善尽美,cedict
elegant and calm,雅静,cedict
to land,登陆,cedict
to plow land,耕地,cedict
to major,攻读,cedict
fat and sleek,濯濯,cedict
to blow air,吹气,cedict
fragrant and sweet,香甜,cedict
standing tall and upright,矗立,cedict
upright and tall,伟岸,cedict
vast and mighty,浩荡,cedict
extremely sad and lonely,形影相吊,cedict
moving and sad,凄婉,cedict
sad and beautiful,凄美,cedict
novel and competitive,新锐,cedict
to reduce poverty,减贫,cedict
to plant an introduced variety,引种,cedict
honest and upright,清风两袖,cedict
upright and honest,廉正,cedict
origin and destination,起迄,cedict
to sweep across,横扫,cedict
wheel and axle,轮轴,cedict
cool and refreshing,凉爽,cedict
shady and cool,荫凉,cedict
a short while ago,顷者,cedict
bold and courageous hero,独胆英雄,cedict
tobacco and alcohol,烟酒,cedict
principal and secondary causes,因缘,cedict
grand and heroic,盛气,cedict
to break,刷新,cedict
to break an agreement,背约,cedict
falling and rising tone,上声,cedict
loyal and sincere,忠信,cedict
to attract attention,引人注意,cedict
to pass an imperial examination,及第,cedict
sweet and mellow,甜润,cedict
afraid to die,怕死鬼,cedict
error and negligence,错漏,cedict
worm and worm gear,蜗杆副,cedict
to reduce carbon emissions,减碳,cedict
idleness and pleasure,逸豫,cedict
to note clearly,明察,cedict
a beautiful day,花朝月夕,cedict
river draining to inland sea,内陆河,cedict
bare and bald,濯濯,cedict
frost and snow,霜雪,cedict
to present tribute,上贡,cedict
sweet and unctuous,甜腻,cedict
remote and obscure,窅然,cedict
to position,定位,cedict
sweet and charming,娇媚,cedict
sweet and piteous,凄婉,cedict
cattle and sheep,牛羊,cedict
to cut,切入,cedict
to cut classes,旷课,cedict
to cut prices,减价,cedict
to cut spending,精简开支,cedict
to cut ties,脱钩,cedict
to cut wages,减薪,cedict
to shoot dead,射杀,cedict
and gate,与门,cedict
to achieve victory,取得胜利,cedict
wise and resolute,英明果断,cedict
to exist,存在,cedict
to exist forever,长存,cedict
to exist simultaneously,并立,cedict
household chemicals  and toiletries,日化,cedict
to gather evidence,搜证,cedict
to stop,中止,cedict
to stop abruptly,戛然,cedict
to stop accepting incoming articles,截稿,cedict
to stop breathing,断气,cedict
to stop burning,熄灭,cedict
to stop classes,停课,cedict
to stop functioning,歇菜,cedict
to stop growing,封顶,cedict
to stop halfway,中辍,cedict
to stop leasing,退租,cedict
to stop menstruating,停经,cedict
to stop plowing,辍耕,cedict
to stop production,停工,cedict
to stop publishing,停刊,cedict
to stop reading,释卷,cedict
to stop running,停航,cedict
to stop sweating,落汗,cedict
to stop swinging,停摆,cedict
to stop taking,停服,cedict
to stop updating,停更,cedict
to stop using,停用,cedict
to stop working,停车,cedict
to stop worrying,歇心,cedict
to totally stop doing something,洗手不干,cedict
busy and restless,恓惶,cedict
to seek advantage,讨便宜,cedict
vast and desolate,荒漠,cedict
tall and sturdy,魁梧,cedict
to sweep along,裹挟,cedict
affluent and smooth,充畅,cedict
fruit and vegetables,果蔬,cedict
melons and fruit,瓜果,cedict
smooth and ornate,流丽,cedict
to rule,主宰,cedict
to push oneself forward,出风头,cedict
to fold paper,叠纸,cedict
tall and husky,彪壮,cedict
sand and stones,沙石,cedict
stocks and chain,枷锁,cedict
assault and battery,殴打罪,cedict
definite and reliable information,准信,cedict
steady and proficient,稳练,cedict
vast and hazy,苍苍,cedict
standing tall and majestic,肃立,cedict
thermal expansion and contraction,热胀冷缩,cedict
smooth and evasive,圆滑,cedict
to sound an alarm,报警,cedict
cotton and silk textiles,布帛,cedict
happiness and wealth,祉禄,cedict
a republican party member,共和党人,cedict
sober and calm,清明,cedict
to miss an opportunity,交臂失之,cedict
tranquil and calm,淡然,cedict
reputation and integrity,名节,cedict
to lay flat,放平,cedict
to avoid damage,免受伤害,cedict
to transfer creditor's rights,打兑,cedict
to argue,争论,cedict
to argue clearly,明言,cedict
to argue endlessly,强辩到底,cedict
to argue logically,说理,cedict
to argue noisily,嚷嚷,cedict
to argue opinionatedly,争执,cedict
to argue pointlessly,磨嘴,cedict
to argue unnecessarily,嚼舌,cedict
wise and farsighted,睿智,cedict
oily-mouthed and smooth talking,油嘴滑舌,cedict
shiny and smooth,油光水滑,cedict
smooth and unhindered,顺畅,cedict
honest and considerate,忠厚,cedict
to type,打字,cedict
neat and tidy,干净利落,cedict
honest and trustworthy,一点水一个泡,cedict
mild and indirect,婉言,cedict
poetry and literature,诗文,cedict
vast and boundless,溟漭,cedict
vast and indistinct,迷茫,cedict
vast and plentiful,浩博,cedict
dull-witted and tongue-tied,心拙口笨,cedict
yangtze and yellow rivers,江河,cedict
yellow and withered,焦黄,cedict
to treat utterly sincerely,赤诚相待,cedict
brave and fierce,勇猛,cedict
to sell wholesale,趸售,cedict
humiliated and angry,羞恼,cedict
to gain profit,捞油水,cedict
alternately hidden and visible,掩映,cedict
to measure temperature,测温,cedict
tall and strongly built,昂藏,cedict
cloth and silk,布帛,cedict
to whistle past,呼啸而过,cedict
tough and durable,坚韧,cedict
swift and fierce,凌厉,cedict
superior and subordinate,尊卑,cedict
rational and clearly structured,顺理成章,cedict
subtle and clever,高妙,cedict
to avoid danger,避险,cedict
polite and modest,谦恭,cedict
ancient books and volumes,方册,cedict
convict sentenced to death,死囚,cedict
to transmit sound,传声,cedict
faithful and honest,忠信,cedict
honest and incorruptible,一琴一鹤,cedict
loose and disorganized soldiers,散兵,cedict
proud and arrogant,心高气傲,cedict
thrifty and plain,俭素,cedict
wet and slippery,湿滑,cedict
host and guests,主宾,cedict
modest and sincere,谦诚,cedict
to lay railway track,铺轨,cedict
to raise temperature,加温,cedict
to resist foreign aggression,攘外,cedict
to improve taste,提味,cedict
reward and punishment,赏罚,cedict
to drop dead,倒卧,cedict
knife and fork,刀叉,cedict
entrance and exit,出入,cedict
rude and violent,蛮悍,cedict
pilot and copilot,正副驾驶,cedict
to air-cool,风冷,cedict
loose and comfortable,宽松,cedict
to sound awful,走板,cedict
origin and development,源流,cedict
stupid and arrogant,愚妄,cedict
accident occurring due to negligence,责任事故,cedict
bow and arrow,弓箭,cedict
to reduce fever,消炎,cedict
to arrange an interview,约见,cedict
glad and diligent,颠颠,cedict
heartfelt and genuine,深挚,cedict
courage and insight,胆识,cedict
evacuation to an air-raid shelter,防空避难,cedict
drum and bass,鼓打贝斯,cedict
loyal and righteous,忠义,cedict
spirit within a person,人精,cedict
strict and compassionate,严慈,cedict
to voice,道出,cedict
unable to voice objections,敢怒而不敢言,cedict
to drag  along,强拉,cedict
to drag along,拖拉,cedict
unification and independence,统独,cedict
disaster and happiness,祸福,cedict
sacrificial knife and altar,刀俎,cedict
pliable and tough,柔韧,cedict
pale and feeble,苍白无力,cedict
muddy and wet,拖泥带水,cedict
calm and collected,沉着,cedict
calm and composed,气定神闲,cedict
calm and graceful,恬雅,cedict
calm and peaceful,平靖,cedict
calm and unhurried,笃定,cedict
to pass an exam,考中,cedict
parallel and antithesis,排偶,cedict
to store energy,储能,cedict
takeoff and landing strip,起落场,cedict
strict and impartial,严明,cedict
to die abroad,客死,cedict
brilliant lights and vibrant colors,流光溢彩,cedict
bitter and astringent,苦涩,cedict
to shine upon,映照,cedict
to raise hell,撒赖,cedict
concise and comprehensive,言简意赅,cedict
stupid and ignorant,愚昧无知,cedict
to guard its food,护食,cedict
keyboard and mouse,键鼠,cedict
bitter and hateful,痛心疾首,cedict
salty and bitter,咸涩,cedict
to learn,习得,cedict
exterior and interior,表里,cedict
to drift along,浮沉,cedict
to fight organized crime,扫黑,cedict
clumsy and stupid,愚拙,cedict
needle and thread,针线,cedict
to drink tea,喝茶,cedict
bold and vigorous,泼辣,cedict
to sell,出售,cedict
to sell anything,无所不卖,cedict
to sell cheaply,贱卖,cedict
to sell directly,直销,cedict
to sell everything,无所不卖,cedict
to sell illicitly,私卖,cedict
to sell online,网售,cedict
to sell poorly,滞销,cedict
to sell privately,私卖,cedict
to sell tickets,售票,cedict
loyal and dependable,忠贞,cedict
to tail behind,尾随,cedict
pen and ink,笔墨,cedict
remote and desolate,鸟不拉屎，鸡不生蛋,cedict
proud and aloof,孤傲,cedict
to prevent access,遮断,cedict
to emit sound,做声,cedict
leisurely and carefree mood,闲情逸致,cedict
to merrily spend,欢度,cedict
to spend,出手,cedict
to spend extravagantly,浪费金钱,cedict
to spend recklessly,乱花,cedict
torture and cruel treatment,酷刑折磨,cedict
to seek justice,申理,cedict
brilliant and shining,彪焕,cedict
brilliant and varied,纷呈,cedict
to mark,划下,cedict
to mark sb's passing,志哀,cedict
to present,介绍,cedict
to present respectfully,呈献,cedict
to lay an upper beam,上梁,cedict
ambitious and aggressive,争强好胜,cedict
physics and chemistry,理化,cedict
to elect,推定,cedict
chest and hypochondrium,胸胁,cedict
grave and stern,冷峻,cedict
to suffer pain,难受,cedict
uneasy and nervous,芒刺在背,cedict
to treat,作东,cedict
to treat  unjustly,冤苦,cedict
to treat an illness,治病,cedict
to treat an injury,治伤,cedict
to treat casually,玩狎,cedict
to treat coldly,奚落,cedict
to treat conscientiously,当回事,cedict
to treat cruelly,残虐,cedict
to treat differently,另当别论,cedict
to treat irreverently,唐突,cedict
to treat leniently,宽待,cedict
to treat separately,单行,cedict
to treat sincerely,推心,cedict
to treat unfairly,偏待,cedict
to treat unjustly,冤屈,cedict
to gain unauthorized access,侵入,cedict
peasant and worker,农工,cedict
boring and gray,灰不溜丢,cedict
to discuss,商榷,cedict
to discuss everything,谈古论今,cedict
to discuss passionately,热议,cedict
to discuss seriously,磋商,cedict
to discuss spiritedly,议论纷纷,cedict
to discuss thoroughly,深谈,cedict
to jointly discuss,共商,cedict
a bit off,不是味儿,cedict
to sun-dry,晾晒,cedict
dirty and disordered,脏乱,cedict
to obtain release,获释,cedict
talent and learning,才学,cedict
to achieve independence,独立门户,cedict
hole due to dental caries,龋洞,cedict
to receive an iv drip,吊水,cedict
to hurtle past,呼啸而过,cedict
dancing lightly and gracefully,翩翩起舞,cedict
shrimp soldiers and crab generals,虾兵蟹将,cedict
to lie waste,荒废,cedict
medicine and divination,医卜,cedict
remote and faraway,僻远,cedict
remote and insignificant,渺乎其微,cedict
anxious and perplexed,惶惑,cedict
stunned and anxious,惊急,cedict
fierce and vicious,恶狠,cedict
to test,检验,cedict
bold and decisive,大刀阔斧,cedict
to derive benefit,得益,cedict
to grant an interview,接见,cedict
to remember,想起来,cedict
to remember incorrectly,记错,cedict
stupid and cowardly,窝囊,cedict
sensible and reasonable,入情入理,cedict
intelligence and ability,聪明才智,cedict
rhyme and rhythm,音韵,cedict
to suffer heat exhaustion,中暑,cedict
to explain,分诉,cedict
to explain clearly,悉数,cedict
to explain oneself,剖白,cedict
to explain publicly,宣讲,cedict
to explain truly,真诠,cedict
fierce and reckless,蛮悍,cedict
to swoosh past,疾驰而过,cedict
a sure thing,左券,cedict
shallow and crude,浅陋,cedict
to associate,交往,cedict
generous and forgiving,大度包容,cedict
silk and satin,绫罗绸缎,cedict
to lie flat,横躺,cedict
merger and acquisition,并购,cedict
crafty and evil,奸恶,cedict
dense and creamy,浓稠,cedict
glory and splendor,荣华,cedict
honor and glory,光荣,cedict
clever and eloquent speaker,铁齿铜牙,cedict
thorough and detailed,详尽,cedict
to exchange news,通问,cedict
random lies and falsehoods,瞎编乱造,cedict
to your heart's content,纵情,cedict
spleen and stomach,脾胃,cedict
to reduce,削减,cedict
to reduce payment,宽免,cedict
to reduce prices drastically,放血,cedict
to reduce spending,精简开支,cedict
to reduce swelling,消肿,cedict
imperial wives and concubines,后妃,cedict
revised and enlarged edition,增订本,cedict
sunlight and shade,光影,cedict
exhausted and hungry,穷饿,cedict
hungry and thirsty,饥渴,cedict
numerous and complicated,纷繁,cedict
numerous and confused,稠浊,cedict
numerous and disorderly,纷乱,cedict
bamboo and silk writing materials,竹帛,cedict
deaf and nonverbal,聋哑,cedict
to express grief,致哀,cedict
to receive baptism,受洗,cedict
abyss and ocean,渊海,cedict
bowl and chopsticks,碗筷,cedict
to ejaculate inside sb's mouth,口射,cedict
brave and cunning,勇略,cedict
bow and crossbow,弓弩,cedict
cunning and fierce,刁悍,cedict
to wear mourning clothes,披麻戴孝,cedict
to withhold tax,代扣,cedict
according to belief,据信,cedict
each word is a teardrop,一字一泪,cedict
praise and censure,褒贬,cedict
suffering shame and remorse,愧恨,cedict
to retrieve lost ground,反扑,cedict
ink slab and sitting mat,砚席,cedict
fierce and malicious,凶狠,cedict
surplus and shortfall,有无,cedict
distant and indistinct,渺茫,cedict
to establish,奠定,cedict
to establish diplomatic relations,建交,cedict
to establish oneself,成家立业,cedict
to establish schools,兴学,cedict
shoes and belt,履带,cedict
mild and humid,温润,cedict
plump and tender,欲滴,cedict
lips and tongue,唇舌,cedict
to brave death,冒死,cedict
to perform acupuncture,攻砭,cedict
noble and lowly,贵贱,cedict
noble and virtuous,清高,cedict
modest and obedient,逊顺,cedict
modest and studious,虚心好学,cedict
modest and unassuming,平易近人,cedict
to pass,可决,cedict
to pass an argument,传参,cedict
to pass brilliantly,高中,cedict
to pass quickly,飞逝,cedict
innocent and unaffected,天真烂漫,cedict
celestial troops and generals,天兵天将,cedict
to smell bad,发臭,cedict
slender and elegant,亭亭玉立,cedict
elegant and graceful posture,多彩多姿,cedict
grave and dignified,威容,cedict
damp and rotten,霉气,cedict
to drink wine,饮酒,cedict
diverse and complicated,烦冗,cedict
diverse and muddled,纷纭,cedict
diverse and varied,芸芸,cedict
achievements and virtue,功德,cedict
to machine-wash,机洗,cedict
to perform cunnilingus,舔阴,cedict
erudite and sophisticated,渊识,cedict
prominent and worthy personage,贤达,cedict
to perform phlebotomy,放血,cedict
to perform,修练,cedict
to perform an operation,操刀,cedict
to perform brilliantly,独放异彩,cedict
to perform calculations,演算,cedict
to perform conjuring tricks,变戏法,cedict
to perform magical tricks,变魔术,cedict
to perform outstandingly,出彩,cedict
to perform sorcery,施法,cedict
to perform walking meditation,经行,cedict
fluent and elegant,飘洒,cedict
to promote sleep,助眠,cedict
strategic experts and powerful generals,谋臣武将,cedict
saint kitts and nevis,圣基茨和尼维斯,cedict
saint-pierre and miquelon,圣皮埃尔和密克隆,cedict
awkward and clumsy,榔槺,cedict
to prevail upon,劝诱,cedict
to receive,受取,cedict
to receive commands,秉承,cedict
to receive condolences,开皌,cedict
to receive favor,受宠,cedict
to receive guests,接客,cedict
to receive instruction,受教,cedict
to receive orders,奉召,cedict
to receive patrons,接客,cedict
to receive payment,收银,cedict
to receive presents,收礼,cedict
to receive training,受训,cedict
friends and relatives,亲友,cedict
relatives and friends,戚友,cedict
honor and shame,廉耻,cedict
slender and supple waist,水蛇腰,cedict
lofty and steep,峥嵘,cedict
to await death,待毙,cedict
vague and confused,浑茫,cedict
to undergo field training,拉练,cedict
prevention and cure,防治,cedict
brave and chivalrous,豪侠,cedict
to streak across,划破,cedict
fierce and uncontrollable,凶顽,cedict
polite and amiable,和和气气,cedict
damage to goods,折耗,cedict
elaborate and refined,勾心斗角,cedict
to express gratitude,申谢,cedict
serene and elegant,幽雅,cedict
raw and semifinished materials,原材料,cedict
to wade across,涉渡,cedict
nasal mucus and spittle,涕唾,cedict
sword and spear,刀枪,cedict
cruel and unfeeling,残酷无情,cedict
cruel and unscrupulous,狼心狗肺,cedict
mild and harmonious,谐婉,cedict
sour and spicy soup,酸辣汤,cedict
rouge and powder,红粉,cedict
vigorous and nimble,矫捷,cedict
elegant and stately,冠冕,cedict
to determine victory,决胜,cedict
elegant and ornate,锦心绣口,cedict
completely ridiculous and unfounded,荒谬无稽,cedict
to stagger along,跌跌撞撞,cedict
holistic diagnosis and treatment,辨证论治,cedict
outspoken and straightforward,豪爽,cedict
funeral and interment,丧葬,cedict
surpassing insight and acumen,才气过人,cedict
to tag along,尾随,cedict
similar to,仿如,cedict
refined and smart,隽敏,cedict
to mutually send greetings,通问,cedict
to send,传寄,cedict
to send troops,出兵,cedict
elegant and supple,袅袅婷婷,cedict
dull and insipid,索然寡味,cedict
tender and beautiful,娇艳,cedict
to decide,判定,cedict
a great age,遐年,cedict
relaxed and alert,神清气爽,cedict
to deep fry,油炸,cedict
to dismiss an official,镌黜,cedict
to total,共计,cedict
unbleached and undyed cloth,坯布,cedict
to quick-freeze,速冻,cedict
gloomy and dull,灰不溜丢,cedict
ability and insight,才识,cedict
to tax,抽税,cedict
harsh and merciless,刻薄寡恩,cedict
obscure and faraway,幽僻,cedict
doctrine and covenants,教义和圣约,cedict
abundant and fluent,充畅,cedict
to raise salary,加薪,cedict
to stay calm,沉得住气,cedict
lightning and thunder,列缺霹雳,cedict
thunder and lightning,雷电,cedict
to pick tea leaves,采茶,cedict
cheers and laughter,欢声笑语,cedict
tears and mucus flowing profusely,涕泗横流,cedict
to secure,弄到,cedict
to raise sheep,牧羊,cedict
delicate and beautiful,纤美,cedict
delicate and charming,雅趣,cedict
profound and unfathomable,幽邃,cedict
to detail,选派,cedict
moderate and obedient,温驯,cedict
frank and straightforward,爽快,cedict
attractive and intelligent,俊俏,cedict
coarse and arrogant,横头横脑,cedict
elegant and tasteful,雅观,cedict
outstanding and elegant,彪焕,cedict
ambassador and consul,使领官员,cedict
to reach,够得着,cedict
to reach  directly,直达,cedict
to reach adulthood,成人,cedict
to reach agreement,相约,cedict
to reach an agreement,协定,cedict
to reach everywhere,无所不至,cedict
to reach illumination,成道,cedict
to reach terms,妥协,cedict
vicious and ruthless,心毒手辣,cedict
frank and sincere,率真,cedict
childish and awkward,稚拙,cedict
to spy upon,窥伺,cedict
to charge,攻击,cedict
frost and dew,霜露,cedict
diagnosis and treatment,诊疗,cedict
bold and imaginative,天马行空,cedict
bold and powerful,勇猛,cedict
bold and unconstrained,豪放,cedict
bold and unrestrained,奔放,cedict
ideological and political education,思政,cedict
to attempt suicide,寻死,cedict
dragon and phoenix,龙凤,cedict
to flit across,掠过,cedict
to arouse deep feelings,触景生情,cedict
restrained and cautious,拘检,cedict
elbow and armpit,肘腋,cedict
splendid and powerful,波澜老成,cedict
to command respect,有脸,cedict
slim and graceful,袅娜,cedict
fickle and impatient,浮躁,cedict
calamity and chaos,祸乱,cedict
precious and uncommon,珍稀,cedict
custody and reeducation,收容教育,cedict
to express,名状,cedict
to express admiration,叹赏,cedict
to express fully,尽意,cedict
to express goodwill,示好,cedict
to express meaning,表意,cedict
to express thanks,称谢,cedict
rice and noodles,米面,cedict
seniority and prestige,资望,cedict
jackal and wolf,豺狼,cedict
fist and feet,拳脚,cedict
appetite and lust,食色,cedict
clouds and mist,云雾,cedict
mist and clouds,烟霭,cedict
to approach,上来,cedict
to approach gradually,渐近,cedict
spry and lively,翩跹,cedict
to step aside,挪开,cedict
to muddle along,瞎混,cedict
shrewd and ruthless,老辣,cedict
upright and outspoken,刚直,cedict
to suffer mental anguish,滚油煎心,cedict
cheerful and lively,有说有笑,cedict
lively and realistic,绘声绘色,cedict
to wriggle along,蜿蜒,cedict
to suffer an ignominious failure,倒栽葱,cedict
wicked and crafty,奸险,cedict
pine and cypress,松柏,cedict
to date,交往,cedict
vivid and realistic,活灵活现,cedict
embassy and consulate,使领馆,cedict
aching and weary,酸软,cedict
flora and fauna,动植物,cedict
riders tired and horses weary,人困马乏,cedict
rack and pinion,齿轮齿条,cedict
rack and pinion jack,齿条千斤顶,cedict
bathing and recreation center,洗浴中心,cedict
mandarin ducks and butterfly,鸳鸯蝴蝶,cedict
limp and numb,酥麻,cedict
to consume energy,耗能,cedict
singular and majestic,奇伟,cedict
abundant and prosperous,丰美,cedict
frank and spontaneous,爽当,cedict
arrogant and obstinate,桀骜不驯,cedict
to pull apart,拉开,cedict
drought and famine,荒旱,cedict
homeless and miserable,流离,cedict
inspiring and tragic,可歌可泣,cedict
moving and tragic,悲壮,cedict
kith and kin,亲朋好友,cedict
grief and indignation,悲愤,cedict
ignorant and stubborn,愚顽,cedict
rude and forthright,火辣,cedict
beard and mustache,胡髭,cedict
to seek mutual destruction,揽炒,cedict
winding and turning,曲里拐弯,cedict
ignorant and feeble,愚弱,cedict
crisp and tasty,爽脆,cedict
dim and dusky,杳冥,cedict
moist and glossy,水亮,cedict
haughty and arrogant,贡高我慢,cedict
adapted to human needs,人性化,cedict
coarse and vulgar,芜俚,cedict
aiding and abetting wicked deeds,藏污纳垢,cedict
hum and clatter,噶啷啷,cedict
valiant and formidable-looking,英姿飒爽,cedict
to collect overdue payment,讨账,cedict
arrogant and overbearing,气势凌人,cedict
faithful and upright,怦怦,cedict
stubborn and perverse,深闭固拒,cedict
upright and frank,堂堂正正,cedict
upright and honorable,清正,cedict
upright and outstanding,耿介,cedict
upright and plainspoken,刚正不阿,cedict
upright and unafraid,昂然,cedict
upright and unyielding,亢直,cedict
to ground,禁足,cedict
feces and urine,粪尿,cedict
urine and feces,便溺,cedict
indifferent and undisturbed,恬漠,cedict
weird and wonderful,古里古怪,cedict
to amble along,缓步,cedict
clumsy and incomprehensible,拙涩,cedict
gin and tonic,琴通宁,cedict
ashamed and resentful,羞愤,cedict
rude and unreasonable,蛮横,cedict
to focus attention,聚焦,cedict
unemployed and idle,无业闲散,cedict
to observe religious rites,拜祭,cedict
to fake death,诈死,cedict
to ponder upon,咂摸,cedict
limbs and trunk,肢体,cedict
cowherd and weaving maid,牛郎织女,cedict
to sound,测深,cedict
arrogant and bossy,颐指气使,cedict
arrogant and conceited,狂妄自大,cedict
arrogant and despotic,嚣张跋扈,cedict
arrogant and unbridled,狂恣,cedict
arrogant and willful,骄纵,cedict
ignorant and timid,愚懦,cedict
battered and exhausted,狼狈不堪,cedict
lightweight and portable,轻便,cedict
to dodder along,跌跌跄跄,cedict
eloquent and cunning,油嘴,cedict
to serve,事奉,cedict
to serve an apprenticeship,学徒,cedict
muddled and inferior,芜劣,cedict
suspicious and jealous,疑忌,cedict
to bound along,蹿跳,cedict
vicious and greedy,吃人不吐骨头,cedict
to describe,名状,cedict
honor and disgrace,荣辱,cedict
to collect alms,募化,cedict
preface and postscript,序跋,cedict
helmet and armor,胄甲,cedict
to dry clean,干洗,cedict
slick and sly,圆滑,cedict
to project,投影,cedict
diligent and attentive,勤恳,cedict
to seek pleasure,寻欢,cedict
to lament sb's death,哀悼,cedict
diligent and painstaking,勤谨,cedict
spoilt and naive,娇痴,cedict
saline and alkaline,盐碱,cedict
to lag behind,滞后,cedict
hustle and bustle,尘嚣,cedict
to collect,汇拢,cedict
to collect books,藏书,cedict
to collect donations,捐募,cedict
to collect scraps,拾荒,cedict
to collect words,收词,cedict
deceit and treachery,尔虞我诈,cedict
beautiful and tranquil,幽美,cedict
tranquil and comfortable,清恬,cedict
to vary,不一,cedict
to vary greatly,千差万别,cedict
to vary inversely,成反比,cedict
feeble-minded and senile,谬耄,cedict
tipsy and merry,酒酣耳热,cedict
onset and rime,首尾音,cedict
poetry and prose,辞章,cedict
to heave deep sighs,唉声叹气,cedict
solemn and respectful,肃穆,cedict
solemn and stirring,悲壮,cedict
tangible and intangible,有无,cedict
solitary and impoverished,孤苦伶仃,cedict
garlic shoots and leaves,青蒜,cedict
feeble and listless,病病歪歪,cedict
dancer's posture and movement,舞姿,cedict
to answer,作答,cedict
to answer correctly,答对,cedict
to answer evasively,答非所问,cedict
to answer questions,答疑,cedict
to answer smartly,应对如流,cedict
poplar and willow,杨柳,cedict
to binge-watch,刷剧,cedict
knowledgeable and versatile,识多才广,cedict
a good wife,贤内助,cedict
gratitude and grudges,恩怨,cedict
ignorant and backward,愚陋,cedict
ignorant and inexperienced,孤陋寡闻,cedict
ignorant and uneducated,童蒙,cedict
naughty and mischievous,顽劣,cedict
howling and pounding,潇潇,cedict
stubborn and obstreperous,顽劣,cedict
hale and hearty,矍铄,cedict
sinister and deceitful,险诈,cedict
pedantic and stubborn,迂执,cedict
to travel empty,放空,cedict
vividly colorful and fragrant,活色生香,cedict
immature and feeble,稚弱,cedict
tired and feeble,疲软,cedict
traitor and bandit,逆贼,cedict
durable and finely crafted,坚致,cedict
plumbing and electricity,水电,cedict
ruler and compass,尺规,cedict
ruler and compass construction,尺规作图,cedict
weapons and ammunition,军火,cedict
verbose and incomprehensible,哩哩罗罗,cedict
warp and woof,经纬,cedict
pork and scrambled eggs,木犀肉,cedict
to leak air,煞气,cedict
industrious and conscientious,勤勤恳恳,cedict
separation and reunion,离合,cedict
to exercise an option,行权,cedict
careless and rash,疏率,cedict
luan and phoenix,鸾凤,cedict
beautiful and intricate,绮靡,cedict
assiduous and painstaking,刻意求工,cedict
diligent and thrifty,勤俭节约,cedict
diligent and tireless,孜孜以求,cedict
to feign death,诈死,cedict
longitude and latitude,经纬,cedict
grotesque and variegated,光怪陆离,cedict
supremely honorable and righteous,义薄云天,cedict
to watch,察看,cedict
to watch helplessly,干瞪眼,cedict
to watch intently,迫视,cedict
to watch passively,看戏,cedict
to watch tv,收视,cedict
extortion and blackmail,敲诈勒索,cedict
extravagant and dissipated,骄奢淫逸,cedict
resolute and taciturn,刚毅木讷,cedict
populous and affluent,富庶,cedict
verdant and lush,葱茏,cedict
sparse and fragmentary,稀稀拉拉,cedict
to die,一命呜呼,cedict
to die suddenly,暴毙,cedict
to die tragically,惨死,cedict
desolate and lonely,离索,cedict
desolate and uninhabited,荒无人烟,cedict
somber and desolate,肃杀,cedict
serene and beautiful,恬美,cedict
to gain weight dramatically,暴胖,cedict
to lay bare,暴露,cedict
temperate and refined,风流蕴藉,cedict
fail to appreciate sb's kindness,不识抬举,cedict
carved railings and jade steps,雕栏玉砌,cedict
malicious and duplicitous,佛口蛇心,cedict
smug and conceited,飘飘然,cedict
poultry and livestock,禽畜,cedict
refined and courteous,彬彬有礼,cedict
timid and trembling,瑟缩,cedict
crafty and unruly,刁蛮,cedict
a nation's power,国力,cedict
lofty and unsullied,高洁,cedict
astrology and physiognomy,星相,cedict
pottery and porcelain,陶瓷,cedict
concise and forceful,短小精悍,cedict
concise and powerful wording,一字褒贬,cedict
to death,半死,cedict
skinny and shriveled,干瘦,cedict
frank and outspoken,心直口快,cedict
outspoken and frank,嘴快心直,cedict
dreary and fuzzy,凄迷,cedict
false wisdom and erroneous views,邪知邪见,cedict
bamboo and wooden slips,简牍,cedict
how a dish is prepared,吃法,cedict
wan and sallow,憔悴,cedict
froth and shadows,泡影,cedict
impartial and astute,平明,cedict
industrious and frugal,克勤克俭,cedict
dung and dirt,粪土,cedict
mediocre and incompetent,庸碌无能,cedict
sui  and tang dynasties,隋唐,cedict
considerate and caring,贴心贴肺,cedict
arduous and unrewarding undertaking,苦差,cedict
obstetrics and gynecology,孕产,cedict
frivolous and forgetful,马大哈,cedict
to demand,索取,cedict
to demand an explanation,责问,cedict
to demand bribes,索贿,cedict
to demand contributions,摊派,cedict
to demand details,讨底,cedict
to demand information,逼问,cedict
to demand payment,要钱,cedict
to demand perfection,求全责备,cedict
to demand repayment,要账,cedict
sparkling and translucent,晶莹,cedict
middleman and guarantor,中保,cedict
rations and fodder,粮草,cedict
acupuncture and moxibustion,砭灸术,cedict
illustrious and influential,闻达,cedict
mixed and disorganized,纷披,cedict
highly embellished and ineffectual,花拳绣腿,cedict
omniscient and omnipotent,全知全能,cedict
to suit sb's taste,对口,cedict
destitute and homeless,家破人亡,cedict
docile and obedient,百依百顺,cedict
attire and grooming,服仪,cedict
crafty and fawning,奸佞,cedict
crafty plots and machinations,阴谋诡计,cedict
looks and demeanor,容止,cedict
powerful and imposing demeanor,龙骧虎步,cedict
gray and venerable,耄耋,cedict
happiness and longevity,福寿,cedict
governance and education,理化,cedict
lies and slander,谗邪,cedict
insolent and conceited manners,狂态,cedict
according to custom,随俗,cedict
makeup and styling,妆造,cedict
mortise and tenon,卯榫,cedict
dejected and depressed,灰头土脸,cedict
convoluted and overelaborate,繁文缛节,cedict
allowed to marry,许嫁,cedict
to marry,于归,cedict
garish and beautiful,艳丽,cedict
auspicious and peaceful,祥和,cedict
fainting and giddy,头昏脑闷,cedict
bouncing and vivacious,蹦蹦跳跳,cedict
maxima and minima,极值,cedict
erudite and informed,博古通今,cedict
erudite and refined,彬蔚,cedict
hemp and ramie,麻苎,cedict
learned and erudite,博闻多识,cedict
flippant and insincere,油腔滑调,cedict
despicable and filthy,卑污,cedict
an incorrigible drunkard and lecher,沉湎酒色,cedict
hardworking and frugal,勤俭,cedict
surly and unreasoning,强横,cedict
overcast and rainy,阴雨,cedict
ovaries and testes,卵精巢,cedict
calligraphy and painting,字画,cedict
painting and calligraphy,书画,cedict
yin and yang,两仪,cedict
gray and loathsome,灰不喇唧,cedict
to eat plain rice,吃白饭,cedict
surprised and nonplussed,惊错,cedict
established and irrefutable,确凿不移,cedict
boorish and irascible,髝髞,cedict
venal and selfish behavior,损公肥私,cedict
verdant and luxuriant,苍郁,cedict
leisurely and verbose,冗散,cedict
verbose and rambling,废话连篇,cedict
split due to repeated folding,挠裂,cedict
breaded and fried cutlet,吉列,cedict
abstruse and unfathomable,艰深晦涩,cedict
corporeal and incorporeal,有无,cedict
awestruck and fearful,夔夔,cedict
sodom and gomorrah,所多玛与蛾摩拉,cedict
spendthrift and foolish,冤大头,cedict
ability and sagacity,才略,cedict
tweedledum and tweedledee,半斤八两,cedict
tricky and dissolute,油花,cedict
anime and manga,动漫,cedict
merits and demerits,功过,cedict
battledore and shuttlecock,板羽球,cedict
knowledgeable and perspicacious,博识多通,cedict
visionary and sagacious,远见卓识,cedict
capitals and lowercase letters,大小写,cedict
monstrous and multicolored,光怪陆离,cedict
ability and wisdom,才智,cedict
achievements and crimes,功罪,cedict
acting freely and irresponsibly,放羊,cedict
adults and children,大小,cedict
advantages and disadvantages,利害,cedict
adventurous and uncontrollable,心猿意马,cedict
affectionate and true,有情有义,cedict
aged and crumbling,衰朽,cedict
aggregation and dissipation,聚散,cedict
alcoholic and non-alcoholic beverages,酒水,cedict
altair and vega,牛郎织女,cedict
alternately soaring and plunging,忽高忽低,cedict
america and brazil,美巴,cedict
america and pakistan,美巴,cedict
america and panama,美巴,cedict
and poised,雍容,cedict
antigua and barbuda,安地卡及巴布达,cedict
anytime and anywhere,随时随地,cedict
apes and monkeys,猿猴,cedict
appearing and disappearing,时隐时现,cedict
arteries and veins,脉络,cedict
arts and crafts,工艺,cedict
arts and sciences,文理,cedict
backwards and forwards,往复,cedict
backwards and forwards action,往复运动,cedict
barefooted and barebreasted,徒裼,cedict
beautiful and alluring,美艳,cedict
beautiful and heartwarming,爽心悦目,cedict
beautiful and secluded,清幽,cedict
bedding and clothing,被服,cedict
behavior and appearance,品貌,cedict
beijing and guangdong,京广,cedict
beijing and shanghai,京沪,cedict
beijing and tianjin,京津,cedict
belching and retching counterflow,嗳气呕逆,cedict
benevolence and righteousness,仁义,cedict
binding and layout,装帧,cedict
birds and animals,禽兽,cedict
birds and beasts,鸟兽,cedict
bits and pieces,七零八碎,cedict
bones and ashes,骨烬,cedict
bosnia and herzegovina,波士尼亚与赫塞哥维纳,cedict
bossy and domineering,飞扬跋扈,cedict
boys and girls,少男少女,cedict
branches and knots,枝节,cedict
branches and tendrils,枝蔓,cedict
broken-hearted and weeping bitterly,涕泗滂沱,cedict
brothers and sisters,兄弟姐妹,cedict
brows and eyes,眉眼,cedict
brutal and unfeeling,惨无人道,cedict
bubbling and gurgling,沸沸扬扬,cedict
bumps and holes,凹凸,cedict
buried and concealed,潜藏,cedict
bushy and weedy,榛芜,cedict
businessmen and travelers,商旅,cedict
butterfield and swire,太古洋行,cedict
buyer and seller,二道贩子,cedict
cadres and masses,干群,cedict
calligrapher and painter,书画家,cedict
cambridge and oxford,牛桥,cedict
canoeing and kayaking,皮划艇,cedict
canoes and kayaks,皮划艇,cedict
carefully and neatly done,工整,cedict
carelessly and haphazardly,毛手毛脚,cedict
cartoons and comics,动漫,cedict
catastrophes and unnatural phenomena,天灾地孽,cedict
centipedes and millipedes,多足动物,cedict
chairs and stools,椅凳,cedict
chairs and tables,桌椅板凳,cedict
characters and numbers,字号,cedict
checks and balances,制衡,cedict
cheerful and lighthearted,欢快,cedict
cheerful and optimistic,高高兴兴,cedict
china and taiwan,中台,cedict
chosen and called,选召,cedict
cities and towns,城镇,cedict
clams and crabs,蛤蟹,cedict
clauses and sub-clauses,条目,cedict
claws and teeth,爪牙,cedict
clothing and personal adornment,服饰,cedict
collated and annotated,校释,cedict
colleges and universities,高等学校,cedict
color and luster,色泽,cedict
commentary and subcommentary,注疏,cedict
conferences and exhibitions,会议展览,cedict
confucius and mencius,孔孟,cedict
confused and disoriented,晕头转向,cedict
contributions and errors,功过,cedict
conventional reasoning and morals,常理,cedict
conventions and exhibitions,会展,cedict
cooling and heating,冷暖房,cedict
courageous and daring,敢打敢冲,cedict
cowardly and panicking,惊怯,cedict
cozy and comfortable,申申,cedict
creaking and grating,吱吱嘎嘎,cedict
creator and admin,群主,cedict
crisply and clearly,嘎然,cedict
crispy and tasty,脆爽,cedict
cultural and recreational activities,文康活动,cedict
debugging and commissioning,联调联试,cedict
demons and ghosts,魔怪,cedict
depressed and frustrated,郁卒,cedict
detailed and reliable,详实,cedict
detailed rules and regulations,细则,cedict
differences and similarities,异同,cedict
disappointed and frustrated,怅然,cedict
disappointed and unhappy,忽忽不乐,cedict
disordered and confusing,芜杂,cedict
disordered and fragmentary,凌杂米盐,cedict
dispersed and lost,散亡,cedict
distinguished and accomplished,风流,cedict
distressed and terrified,凄惶,cedict
disturbance and bloodshed,丧乱,cedict
doctors and nurses,医护,cedict
domestication and breeding,驯养繁殖,cedict
doubts and suspicions,疑团,cedict
dribs and drabs,点点滴滴,cedict
drifting and homeless,飘零,cedict
driver and conductor,司售人员,cedict
dyeing and weaving,染织,cedict
earnestly and sincerely,诚心实意,cedict
eating and drinking,饮食,cedict
edges and corners,边角,cedict
england and germany,英德,cedict
ethics and ability,德才,cedict
europe and asia,欧亚,cedict
experienced and careful,老到,cedict
experienced and knowledgeable,老成持重,cedict
extremely worried and troubled,寝食难安,cedict
eyebrows and eyelashes,眉睫,cedict
eyes and ears,耳目,cedict
factories and mines,厂矿,cedict
faster and faster,渐快,cedict
feelings and sensibilities,情面,cedict
fetters and handcuffs,镣铐,cedict
finances and taxes,财赋,cedict
fishermen and woodcutters,渔樵,cedict
fishing and hunting,渔猎,cedict
fishy and smelly,腥臭,cedict
flattering and fawning,阿谀奉承,cedict
flourishing and thriving,繁芜,cedict
flowers and plants,花卉,cedict
flowers and trees,花木,cedict
flustered and exasperated,气急败坏,cedict
fornication and insults,淫辱,cedict
fortresses and mountains,关山,cedict
freely and effortlessly,如臂使指,cedict
fujian and guangdong,闽粤,cedict
funerals and famines,丧荒,cedict
gains and losses,利害,cedict
galleries and pits,坑井,cedict
gaping and speechless,张口结舌,cedict
ghouls and bogies,魔怪,cedict
glistening and piercing,明邃,cedict
gods and buddhas,神佛,cedict
going smoothly and easily,得心应手,cedict
gongs and drums,锣鼓,cedict
government and education,政教,cedict
graceful and subdued,婉约,cedict
guangdong and kowloon,广九,cedict
guangdong and kowloon railway,广九铁路,cedict
guangnan and yanshan,广砚,cedict
habits and properties,习性,cedict
hands and feet,手足,cedict
hardships and perils,艰险,cedict
hardworking and enduring hardships,吃苦耐劳,cedict
harmonious and graceful,谐美,cedict
having likes and dislikes,偏食,cedict
hawks and hounds,鹰犬,cedict
healthy and beautiful,健美,cedict
healthy and carefree,爽健,cedict
helpless and disoriented,两眼一摸黑,cedict
hills and valleys,丘壑,cedict
historical sites and scenic spots,名胜古迹,cedict
hong kong and taiwan,港台,cedict
hourly and daily,每时每日,cedict
hubei and hunan provinces,湖广,cedict
hurried and confused,猖猖狂狂,cedict
imposing and beautiful,伟丽,cedict
inclinations and interests,情趣,cedict
india and pakistan,印巴,cedict
injuries and deaths,伤亡,cedict
injury and illness,伤病,cedict
inner and outer coffins,棺椁,cedict
ins and outs,本末,cedict
interesting and appealing,古色古香,cedict
intimacy and alienation,薄厚,cedict
inventions and innovations,发明创造,cedict
involved and tricky,绕绕,cedict
japan and korea,日朝,cedict
jiangsu and zhejiang,江浙,cedict
joyous and harmonious,其乐融融,cedict
joys and sorrows,悲欢离合,cedict
joys and tribulations,甘苦,cedict
judges and prosecutors,司法官,cedict
kitchens and bathrooms,厨卫,cedict
knotty and deeply-rooted difficulties,盘根错节,cedict
knowledgeable and experienced,博闻多识,cedict
korea and japan,韩日,cedict
labor and employer,劳雇,cedict
ladies and gentlemen,诸位,cedict
lakes and marshes,湖沼,cedict
lakes and ponds,薮泽,cedict
lanes and alleys,里弄,cedict
lanzhou and xinjiang,兰新,cedict
laws and decrees,律法,cedict
layout and graphics,美编,cedict
legs and feet,腿脚,cedict
leisurely and carefree,悠哉悠哉,cedict
leisurely and comfortable,闲适,cedict
lies and slanders,流言蜚语,cedict
likes and dislikes,喜恶,cedict
listening and speaking,听说,cedict
lost and found,失物认领,cedict
lots and lots,多多,cedict
maids and concubines,妾侍,cedict
mainland china and hong kong,陆港,cedict
marx and lenin,马列,cedict
materials and parts,料件,cedict
meanness and generosity,薄厚,cedict
men and horses,人马,cedict
mergers and acquisitions,兼并与收购,cedict
merits and achievements,功绩,cedict
merits and drawbacks,优劣,cedict
millions and millions,亿万,cedict
ministries and commissions,部委,cedict
mixed and disorderly,芜杂,cedict
monks and nuns,僧尼,cedict
mountains and rivers,山川,cedict
mountains and seas,山海,cedict
moved and inspired,感奋,cedict
movement and stillness,动静,cedict
muddled and limited,芜鄙,cedict
muscles and bones,筋骨,cedict
mysteriously and inexorably,冥冥之中,cedict
names and appearances,名相,cedict
natural and relaxed,大方,cedict
natural and unforced,行云流水,cedict
natural and unrestrained,落落大方,cedict
neighboring and allied,友邻,cedict
newspapers and periodicals,报刊,cedict
notes and commentary,诠注,cedict
odds and ends,散件,cedict
officers and men,官兵,cedict
officers and soldiers,官兵,cedict
oilfields and gasfields,油气田,cedict
older and younger,长幼,cedict
opening and closing ceremonies,开闭幕式,cedict
operations and maintenance,运维,cedict
orderly and logical,条畅,cedict
orphans and widows,孤寡,cedict
overconfident and conceited mannerisms,踶跂,cedict
pained and bewildered,凄迷,cedict
papers and books,书报,cedict
partings and reunions,悲欢离合,cedict
pavilions and kiosks,亭台楼阁,cedict
peaceful and carefree,安闲,cedict
peaceful and harmonious,静好,cedict
pearls and jades,珠玉,cedict
pedantic and impractical,迂儒,cedict
periods and commas,句读,cedict
physically and emotionally exhausted,身心俱疲,cedict
physically and mentally exhausted,力尽神危,cedict
pins and needles,戳刺感,cedict
pla commanders and fighters,指战员,cedict
plants and animals,动植物,cedict
plates and cups,盘碗,cedict
plowing and weeding,耕耘,cedict
political and economic,政经,cedict
political and government circles,政界,cedict
pornographic books and magazines,黄色书刊,cedict
positrons and electrons,正负电子,cedict
pouncing and falling,扑跌,cedict
prc and hong kong,中港,cedict
pregnancy and childbirth,孕产,cedict
princes and dukes,王公,cedict
printing and dyeing,印染,cedict
processing and curing,炮制,cedict
pros and cons,利害,cedict
prosecution and defense,原被告,cedict
prosperous and developing,兴旺发达,cedict
provinces and cities,省市,cedict
punching and kicking,拳脚,cedict
pushing and pulling,连拖带拉,cedict
qinghai and tibet,青藏,cedict
quickly and easily,三下五除二,cedict
quickly and effortlessly,三下两下,cedict
rambling and indistinct,哩哩啰啰,cedict
reading and writing,读写,cedict
rebels and traitors,乱臣贼子,cedict
regulations and restrictions,条条框框,cedict
reinforcing and reducing methods,补泻,cedict
relaxed and leisurely,啴啴,cedict
resentment and indignation,怨愤,cedict
residential and commercial,住商,cedict
reverent and respectful,毕恭毕敬,cedict
rewards and penalties,奖惩,cedict
riches and honor,富贵,cedict
ridgepole and beams,栋梁,cedict
riding and shooting,骑射,cedict
rising and falling,升降,cedict
rivers and canals,河渠,cedict
rivers and lakes,江湖,cedict
rivers and mountains,江山,cedict
rules and regulations,绳墨,cedict
rushed and muddled,忙乱,cedict
salty and unsalty,咸淡,cedict
savings deposits and loans,存贷款,cedict
scattered and fragmentary,零碎,cedict
scattered and smashed,支离破碎,cedict
seas and oceans,重洋,cedict
semifeudal and semicolonial,半封建半殖民地,cedict
sentences and phrases,句读,cedict
separately and exclusively,单另,cedict
serbia and montenegro,塞尔维亚和黑山,cedict
sewing and mending,缝缝连连,cedict
shaanxi and gansu provinces,陕甘,cedict
shanghai and nanjing,沪宁,cedict
shenzhen and hong kong,深港,cedict
shoes and socks,鞋袜,cedict
sichuan and tibet,川藏,cedict
singapore and malaysia,新马,cedict
singing and dancing,歌舞,cedict
skilled and reliable,稳练,cedict
sloping and uneven,陂陀,cedict
slower and slower,渐慢,cedict
sowing and reaping,稼穑,cedict
spinning and weaving,纺织,cedict
spirits and devils,神怪,cedict
stalactites and stalagmites,滴石,cedict
starving and freezing,饥寒交迫,cedict
statistical tables and reports,表报,cedict
stocks and bonds,证券,cedict
stopping and starting,时断时续,cedict
streets and alleys,街巷,cedict
strictly impartial and incorruptible,铁面无私,cedict
studying and teaching english,英语教学,cedict
suddenly and completely,幡然,cedict
sunny and cloudless,晴朗,cedict
surprised and admiring,惊赏,cedict
suspicious and fearful,惶惑,cedict
svalbard and jan mayen,斯瓦尔巴和扬马延,cedict
taiwan and mainland,两岸,cedict
takeoff and landing,起落,cedict
talking and laughing,有说有笑,cedict
tangled and complicated,错综复杂,cedict
teachers and students,师生,cedict
teaching and learning,传习,cedict
temples and pagodas,庙塔,cedict
tendons and muscles,筋络,cedict
tension and relaxation,张弛,cedict
thistles and thorns,荆棘,cedict
those injured and wounded,受害者,cedict
tiles and bricks,砖瓦,cedict
tired and exhausted,阑殚,cedict
tired and sleepy,惫倦,cedict
titles and honors,官爵,cedict
toadying and bullying,扒高踩低,cedict
towns and counties,市县,cedict
translator and editor,编译家,cedict
treacherous and murderous,阴险毒辣,cedict
trials and hardships,风雨,cedict
trials and tribulations,患难,cedict
tricky and complicated,七弯八拐,cedict
tricky and hypocritical,虚诈,cedict
tricky and inconstant,翻云覆雨,cedict
trinidad and tobago,千里达及托巴哥,cedict
troops and horses,兵马,cedict
turks and caicos islands,特克斯和凯科斯群岛,cedict
twisting and turning,七弯八拐,cedict
twists and turns,周折,cedict
typesetting and printing,排印,cedict
undecided and unclear,模棱,cedict
understanding and adaptable,识时通变,cedict
understanding and enjoying,赏析,cedict
uneasy and confused,惶惑,cedict
universities and colleges,高校,cedict
unregistered and operating illegally,野鸡,cedict
untold dangers and difficulties,艰难险阻,cedict
ups and downs,浮沉,cedict
urination and defecation,二便,cedict
us and canada,美加,cedict
us and eu,美欧,cedict
us and uk,美英,cedict
usa and germany,美德,cedict
vegetables and fruits,蔬果,cedict
vehicles and horses,车马,cedict
virtuous and talented,德才,cedict
virtuous companions and worthy friends,良朋益友,cedict
wallis and futuna,瓦利斯和富图纳,cedict
waxing and waning,圆缺,cedict
ways and means,路径,cedict
weapons and armor,戎甲,cedict
weddings and funerals,红白喜事,cedict
wei  and jin  dynasties,魏晋,cedict
willingly and gladly,甘心情愿,cedict
withered and fallen,零落,cedict
withered and rotten,枯朽,cedict
wives and concubines,妻妾,cedict
women and children,妇孺,cedict
women dancers and singers,燕赵,cedict
woods and marshes,林薮,cedict
woods and ravines,林壑,cedict
words and actions,言行,cedict
words and sentences,词句,cedict
words and thoughts,心口,cedict
workers and peasants,工农,cedict
wounded and captured,伤俘,cedict
yunnan and tibet,滇藏,cedict
zhuhai and macau,珠澳,cedict
to commit an offence,干案,cedict
to step forth,出面,cedict
to stage,上演,cedict
to propose,倡导,cedict
to propose marriage,提婚,cedict
to introduce,介绍,cedict
to introduce oneself,自报家门,cedict
to seek sympathy,讨拍,cedict
to cold shoulder,冷落,cedict
to manufacture counterfeit goods,制假,cedict
to attempt,企图,cedict
to attempt vainly,妄想,cedict
to lean forward,前倾,cedict
a small-minded person,斗筲之人,cedict
to acquire knowledge,长知识,cedict
to cease fire,休兵,cedict
to pull tight,拉紧,cedict
to extend credit,授信,cedict
to stay overnight,宿夜,cedict
to wait,俟候,cedict
to wait patiently,老等,cedict
to wait respectfully,恭候,cedict
unable to wait,急不可耐,cedict
to capture data,侧录,cedict
to capture data packets,抓包,cedict
to sense,侦测,cedict
to obliterate evidence,抹杀,cedict
to rush forward,锐进,cedict
to prepare an ambush,设伏,cedict
to copy-edit,编审,cedict
to choose an extract,节选,cedict
to fit sb's fancy,投其所好,cedict
to strike camp,拔营,cedict
to achieve,做到,cedict
to achieve enlightenment,参悟,cedict
to achieve speedy enlightenment,豁然开朗,cedict
to measure,丈量,cedict
to measure roughly,比量,cedict
to bend forward,探身子,cedict
to defend  rights,维权,cedict
to adopt an attitude,作势,cedict
to attract traffic online,引流,cedict
to suffer defeat,失利,cedict
to join an alliance,入联,cedict
to raise,上调,cedict
to raise  frugally,穷养,cedict
to raise  indulgently,富养,cedict
to raise animals,畜牧,cedict
to raise bees,养蜂,cedict
to raise eyebrows,侧目,cedict
to raise funds,敛钱,cedict
to raise resources,筹资,cedict
to raise silkworms,养蚕,cedict
to prepare,作好准备,cedict
to prepare meals,掌厨,cedict
to blow cold,吹冷风,cedict
to fire blank shots,放空炮,cedict
to fast-track,超拔,cedict
to pilfer food,偷吃,cedict
decline to comment,不置可否,cedict
food offerings to buddha,素筵,cedict
to rewarm food,回锅,cedict
to decrease internal heat,降火,cedict
to air,播出,cedict
to wash clean,洗净,cedict
to purchase goods,办货,cedict
to sign,具名,cedict
to sign an undertaking,具结,cedict
to gather news,采访,cedict
to notate music,记谱,cedict
to recognize talent,识才,cedict
to seek proof,求证,cedict
to invite trouble,引火烧身,cedict
to shed blood,流血,cedict
quite a while,半天,cedict
to improve,好起来,cedict
to suddenly improve,枯木逢春,cedict
to deliver goods,交货,cedict
to post bail,交保,cedict
to admit failure,死心,cedict
to press-gang,拉丁,cedict
to suffer sexual abuse,受虐,cedict
a good chance,良机,cedict
to unite,合一,cedict
to negotiate peace,议和,cedict
to supply,供养,cedict
to supply electricity,供电,cedict
to supply heating,供暖,cedict
to remove astringent taste,脱涩,cedict
to direct,主导,cedict
to direct troops,治军,cedict
to donate blood,供血,cedict
to list,列出,cedict
to list individually,点检,cedict
to list systematically,整理,cedict
to award,嘉奖,cedict
to award an honor,授勋,cedict
to award posthumously,追记,cedict
to posthumously award,追授,cedict
to shun evil influence,洁身自好,cedict
to suffer blame,挨批,cedict
to self-destruct,自毁,cedict
to ship goods,出货,cedict
to contain,内含,cedict
according to legend,相传,cedict
to seek shelter,容身,cedict
to contract,患有,cedict
to contract an illness,害病,cedict
to step,走步,cedict
to stay,下榻,cedict
to stay somewhere temporarily,停留,cedict
to separate flood,分洪,cedict
a grown man,大男人,cedict
a ladies man,唐璜,cedict
a manly man,大丈夫,cedict
to bear fruit,坐果,cedict
to thank,申谢,cedict
to thank profusely,烧高香,cedict
cannot compare to,比不了,cedict
to compare,对照,cedict
to compare oneself,自况,cedict
to lower salary,减俸,cedict
to press ctrl-alt-delete,开机,cedict
to spread fast,不翼而飞,cedict
to invest,入股,cedict
to render foreign words,译写,cedict
to arm,武装,cedict
to doubt,疑惑,cedict
to remove fat,脱脂,cedict
march to remote regions,远征,cedict
to eat meat,茹荤,cedict
to protect,保护,cedict
to protect buddha's teachings,护法,cedict
to suffer an alcohol-induced blackout,断片儿,cedict
to leap forward,跃进,cedict
to benefit,受惠,cedict
to benefit oneself,利己,cedict
to benefit others,利他,cedict
ability to judge,判断力,cedict
to judge,判定,cedict
to suck blood,吸血,cedict
to please,投合,cedict
to enter hell,赴阴曹,cedict
to obtain victory,决胜,cedict
to provoke angry exchange,撩是生非,cedict
to wish,想望,cedict
to enjoy leisure,休闲,cedict
to post,张贴,cedict
to post information,启事,cedict
a local person,当地居民,cedict
to fine tune,细调,cedict
to fund,出资,cedict
to seize property,扣押,cedict
to seek consensus,求同,cedict
gospel according to st john,约翰福音,cedict
gospel according to st luke,路加福音,cedict
gospel according to st matthew,玛窦福音,cedict
according to usage,沿用,cedict
to wonder,惊奇,cedict
to wonder secretly,打闷雷,cedict
a return call,回电,cedict
to kill,做掉,cedict
to kill  sadistically,虐杀,cedict
to kill germs,杀菌,cedict
to kill indiscriminately,滥杀,cedict
to kill mercilessly,惨杀,cedict
to kill oneself,自杀,cedict
to kill secretly,暗害,cedict
to mistakenly kill,误杀,cedict
to pound,悸动,cedict
to release breath,放气,cedict
to dog-ear,折角,cedict
to seek fame,出风头,cedict
to fire,免黜,cedict
to fire warning shots,鸣枪,cedict
area beside a road,沿路,cedict
to declare dutiable goods,报税,cedict
to worry oneself sick,急赤白脸,cedict
to publish,出版,cedict
to publish books,出书,cedict
to publish unaltered,照登,cedict
to farm,种田,cedict
fitting in with,配合,cedict
in accordance with,依着,cedict
in agreement with,同调,cedict
in collusion with,伙同,cedict
in coordination with,协同,cedict
to blow-dry,吹干,cedict
to seal inside,封装,cedict
to stride forward,迈进,cedict
to curl hair,卷发,cedict
specific to,具体到,cedict
to plant,安插,cedict
to plant trees,植树,cedict
to seek asylum,投奔,cedict
to lodge an appeal,抗诉,cedict
to demote an official,贬官,cedict
to dispel blood stasis,祛瘀,cedict
to fit,合于,cedict
to fail an exam,落第,cedict
to  press,推举,cedict
to press,催逼,cedict
to seize an opportunity,乘隙,cedict
to analyze data,判读,cedict
to exert influence,拿人,cedict
to transfuse blood,输血,cedict
to determine,下决心,cedict
diligently attending to official matters,宵衣旰食,cedict
to regard superciliously,傲视,cedict
to eat raw,生吃,cedict
a right angle,直角,cedict
to postpone military draft,缓征,cedict
a bit too,稍嫌,cedict
approximately equal to,约等于,cedict
equal to,一样,cedict
to equal,等于,cedict
to seek diversion,寻开心,cedict
yield-to-weight ratio,比威力,cedict
to join jade annuli,连璧,cedict
to crawl forward,匍匐前进,cedict
to admit defeat,服软,cedict
to surge forward,奔腾,cedict
having pretensions to culture,附庸风雅,cedict
to seek novelty,猎奇,cedict
to inspect goods,商检,cedict
to wash clothes,浣衣,cedict
to match  stride,齐步,cedict
to lay,安放,cedict
to lay bedding,铺床,cedict
to lay bricks,砌砖,cedict
to lay eggs,下蛋,cedict
to lay flowers,献花,cedict
to lay foundations,建基,cedict
to lay mines,布雷,cedict
to correct an error,改错,cedict
to admit an error,认错,cedict
to function,起作用,cedict
according to,依据,cedict
according to  reports,据报导,cedict
according to estimates,据估计,cedict
according to forecasts,据料,cedict
according to precedent,沿例,cedict
according to reports,据悉,cedict
according to standards,正经,cedict
according to statistics,据统计,cedict
to suppose,假定,cedict
to suppose correctly,料中,cedict
to load goods,配装,cedict
to fight,交战,cedict
to fight bitterly,死仗,cedict
to fight bravely,奋战,cedict
to fight counterfeiting,打假,cedict
to fight desperately,拼抢,cedict
to fight fiercely,激战,cedict
to fight lustily,酣战,cedict
to clearly indicate,明示,cedict
to indicate,指出,cedict
shoulder to shoulder,并肩,cedict
to choose,单挑,cedict
to drink,吸食,cedict
to drink excessively,纵酒,cedict
unpleasant to drink,难喝,cedict
to join,入盟,cedict
to join forces,合力,cedict
to join hands,手拉手,cedict
to acquire stock,进货,cedict
to attack,出击,cedict
to attack jointly,会攻,cedict
to attack murderously,下毒手,cedict
to attack publicly,点名羞辱,cedict
to attack viciously,痛斥,cedict
to attack violently,猛攻,cedict
to criss-cross,纵横驰骋,cedict
to cross,交叉,cedict
to cross lengthwise,纵贯,cedict
to cross paths regularly,抬头不见低头见,cedict
to cross swords,交锋,cedict
to cross transversally,横贯,cedict
to tear apart,撕扯,cedict
to clip hair,推头,cedict
to smile,微笑,cedict
to smile brightly,灿笑,cedict
to smile insincerely,皮笑肉不笑,cedict
to smile sweetly,嫣然一笑,cedict
to scheme,打算盘,cedict
due to,出乎,cedict
to idolize foreign things,崇洋,cedict
to define,下定义,cedict
to seek,征求,cedict
to seek compensation,求偿,cedict
to seek confirmation,求证,cedict
to seek conformity,求同,cedict
to seek employment,求职,cedict
to seek funding,找钱,cedict
to seek happiness elsewhere,另觅新欢,cedict
to seek survival,求生,cedict
to seek unpaid wages,讨薪,cedict
to avoid disaster,攘灾,cedict
to save,保住,cedict
to save electricity,省电,cedict
to save labor,省力,cedict
to thrust inside,督进去,cedict
object to appreciate,玩器,cedict
to arrive,传来,cedict
to arrive safely,安抵,cedict
to arrive simultaneously,并臻,cedict
to arrive slowly,姗姗来迟,cedict
to arrive suddenly,突如其来,cedict
to arrive unexpectably,不期而至,cedict
to identify,指认,cedict
to identify clearly,认准,cedict
to identify subcategories,分列,cedict
to maintain secrecy,保密,cedict
to lie idle,抛荒,cedict
to bill,开单,cedict
to randomly select,抽号,cedict
to select,勾选,cedict
to select courses,选课,cedict
to select talented individuals,选秀,cedict
to recognize,承认,cedict
to recognize fully,彻悟,cedict
to paint,涂抹,cedict
to vote,表决,cedict
to vote approval,可决,cedict
to generate heat,生热,cedict
to pack,包扎,cedict
to disclose inside information,透底,cedict
thanks to your lucky influence,托福,cedict
to influence,左右,cedict
to influence secretly,潜移默化,cedict
to finish an exam,考完,cedict
flag to attract departed spirits,招魂幡,cedict
to lie prone,俯卧,cedict
to examine minutely,追问,cedict
to fail,不及格,cedict
to fail miserably,阴沟里翻船,cedict
to observe,一睹,cedict
to observe carefully,细察,cedict
to observe personally,临视,cedict
to observe widowhood,守寡,cedict
to scrupulously observe,恪遵,cedict
to visually observe,目视,cedict
to commit suicide,寻短见,cedict
to occur,案发,cedict
to occur suddenly,突发,cedict
to occur unexpectedly,猝发,cedict
to arrange,备下,cedict
to arrange matters,操办,cedict
signal-to-noise ratio,信噪比,cedict
to lower,下调,cedict
to bound forward,蹿跳,cedict
to forward,传寄,cedict
to examine,品鉴,cedict
to examine carefully,细看,cedict
to examine closely,审察,cedict
to examine deeply,洞鉴,cedict
to examine finances,审计,cedict
to examine oneself,内观,cedict
to guide towards profitable outcome,顺导,cedict
to block sb's path,拦路,cedict
to commit insurance fraud,骗保,cedict
to avoid arousing suspicion,避嫌,cedict
to surprise,惊怖,cedict
to link,中介,cedict
to shoot an arrow,射箭,cedict
to fly upwards,飞升,cedict
half a life,半条命,cedict
to maintain,保全,cedict
to strictly maintain,严守,cedict
impossible to separate,择不开,cedict
to separate,乖离,cedict
to repay capital,还本,cedict
a family member,乡戚,cedict
to sleep lightly,惊醒,cedict
to suffer unspeakable misery,苦不堪言,cedict
to remove mud,脱泥,cedict
in exile as penal servitude,谪戍,cedict
to remove an organ,摘除,cedict
to cold brew,冷萃,cedict
to perm hair,烫头发,cedict
to obtain permission,获准,cedict
to announce sb's demise,报丧,cedict
to absorb oil,吃油,cedict
to fine,罚款,cedict
to savor fine writing,含英咀华,cedict
to strike,来袭,cedict
to strike treacherously,下毒手,cedict
to match,匹配,cedict
to match harmoniously,合璧,cedict
to travel,旅行,cedict
to travel downstream,下行,cedict
to travel extensively,走南闯北,cedict
to travel independently,自助游,cedict
to travel throughout,遍历,cedict
to travel widely,广游,cedict
a certain person,某人,cedict
extreme sorrow turns to joy,否极泰来,cedict
to minimize risk,避险,cedict
to lie prostrate,伏地,cedict
to march,行军,cedict
to lie fallow,休闲,cedict
to slow,放缓,cedict
to fish,打鱼,cedict
to deserve mention,说得上,cedict
to enjoy,享受,cedict
to enjoy fully,饱尝,cedict
to enjoy having guests,好客,cedict
to enjoy oneself quietly,自得其乐,cedict
to thoroughly enjoy oneself,尽欢,cedict
to lie supine,仰卧,cedict
to relieve cold,解寒,cedict
ratio seventy to thirty,三七开,cedict
to avoid evil,避恶,cedict
to avoid evil spirits,避邪,cedict
to suit,切合,cedict
to lie,位于,cedict
to lie motionless,躺尸,cedict
to lie scattered,散落,cedict
to wear mourning garb,戴孝,cedict
to augment lip volume,丰唇,cedict
without a second thought,想也没想,cedict
to disrupt cell walls,破壁,cedict
to freeze-dry,冻干,cedict
to fly solo,单飞,cedict
to wear,佩带,cedict
to wear shoes,蹑履,cedict
to concoct various items,巧立名目,cedict
to release an album,出辑,cedict
to eat,下箸,cedict
to eat grilled skewers,撸串,cedict
to eat indiscriminately,乱吃,cedict
to eat slowly,细嚼慢咽,cedict
to park,停放,cedict
to conserve heat,贮热,cedict
to reveal plot details,爆雷,cedict
to grant,准予,cedict
wing to wing,比翼,cedict
to urge peace,劝和,cedict
to fear,打怵,cedict
to pick,单挑,cedict
to pick flowers,采花,cedict
to pick pockets,扒窃,cedict
to rest,休息,cedict
to chop wood,砍树,cedict
to enter orbit,入轨,cedict
to catch,捉住,cedict
to catch an illness,染病,cedict
to catch onto,钩住,cedict
to contribute,供稿,cedict
to contribute funds,捐款,cedict
to manufacture medicine,制药,cedict
to oppose,作对,cedict
to oppose corruption,反腐败,cedict
to oppose smuggling,反走私,cedict
to oppose strongly,强烈反对,cedict
to abandon ship,弃船,cedict
to announce,布告,cedict
to announce publicly,告白,cedict
to announce reverentially,敬告,cedict
to taste tea,品茗,cedict
to suffer censure,挨斗,cedict
to commission,委托,cedict
to suffer paralysis,瘫痪,cedict
to finish,了结,cedict
to finish apprenticeship,出师,cedict
to finish eating,吃完,cedict
to finish shooting,停机,cedict
to finish writing,写完,cedict
to drop anchor,下锚,cedict
to suffer tedium,聊赖,cedict
to entail strenuous effort,吃力,cedict
to aim,照准,cedict
to assess,估定,cedict
to suffer hypothermia,失温,cedict
to appeal,上诉,cedict
to race dragon boats,赛龙舟,cedict
to wipe clean,擦拭,cedict
to tend,侍弄,cedict
to tend towards,趋于,cedict
to prove,说明,cedict
to roll steel,轧钢,cedict
to commit arson,放火,cedict
to pressure,施压,cedict
to suffer,受罪,cedict
to suffer beating,挨板子,cedict
to suffer blows,挨剋,cedict
to suffer false accusations,含冤,cedict
to suffer hardship,受苦,cedict
to suffer injustice,冤抑,cedict
to suffer losses,吃亏,cedict
to suffer repeatedly,屡遭,cedict
to suffer shrinkage,走漏,cedict
to suffer terribly,死去活来,cedict
to commit adultery,行淫,cedict
to burn fat,燃脂,cedict
to launch an enterprise,搭架子,cedict
to attend an opera,听戏,cedict
to push aside,排挤,cedict
to sleep naked,裸睡,cedict
to respect,信服,cedict
to respect deeply,敬重,cedict
to shoot,弹射,cedict
to shoot flames,喷火,cedict
to shoot oneself,饮弹,cedict
to recover lost territory,收复失地,cedict
to resist arrest,拒捕,cedict
to commit genocide,灭种,cedict
a scientific research group,科研小组,cedict
to rub clean,搓洗,cedict
to divert attention,转移视线,cedict
to commit sacrilege,亵渎神明,cedict
loan to agriculture,农贷,cedict
to brown-nose,舔屁股,cedict
to touch an elephant,摸象,cedict
to encourage,助威,cedict
to encourage honesty,养廉,cedict
to encourage licentiousness,诲淫,cedict
to encourage oneself,自勉,cedict
to attract,吸附,cedict
to attract customers,卖座,cedict
to attract metallic objects,磁吸,cedict
to strongly attract,迷住,cedict
to damage,打伤,cedict
to commit regicide,弑君,cedict
to remove ambiguity,消歧义,cedict
to smoke pot,飞叶子,cedict
to push lightly,扒拉,cedict
to commit matricide,弑母,cedict
to commit,说死,cedict
to commit an offense,得罪,cedict
to commit sins,造孽,cedict
to repeatedly commit an offense,累犯,cedict
to burn coal,烧煤,cedict
to split apart,分化,cedict
to construct,修建,cedict
to settle,了却,cedict
to settle accounts,交帐,cedict
to settle matters later,后账,cedict
to settle privately,私了,cedict
to remove harness,卸套,cedict
to appoint,任人,cedict
to overestimate sth's worth,认鸡作凤,cedict
to affect,影响,cedict
to affect adversely,贻误,cedict
